HIERARCHY
ROOT Hips
{
  OFFSET 0.000000 95.000000 0.000000
  CHANNELS 6 Xposition Yposition Zposition Zrotation Xrotation Yrotation
  JOINT Spine
  {
    OFFSET 0.000000 10.000000 0.000000
    CHANNELS 3 Zrotation Xrotation Yrotation
    JOINT Spine1
    {
      OFFSET 0.000000 12.000000 0.000000
      CHANNELS 3 Zrotation Xrotation Yrotation
      JOINT Spine2
      {
        OFFSET 0.000000 12.000000 0.000000
        CHANNELS 3 Zrotation Xrotation Yrotation
        JOINT Neck
        {
          OFFSET 0.000000 10.000000 0.000000
          CHANNELS 3 Zrotation Xrotation Yrotation
          JOINT Head
          {
            OFFSET 0.000000 8.000000 0.000000
            CHANNELS 3 Zrotation Xrotation Yrotation
            End Site
            {
              OFFSET 0.000000 10.000000 0.000000
            }
          }
        }
        JOINT LeftShoulder
        {
          OFFSET 6.000000 8.000000 0.000000
          CHANNELS 3 Zrotation Xrotation Yrotation
          JOINT LeftArm
          {
            OFFSET 12.000000 0.000000 0.000000
            CHANNELS 3 Zrotation Xrotation Yrotation
            JOINT LeftForeArm
            {
              OFFSET 24.000000 0.000000 0.000000
              CHANNELS 3 Zrotation Xrotation Yrotation
              JOINT LeftHand
              {
                OFFSET 22.000000 0.000000 0.000000
                CHANNELS 3 Zrotation Xrotation Yrotation
                JOINT LeftHandThumb1
                {
                  OFFSET 1.800000 -1.400000 0.500000
                  CHANNELS 3 Zrotation Xrotation Yrotation
                  JOINT LeftHandThumb2
                  {
                    OFFSET 2.400000 0.000000 0.000000
                    CHANNELS 3 Zrotation Xrotation Yrotation
                    JOINT LeftHandThumb3
                    {
                      OFFSET 1.900000 0.000000 0.000000
                      CHANNELS 3 Zrotation Xrotation Yrotation
                      End Site
                      {
                        OFFSET 1.600000 0.000000 0.000000
                      }
                    }
                  }
                }
                JOINT LeftHandIndex1
                {
                  OFFSET 6.600000 1.200000 0.300000
                  CHANNELS 3 Zrotation Xrotation Yrotation
                  JOINT LeftHandIndex2
                  {
                    OFFSET 2.000000 0.000000 0.000000
                    CHANNELS 3 Zrotation Xrotation Yrotation
                    JOINT LeftHandIndex3
                    {
                      OFFSET 1.200000 0.000000 0.000000
                      CHANNELS 3 Zrotation Xrotation Yrotation
                      End Site
                      {
                        OFFSET 1.000000 0.000000 0.000000
                      }
                    }
                  }
                }
                JOINT LeftHandMiddle1
                {
                  OFFSET 7.200000 0.000000 0.300000
                  CHANNELS 3 Zrotation Xrotation Yrotation
                  JOINT LeftHandMiddle2
                  {
                    OFFSET 3.000000 0.000000 0.000000
                    CHANNELS 3 Zrotation Xrotation Yrotation
                    JOINT LeftHandMiddle3
                    {
                      OFFSET 2.000000 0.000000 0.000000
                      CHANNELS 3 Zrotation Xrotation Yrotation
                      End Site
                      {
                        OFFSET 1.600000 0.000000 0.000000
                      }
                    }
                  }
                }
                JOINT LeftHandRing1
                {
                  OFFSET 7.100000 -1.000000 0.400000
                  CHANNELS 3 Zrotation Xrotation Yrotation
                  JOINT LeftHandRing2
                  {
                    OFFSET 2.600000 0.000000 0.000000
                    CHANNELS 3 Zrotation Xrotation Yrotation
                    JOINT LeftHandRing3
                    {
                      OFFSET 1.600000 0.000000 0.000000
                      CHANNELS 3 Zrotation Xrotation Yrotation
                      End Site
                      {
                        OFFSET 1.300000 0.000000 0.000000
                      }
                    }
                  }
                }
                JOINT LeftHandPinky1
                {
                  OFFSET 6.500000 -2.000000 0.500000
                  CHANNELS 3 Zrotation Xrotation Yrotation
                  JOINT LeftHandPinky2
                  {
                    OFFSET 1.900000 0.000000 0.000000
                    CHANNELS 3 Zrotation Xrotation Yrotation
                    JOINT LeftHandPinky3
                    {
                      OFFSET 1.400000 0.000000 0.000000
                      CHANNELS 3 Zrotation Xrotation Yrotation
                      End Site
                      {
                        OFFSET 1.300000 0.000000 0.000000
                      }
                    }
                  }
                }
              }
            }
          }
        }
        JOINT RightShoulder
        {
          OFFSET -6.000000 8.000000 0.000000
          CHANNELS 3 Zrotation Xrotation Yrotation
          JOINT RightArm
          {
            OFFSET -12.000000 0.000000 0.000000
            CHANNELS 3 Zrotation Xrotation Yrotation
            JOINT RightForeArm
            {
              OFFSET -24.000000 0.000000 0.000000
              CHANNELS 3 Zrotation Xrotation Yrotation
              JOINT RightHand
              {
                OFFSET -22.000000 0.000000 0.000000
                CHANNELS 3 Zrotation Xrotation Yrotation
                JOINT RightHandThumb1
                {
                  OFFSET -1.800000 -1.400000 0.500000
                  CHANNELS 3 Zrotation Xrotation Yrotation
                  JOINT RightHandThumb2
                  {
                    OFFSET -2.400000 0.000000 0.000000
                    CHANNELS 3 Zrotation Xrotation Yrotation
                    JOINT RightHandThumb3
                    {
                      OFFSET -1.900000 0.000000 0.000000
                      CHANNELS 3 Zrotation Xrotation Yrotation
                      End Site
                      {
                        OFFSET -1.600000 0.000000 0.000000
                      }
                    }
                  }
                }
                JOINT RightHandIndex1
                {
                  OFFSET -6.600000 1.200000 0.300000
                  CHANNELS 3 Zrotation Xrotation Yrotation
                  JOINT RightHandIndex2
                  {
                    OFFSET -2.000000 0.000000 0.000000
                    CHANNELS 3 Zrotation Xrotation Yrotation
                    JOINT RightHandIndex3
                    {
                      OFFSET -1.200000 0.000000 0.000000
                      CHANNELS 3 Zrotation Xrotation Yrotation
                      End Site
                      {
                        OFFSET -1.000000 0.000000 0.000000
                      }
                    }
                  }
                }
                JOINT RightHandMiddle1
                {
                  OFFSET -7.200000 0.000000 0.300000
                  CHANNELS 3 Zrotation Xrotation Yrotation
                  JOINT RightHandMiddle2
                  {
                    OFFSET -3.000000 0.000000 0.000000
                    CHANNELS 3 Zrotation Xrotation Yrotation
                    JOINT RightHandMiddle3
                    {
                      OFFSET -2.000000 0.000000 0.000000
                      CHANNELS 3 Zrotation Xrotation Yrotation
                      End Site
                      {
                        OFFSET -1.600000 0.000000 0.000000
                      }
                    }
                  }
                }
                JOINT RightHandRing1
                {
                  OFFSET -7.100000 -1.000000 0.400000
                  CHANNELS 3 Zrotation Xrotation Yrotation
                  JOINT RightHandRing2
                  {
                    OFFSET -2.600000 0.000000 0.000000
                    CHANNELS 3 Zrotation Xrotation Yrotation
                    JOINT RightHandRing3
                    {
                      OFFSET -1.600000 0.000000 0.000000
                      CHANNELS 3 Zrotation Xrotation Yrotation
                      End Site
                      {
                        OFFSET -1.300000 0.000000 0.000000
                      }
                    }
                  }
                }
                JOINT RightHandPinky1
                {
                  OFFSET -6.500000 -2.000000 0.500000
                  CHANNELS 3 Zrotation Xrotation Yrotation
                  JOINT RightHandPinky2
                  {
                    OFFSET -1.900000 0.000000 0.000000
                    CHANNELS 3 Zrotation Xrotation Yrotation
                    JOINT RightHandPinky3
                    {
                      OFFSET -1.400000 0.000000 0.000000
                      CHANNELS 3 Zrotation Xrotation Yrotation
                      End Site
                      {
                        OFFSET -1.300000 0.000000 0.000000
                      }
                    }
                  }
                }
              }
            }
          }
        }
      }
    }
  }
  JOINT LeftUpLeg
  {
    OFFSET 10.000000 -5.000000 0.000000
    CHANNELS 3 Zrotation Xrotation Yrotation
    JOINT LeftLeg
    {
      OFFSET 0.000000 -42.000000 0.000000
      CHANNELS 3 Zrotation Xrotation Yrotation
      JOINT LeftFoot
      {
        OFFSET 0.000000 -42.000000 4.000000
        CHANNELS 3 Zrotation Xrotation Yrotation
        End Site
        {
          OFFSET 0.000000 0.000000 12.000000
        }
      }
    }
  }
  JOINT RightUpLeg
  {
    OFFSET -10.000000 -5.000000 0.000000
    CHANNELS 3 Zrotation Xrotation Yrotation
    JOINT RightLeg
    {
      OFFSET 0.000000 -42.000000 0.000000
      CHANNELS 3 Zrotation Xrotation Yrotation
      JOINT RightFoot
      {
        OFFSET 0.000000 -42.000000 4.000000
        CHANNELS 3 Zrotation Xrotation Yrotation
        End Site
        {
          OFFSET 0.000000 0.000000 12.000000
        }
      }
    }
  }
}
MOTION
Frames: 741
Frame Time: 0.033333
0.0000 95.0000 0.0000 0.0000 0.0000 0.0000 0.0000 0.0000 0.0000 0.0000 0.0000 0.0000 0.0000 0.0000 0.0000 0.0000 0.0000 0.0000 0.0000 0.0000 0.0000 0.0000 0.0000 0.0000 -8.6052 -7.2306 -80.0462 4.4179 3.0537 3.7288 0.0000 0.0000 0.0000 0.0000 0.0000 0.0000 10.0000 0.0000 0.0000 10.0000 0.0000 0.0000 0.0000 0.0000 0.0000 20.0000 0.0000 0.0000 10.0000 0.0000 0.0000 0.0000 0.0000 0.0000 20.0000 0.0000 0.0000 10.0000 0.0000 0.0000 0.0000 0.0000 0.0000 20.0000 0.0000 0.0000 10.0000 0.0000 0.0000 0.0000 0.0000 0.0000 20.0000 0.0000 0.0000 10.0000 0.0000 0.0000 0.0000 0.0000 0.0000 44.1514 -14.8650 35.6619 -47.3636 23.6963 0.0908 0.0000 0.0000 0.0000 0.0000 0.0000 0.0000 10.0000 0.0000 0.0000 10.0000 0.0000 0.0000 0.0000 0.0000 0.0000 20.0000 0.0000 0.0000 10.0000 0.0000 0.0000 0.0000 0.0000 0.0000 20.0000 0.0000 0.0000 10.0000 0.0000 0.0000 0.0000 0.0000 0.0000 20.0000 0.0000 0.0000 10.0000 0.0000 0.0000 0.0000 0.0000 0.0000 20.0000 0.0000 0.0000 10.0000 0.0000 0.0000 0.0000 0.0000 0.0000 0.0000 0.0000 0.0000 0.0000 0.0000 0.0000 0.0000 0.0000 0.0000 0.0000 0.0000 0.0000 0.0000 0.0000 0.0000
0.0000 95.0000 0.0000 0.0000 0.0000 0.0000 0.0000 0.0000 0.0000 0.0000 0.0000 0.0000 0.0000 0.0000 0.0000 0.0000 0.0000 0.0000 0.0000 0.0000 0.0000 0.0000 0.0000 0.0000 -9.1075 -7.4991 -78.8977 5.2040 3.9760 1.8105 0.0000 0.0000 0.0000 0.0000 0.0000 0.0000 10.0000 0.0000 0.0000 10.0000 0.0000 0.0000 0.0000 0.0000 0.0000 20.0000 0.0000 0.0000 10.0000 0.0000 0.0000 0.0000 0.0000 0.0000 20.0000 0.0000 0.0000 10.0000 0.0000 0.0000 0.0000 0.0000 0.0000 20.0000 0.0000 0.0000 10.0000 0.0000 0.0000 0.0000 0.0000 0.0000 20.0000 0.0000 0.0000 10.0000 0.0000 0.0000 0.0000 0.0000 0.0000 48.5784 -9.6166 21.1170 -58.9749 9.8896 -6.9696 0.0000 0.0000 0.0000 0.0000 0.0000 0.0000 10.0000 0.0000 0.0000 10.0000 0.0000 0.0000 0.0000 0.0000 0.0000 20.0000 0.0000 0.0000 10.0000 0.0000 0.0000 0.0000 0.0000 0.0000 20.0000 0.0000 0.0000 10.0000 0.0000 0.0000 0.0000 0.0000 0.0000 20.0000 0.0000 0.0000 10.0000 0.0000 0.0000 0.0000 0.0000 0.0000 20.0000 0.0000 0.0000 10.0000 0.0000 0.0000 0.0000 0.0000 0.0000 0.0000 0.0000 0.0000 0.0000 0.0000 0.0000 0.0000 0.0000 0.0000 0.0000 0.0000 0.0000 0.0000 0.0000 0.0000
0.0000 95.0000 0.0000 0.0000 0.0000 0.0000 0.0000 0.0000 0.0000 0.0000 0.0000 0.0000 0.0000 0.0000 0.0000 0.0000 0.0000 0.0000 0.0000 0.0000 0.0000 0.0000 0.0000 0.0000 -9.8334 -7.9360 -77.7621 6.0603 4.5219 2.0241 0.0000 0.0000 0.0000 0.0000 0.0000 0.0000 10.0000 0.0000 0.0000 10.0000 0.0000 0.0000 0.0000 0.0000 0.0000 20.0000 0.0000 0.0000 10.0000 0.0000 0.0000 0.0000 0.0000 0.0000 20.0000 0.0000 0.0000 10.0000 0.0000 0.0000 0.0000 0.0000 0.0000 20.0000 0.0000 0.0000 10.0000 0.0000 0.0000 0.0000 0.0000 0.0000 20.0000 0.0000 0.0000 10.0000 0.0000 0.0000 0.0000 0.0000 0.0000 48.8971 -10.3206 22.4696 -56.8825 17.3785 -1.9010 0.0000 0.0000 0.0000 0.0000 0.0000 0.0000 10.0000 0.0000 0.0000 10.0000 0.0000 0.0000 0.0000 0.0000 0.0000 20.0000 0.0000 0.0000 10.0000 0.0000 0.0000 0.0000 0.0000 0.0000 20.0000 0.0000 0.0000 10.0000 0.0000 0.0000 0.0000 0.0000 0.0000 20.0000 0.0000 0.0000 10.0000 0.0000 0.0000 0.0000 0.0000 0.0000 20.0000 0.0000 0.0000 10.0000 0.0000 0.0000 0.0000 0.0000 0.0000 0.0000 0.0000 0.0000 0.0000 0.0000 0.0000 0.0000 0.0000 0.0000 0.0000 0.0000 0.0000 0.0000 0.0000 0.0000
0.0000 95.0000 0.0000 0.0000 0.0000 0.0000 0.0000 0.0000 0.0000 0.0000 0.0000 0.0000 0.0000 0.0000 0.0000 0.0000 0.0000 0.0000 0.0000 0.0000 0.0000 0.0000 0.0000 0.0000 -10.3994 -8.2655 -76.8990 6.7120 4.8883 2.3099 0.0000 0.0000 0.0000 0.0000 0.0000 0.0000 10.0000 0.0000 0.0000 10.0000 0.0000 0.0000 0.0000 0.0000 0.0000 20.0000 0.0000 0.0000 10.0000 0.0000 0.0000 0.0000 0.0000 0.0000 20.0000 0.0000 0.0000 10.0000 0.0000 0.0000 0.0000 0.0000 0.0000 20.0000 0.0000 0.0000 10.0000 0.0000 0.0000 0.0000 0.0000 0.0000 20.0000 0.0000 0.0000 10.0000 0.0000 0.0000 0.0000 0.0000 0.0000 48.7851 -11.1609 24.3190 -54.9590 20.9258 0.2450 0.0000 0.0000 0.0000 0.0000 0.0000 0.0000 10.0000 0.0000 0.0000 10.0000 0.0000 0.0000 0.0000 0.0000 0.0000 20.0000 0.0000 0.0000 10.0000 0.0000 0.0000 0.0000 0.0000 0.0000 20.0000 0.0000 0.0000 10.0000 0.0000 0.0000 0.0000 0.0000 0.0000 20.0000 0.0000 0.0000 10.0000 0.0000 0.0000 0.0000 0.0000 0.0000 20.0000 0.0000 0.0000 10.0000 0.0000 0.0000 0.0000 0.0000 0.0000 0.0000 0.0000 0.0000 0.0000 0.0000 0.0000 0.0000 0.0000 0.0000 0.0000 0.0000 0.0000 0.0000 0.0000 0.0000
0.0000 95.0000 0.0000 0.0000 0.0000 0.0000 0.0000 0.0000 0.0000 0.0000 0.0000 0.0000 0.0000 0.0000 0.0000 0.0000 0.0000 0.0000 0.0000 0.0000 0.0000 0.0000 0.0000 0.0000 -10.8110 -8.4664 -76.0672 7.2490 5.1732 2.5099 0.0000 0.0000 0.0000 0.0000 0.0000 0.0000 10.0000 0.0000 0.0000 10.0000 0.0000 0.0000 0.0000 0.0000 0.0000 20.0000 0.0000 0.0000 10.0000 0.0000 0.0000 0.0000 0.0000 0.0000 20.0000 0.0000 0.0000 10.0000 0.0000 0.0000 0.0000 0.0000 0.0000 20.0000 0.0000 0.0000 10.0000 0.0000 0.0000 0.0000 0.0000 0.0000 20.0000 0.0000 0.0000 10.0000 0.0000 0.0000 0.0000 0.0000 0.0000 48.8822 -11.5376 25.0647 -54.0609 22.6477 1.3991 0.0000 0.0000 0.0000 0.0000 0.0000 0.0000 10.0000 0.0000 0.0000 10.0000 0.0000 0.0000 0.0000 0.0000 0.0000 20.0000 0.0000 0.0000 10.0000 0.0000 0.0000 0.0000 0.0000 0.0000 20.0000 0.0000 0.0000 10.0000 0.0000 0.0000 0.0000 0.0000 0.0000 20.0000 0.0000 0.0000 10.0000 0.0000 0.0000 0.0000 0.0000 0.0000 20.0000 0.0000 0.0000 10.0000 0.0000 0.0000 0.0000 0.0000 0.0000 0.0000 0.0000 0.0000 0.0000 0.0000 0.0000 0.0000 0.0000 0.0000 0.0000 0.0000 0.0000 0.0000 0.0000 0.0000
0.0000 95.0000 0.0000 0.0000 0.0000 0.0000 0.0000 0.0000 0.0000 0.0000 0.0000 0.0000 0.0000 0.0000 0.0000 0.0000 0.0000 0.0000 0.0000 0.0000 0.0000 0.0000 0.0000 0.0000 -10.1258 -7.9185 -75.9953 6.2793 4.6212 1.6746 0.0000 0.0000 0.0000 0.0000 0.0000 0.0000 10.0000 0.0000 0.0000 10.0000 0.0000 0.0000 0.0000 0.0000 0.0000 20.0000 0.0000 0.0000 10.0000 0.0000 0.0000 0.0000 0.0000 0.0000 20.0000 0.0000 0.0000 10.0000 0.0000 0.0000 0.0000 0.0000 0.0000 20.0000 0.0000 0.0000 10.0000 0.0000 0.0000 0.0000 0.0000 0.0000 20.0000 0.0000 0.0000 10.0000 0.0000 0.0000 0.0000 0.0000 0.0000 49.9090 -10.0122 21.3212 -56.1753 21.0997 1.5989 0.0000 0.0000 0.0000 0.0000 0.0000 0.0000 10.0000 0.0000 0.0000 10.0000 0.0000 0.0000 0.0000 0.0000 0.0000 20.0000 0.0000 0.0000 10.0000 0.0000 0.0000 0.0000 0.0000 0.0000 20.0000 0.0000 0.0000 10.0000 0.0000 0.0000 0.0000 0.0000 0.0000 20.0000 0.0000 0.0000 10.0000 0.0000 0.0000 0.0000 0.0000 0.0000 20.0000 0.0000 0.0000 10.0000 0.0000 0.0000 0.0000 0.0000 0.0000 0.0000 0.0000 0.0000 0.0000 0.0000 0.0000 0.0000 0.0000 0.0000 0.0000 0.0000 0.0000 0.0000 0.0000 0.0000
0.0000 95.0000 0.0000 0.0000 0.0000 0.0000 0.0000 0.0000 0.0000 0.0000 0.0000 0.0000 0.0000 0.0000 0.0000 0.0000 0.0000 0.0000 0.0000 0.0000 0.0000 0.0000 0.0000 0.0000 -10.4648 -7.9908 -74.6660 6.8773 5.0729 1.2082 0.0000 0.0000 0.0000 0.0000 0.0000 0.0000 10.0000 0.0000 0.0000 10.0000 0.0000 0.0000 0.0000 0.0000 0.0000 20.0000 0.0000 0.0000 10.0000 0.0000 0.0000 0.0000 0.0000 0.0000 20.0000 0.0000 0.0000 10.0000 0.0000 0.0000 0.0000 0.0000 0.0000 20.0000 0.0000 0.0000 10.0000 0.0000 0.0000 0.0000 0.0000 0.0000 20.0000 0.0000 0.0000 10.0000 0.0000 0.0000 0.0000 0.0000 0.0000 50.5801 -6.0287 12.7190 -59.8162 12.2963 -0.0687 0.0000 0.0000 0.0000 0.0000 0.0000 0.0000 10.0000 0.0000 0.0000 10.0000 0.0000 0.0000 0.0000 0.0000 0.0000 20.0000 0.0000 0.0000 10.0000 0.0000 0.0000 0.0000 0.0000 0.0000 20.0000 0.0000 0.0000 10.0000 0.0000 0.0000 0.0000 0.0000 0.0000 20.0000 0.0000 0.0000 10.0000 0.0000 0.0000 0.0000 0.0000 0.0000 20.0000 0.0000 0.0000 10.0000 0.0000 0.0000 0.0000 0.0000 0.0000 0.0000 0.0000 0.0000 0.0000 0.0000 0.0000 0.0000 0.0000 0.0000 0.0000 0.0000 0.0000 0.0000 0.0000 0.0000
0.0000 95.0000 0.0000 0.0000 0.0000 0.0000 0.0000 0.0000 0.0000 0.0000 0.0000 0.0000 0.0000 0.0000 0.0000 0.0000 0.0000 0.0000 0.0000 0.0000 0.0000 0.0000 0.0000 0.0000 -10.5593 -7.8219 -72.9891 7.1360 4.6007 3.3632 0.0000 0.0000 0.0000 0.0000 0.0000 0.0000 10.0000 0.0000 0.0000 10.0000 0.0000 0.0000 0.0000 0.0000 0.0000 20.0000 0.0000 0.0000 10.0000 0.0000 0.0000 0.0000 0.0000 0.0000 20.0000 0.0000 0.0000 10.0000 0.0000 0.0000 0.0000 0.0000 0.0000 20.0000 0.0000 0.0000 10.0000 0.0000 0.0000 0.0000 0.0000 0.0000 20.0000 0.0000 0.0000 10.0000 0.0000 0.0000 0.0000 0.0000 0.0000 50.2125 -7.5289 15.9866 -57.2405 16.8302 1.6728 0.0000 0.0000 0.0000 0.0000 0.0000 0.0000 10.0000 0.0000 0.0000 10.0000 0.0000 0.0000 0.0000 0.0000 0.0000 20.0000 0.0000 0.0000 10.0000 0.0000 0.0000 0.0000 0.0000 0.0000 20.0000 0.0000 0.0000 10.0000 0.0000 0.0000 0.0000 0.0000 0.0000 20.0000 0.0000 0.0000 10.0000 0.0000 0.0000 0.0000 0.0000 0.0000 20.0000 0.0000 0.0000 10.0000 0.0000 0.0000 0.0000 0.0000 0.0000 0.0000 0.0000 0.0000 0.0000 0.0000 0.0000 0.0000 0.0000 0.0000 0.0000 0.0000 0.0000 0.0000 0.0000 0.0000
0.0000 95.0000 0.0000 0.0000 0.0000 0.0000 0.0000 0.0000 0.0000 0.0000 0.0000 0.0000 0.0000 0.0000 0.0000 0.0000 0.0000 0.0000 0.0000 0.0000 0.0000 0.0000 0.0000 0.0000 -10.3473 -7.7018 -73.2565 6.7625 4.6085 2.2771 0.0000 0.0000 0.0000 0.0000 0.0000 0.0000 10.0000 0.0000 0.0000 10.0000 0.0000 0.0000 0.0000 0.0000 0.0000 20.0000 0.0000 0.0000 10.0000 0.0000 0.0000 0.0000 0.0000 0.0000 20.0000 0.0000 0.0000 10.0000 0.0000 0.0000 0.0000 0.0000 0.0000 20.0000 0.0000 0.0000 10.0000 0.0000 0.0000 0.0000 0.0000 0.0000 20.0000 0.0000 0.0000 10.0000 0.0000 0.0000 0.0000 0.0000 0.0000 51.1686 -6.5959 13.7255 -58.3639 16.7728 2.6188 0.0000 0.0000 0.0000 0.0000 0.0000 0.0000 10.0000 0.0000 0.0000 10.0000 0.0000 0.0000 0.0000 0.0000 0.0000 20.0000 0.0000 0.0000 10.0000 0.0000 0.0000 0.0000 0.0000 0.0000 20.0000 0.0000 0.0000 10.0000 0.0000 0.0000 0.0000 0.0000 0.0000 20.0000 0.0000 0.0000 10.0000 0.0000 0.0000 0.0000 0.0000 0.0000 20.0000 0.0000 0.0000 10.0000 0.0000 0.0000 0.0000 0.0000 0.0000 0.0000 0.0000 0.0000 0.0000 0.0000 0.0000 0.0000 0.0000 0.0000 0.0000 0.0000 0.0000 0.0000 0.0000 0.0000
0.0000 95.0000 0.0000 0.0000 0.0000 0.0000 0.0000 0.0000 0.0000 0.0000 0.0000 0.0000 0.0000 0.0000 0.0000 0.0000 0.0000 0.0000 0.0000 0.0000 0.0000 0.0000 0.0000 0.0000 -10.0204 -7.5832 -74.1746 5.9198 4.6672 -0.4656 0.0000 0.0000 0.0000 0.0000 0.0000 0.0000 10.0000 0.0000 0.0000 10.0000 0.0000 0.0000 0.0000 0.0000 0.0000 20.0000 0.0000 0.0000 10.0000 0.0000 0.0000 0.0000 0.0000 0.0000 20.0000 0.0000 0.0000 10.0000 0.0000 0.0000 0.0000 0.0000 0.0000 20.0000 0.0000 0.0000 10.0000 0.0000 0.0000 0.0000 0.0000 0.0000 20.0000 0.0000 0.0000 10.0000 0.0000 0.0000 0.0000 0.0000 0.0000 50.8447 -1.3116 2.7590 -61.4576 1.3972 -0.9427 0.0000 0.0000 0.0000 0.0000 0.0000 0.0000 10.0000 0.0000 0.0000 10.0000 0.0000 0.0000 0.0000 0.0000 0.0000 20.0000 0.0000 0.0000 10.0000 0.0000 0.0000 0.0000 0.0000 0.0000 20.0000 0.0000 0.0000 10.0000 0.0000 0.0000 0.0000 0.0000 0.0000 20.0000 0.0000 0.0000 10.0000 0.0000 0.0000 0.0000 0.0000 0.0000 20.0000 0.0000 0.0000 10.0000 0.0000 0.0000 0.0000 0.0000 0.0000 0.0000 0.0000 0.0000 0.0000 0.0000 0.0000 0.0000 0.0000 0.0000 0.0000 0.0000 0.0000 0.0000 0.0000 0.0000
0.0000 95.0000 0.0000 0.0000 0.0000 0.0000 0.0000 0.0000 0.0000 0.0000 0.0000 0.0000 0.0000 0.0000 0.0000 0.0000 0.0000 0.0000 0.0000 0.0000 0.0000 0.0000 0.0000 0.0000 -10.5544 -7.7441 -72.4656 6.2240 5.0368 -1.6355 0.0000 0.0000 0.0000 0.0000 0.0000 0.0000 10.0000 0.0000 0.0000 10.0000 0.0000 0.0000 0.0000 0.0000 0.0000 20.0000 0.0000 0.0000 10.0000 0.0000 0.0000 0.0000 0.0000 0.0000 20.0000 0.0000 0.0000 10.0000 0.0000 0.0000 0.0000 0.0000 0.0000 20.0000 0.0000 0.0000 10.0000 0.0000 0.0000 0.0000 0.0000 0.0000 20.0000 0.0000 0.0000 10.0000 0.0000 0.0000 0.0000 0.0000 0.0000 49.0556 2.8757 -6.2971 -59.1679 -6.2142 -0.2688 0.0000 0.0000 0.0000 0.0000 0.0000 0.0000 10.0000 0.0000 0.0000 10.0000 0.0000 0.0000 0.0000 0.0000 0.0000 20.0000 0.0000 0.0000 10.0000 0.0000 0.0000 0.0000 0.0000 0.0000 20.0000 0.0000 0.0000 10.0000 0.0000 0.0000 0.0000 0.0000 0.0000 20.0000 0.0000 0.0000 10.0000 0.0000 0.0000 0.0000 0.0000 0.0000 20.0000 0.0000 0.0000 10.0000 0.0000 0.0000 0.0000 0.0000 0.0000 0.0000 0.0000 0.0000 0.0000 0.0000 0.0000 0.0000 0.0000 0.0000 0.0000 0.0000 0.0000 0.0000 0.0000 0.0000
0.0000 95.0000 0.0000 0.0000 0.0000 0.0000 0.0000 0.0000 0.0000 0.0000 0.0000 0.0000 0.0000 0.0000 0.0000 0.0000 0.0000 0.0000 0.0000 0.0000 0.0000 0.0000 0.0000 0.0000 -11.5970 -7.8906 -68.3646 7.0509 4.9313 -0.0907 0.0000 0.0000 0.0000 0.0000 0.0000 0.0000 10.0000 0.0000 0.0000 10.0000 0.0000 0.0000 0.0000 0.0000 0.0000 20.0000 0.0000 0.0000 10.0000 0.0000 0.0000 0.0000 0.0000 0.0000 20.0000 0.0000 0.0000 10.0000 0.0000 0.0000 0.0000 0.0000 0.0000 20.0000 0.0000 0.0000 10.0000 0.0000 0.0000 0.0000 0.0000 0.0000 20.0000 0.0000 0.0000 10.0000 0.0000 0.0000 0.0000 0.0000 0.0000 47.3136 2.6280 -5.9946 -56.5307 7.6716 9.9593 0.0000 0.0000 0.0000 0.0000 0.0000 0.0000 10.0000 0.0000 0.0000 10.0000 0.0000 0.0000 0.0000 0.0000 0.0000 20.0000 0.0000 0.0000 10.0000 0.0000 0.0000 0.0000 0.0000 0.0000 20.0000 0.0000 0.0000 10.0000 0.0000 0.0000 0.0000 0.0000 0.0000 20.0000 0.0000 0.0000 10.0000 0.0000 0.0000 0.0000 0.0000 0.0000 20.0000 0.0000 0.0000 10.0000 0.0000 0.0000 0.0000 0.0000 0.0000 0.0000 0.0000 0.0000 0.0000 0.0000 0.0000 0.0000 0.0000 0.0000 0.0000 0.0000 0.0000 0.0000 0.0000 0.0000
0.0000 95.0000 0.0000 0.0000 0.0000 0.0000 0.0000 0.0000 0.0000 0.0000 0.0000 0.0000 0.0000 0.0000 0.0000 0.0000 0.0000 0.0000 0.0000 0.0000 0.0000 0.0000 0.0000 0.0000 -10.4843 -7.3450 -69.9517 5.3735 4.4920 -3.0948 0.0000 0.0000 0.0000 0.0000 0.0000 0.0000 10.0000 0.0000 0.0000 10.0000 0.0000 0.0000 0.0000 0.0000 0.0000 20.0000 0.0000 0.0000 10.0000 0.0000 0.0000 0.0000 0.0000 0.0000 20.0000 0.0000 0.0000 10.0000 0.0000 0.0000 0.0000 0.0000 0.0000 20.0000 0.0000 0.0000 10.0000 0.0000 0.0000 0.0000 0.0000 0.0000 20.0000 0.0000 0.0000 10.0000 0.0000 0.0000 0.0000 0.0000 0.0000 45.2012 7.0766 -16.8980 -56.6151 11.9467 20.9070 0.0000 0.0000 0.0000 0.0000 0.0000 0.0000 10.0000 0.0000 0.0000 10.0000 0.0000 0.0000 0.0000 0.0000 0.0000 20.0000 0.0000 0.0000 10.0000 0.0000 0.0000 0.0000 0.0000 0.0000 20.0000 0.0000 0.0000 10.0000 0.0000 0.0000 0.0000 0.0000 0.0000 20.0000 0.0000 0.0000 10.0000 0.0000 0.0000 0.0000 0.0000 0.0000 20.0000 0.0000 0.0000 10.0000 0.0000 0.0000 0.0000 0.0000 0.0000 0.0000 0.0000 0.0000 0.0000 0.0000 0.0000 0.0000 0.0000 0.0000 0.0000 0.0000 0.0000 0.0000 0.0000 0.0000
0.0000 95.0000 0.0000 0.0000 0.0000 0.0000 0.0000 0.0000 0.0000 0.0000 0.0000 0.0000 0.0000 0.0000 0.0000 0.0000 0.0000 0.0000 0.0000 0.0000 0.0000 0.0000 0.0000 0.0000 -10.0648 -7.1707 -70.8675 4.6651 4.0096 -3.1597 0.0000 0.0000 0.0000 0.0000 0.0000 0.0000 10.0000 0.0000 0.0000 10.0000 0.0000 0.0000 0.0000 0.0000 0.0000 20.0000 0.0000 0.0000 10.0000 0.0000 0.0000 0.0000 0.0000 0.0000 20.0000 0.0000 0.0000 10.0000 0.0000 0.0000 0.0000 0.0000 0.0000 20.0000 0.0000 0.0000 10.0000 0.0000 0.0000 0.0000 0.0000 0.0000 20.0000 0.0000 0.0000 10.0000 0.0000 0.0000 0.0000 0.0000 0.0000 45.3966 6.9599 -16.5441 -56.8377 11.7886 20.4880 0.0000 0.0000 0.0000 0.0000 0.0000 0.0000 10.0000 0.0000 0.0000 10.0000 0.0000 0.0000 0.0000 0.0000 0.0000 20.0000 0.0000 0.0000 10.0000 0.0000 0.0000 0.0000 0.0000 0.0000 20.0000 0.0000 0.0000 10.0000 0.0000 0.0000 0.0000 0.0000 0.0000 20.0000 0.0000 0.0000 10.0000 0.0000 0.0000 0.0000 0.0000 0.0000 20.0000 0.0000 0.0000 10.0000 0.0000 0.0000 0.0000 0.0000 0.0000 0.0000 0.0000 0.0000 0.0000 0.0000 0.0000 0.0000 0.0000 0.0000 0.0000 0.0000 0.0000 0.0000 0.0000 0.0000
0.0000 95.0000 0.0000 0.0000 0.0000 0.0000 0.0000 0.0000 0.0000 0.0000 0.0000 0.0000 0.0000 0.0000 0.0000 0.0000 0.0000 0.0000 0.0000 0.0000 0.0000 0.0000 0.0000 0.0000 -9.8521 -7.0527 -71.1297 4.0755 3.5834 -3.2793 0.0000 0.0000 0.0000 0.0000 0.0000 0.0000 10.0000 0.0000 0.0000 10.0000 0.0000 0.0000 0.0000 0.0000 0.0000 20.0000 0.0000 0.0000 10.0000 0.0000 0.0000 0.0000 0.0000 0.0000 20.0000 0.0000 0.0000 10.0000 0.0000 0.0000 0.0000 0.0000 0.0000 20.0000 0.0000 0.0000 10.0000 0.0000 0.0000 0.0000 0.0000 0.0000 20.0000 0.0000 0.0000 10.0000 0.0000 0.0000 0.0000 0.0000 0.0000 45.7975 6.4979 -15.3083 -57.3334 11.2793 19.1464 0.0000 0.0000 0.0000 0.0000 0.0000 0.0000 10.0000 0.0000 0.0000 10.0000 0.0000 0.0000 0.0000 0.0000 0.0000 20.0000 0.0000 0.0000 10.0000 0.0000 0.0000 0.0000 0.0000 0.0000 20.0000 0.0000 0.0000 10.0000 0.0000 0.0000 0.0000 0.0000 0.0000 20.0000 0.0000 0.0000 10.0000 0.0000 0.0000 0.0000 0.0000 0.0000 20.0000 0.0000 0.0000 10.0000 0.0000 0.0000 0.0000 0.0000 0.0000 0.0000 0.0000 0.0000 0.0000 0.0000 0.0000 0.0000 0.0000 0.0000 0.0000 0.0000 0.0000 0.0000 0.0000 0.0000
0.0000 95.0000 0.0000 0.0000 0.0000 0.0000 0.0000 0.0000 0.0000 0.0000 0.0000 0.0000 0.0000 0.0000 0.0000 0.0000 0.0000 0.0000 0.0000 0.0000 0.0000 0.0000 0.0000 0.0000 -9.7918 -6.9814 -70.9115 3.5587 3.1984 -3.4463 0.0000 0.0000 0.0000 0.0000 0.0000 0.0000 10.0000 0.0000 0.0000 10.0000 0.0000 0.0000 0.0000 0.0000 0.0000 20.0000 0.0000 0.0000 10.0000 0.0000 0.0000 0.0000 0.0000 0.0000 20.0000 0.0000 0.0000 10.0000 0.0000 0.0000 0.0000 0.0000 0.0000 20.0000 0.0000 0.0000 10.0000 0.0000 0.0000 0.0000 0.0000 0.0000 20.0000 0.0000 0.0000 10.0000 0.0000 0.0000 0.0000 0.0000 0.0000 46.3872 5.8647 -13.6348 -57.8615 10.6050 17.3578 0.0000 0.0000 0.0000 0.0000 0.0000 0.0000 10.0000 0.0000 0.0000 10.0000 0.0000 0.0000 0.0000 0.0000 0.0000 20.0000 0.0000 0.0000 10.0000 0.0000 0.0000 0.0000 0.0000 0.0000 20.0000 0.0000 0.0000 10.0000 0.0000 0.0000 0.0000 0.0000 0.0000 20.0000 0.0000 0.0000 10.0000 0.0000 0.0000 0.0000 0.0000 0.0000 20.0000 0.0000 0.0000 10.0000 0.0000 0.0000 0.0000 0.0000 0.0000 0.0000 0.0000 0.0000 0.0000 0.0000 0.0000 0.0000 0.0000 0.0000 0.0000 0.0000 0.0000 0.0000 0.0000 0.0000
0.0000 95.0000 0.0000 0.0000 0.0000 0.0000 0.0000 0.0000 0.0000 0.0000 0.0000 0.0000 0.0000 0.0000 0.0000 0.0000 0.0000 0.0000 0.0000 0.0000 0.0000 0.0000 0.0000 0.0000 -9.8391 -6.9402 -70.3289 3.0838 2.8450 -3.6709 0.0000 0.0000 0.0000 0.0000 0.0000 0.0000 10.0000 0.0000 0.0000 10.0000 0.0000 0.0000 0.0000 0.0000 0.0000 20.0000 0.0000 0.0000 10.0000 0.0000 0.0000 0.0000 0.0000 0.0000 20.0000 0.0000 0.0000 10.0000 0.0000 0.0000 0.0000 0.0000 0.0000 20.0000 0.0000 0.0000 10.0000 0.0000 0.0000 0.0000 0.0000 0.0000 20.0000 0.0000 0.0000 10.0000 0.0000 0.0000 0.0000 0.0000 0.0000 47.0392 5.1397 -11.7757 -58.3171 9.8481 15.3941 0.0000 0.0000 0.0000 0.0000 0.0000 0.0000 10.0000 0.0000 0.0000 10.0000 0.0000 0.0000 0.0000 0.0000 0.0000 20.0000 0.0000 0.0000 10.0000 0.0000 0.0000 0.0000 0.0000 0.0000 20.0000 0.0000 0.0000 10.0000 0.0000 0.0000 0.0000 0.0000 0.0000 20.0000 0.0000 0.0000 10.0000 0.0000 0.0000 0.0000 0.0000 0.0000 20.0000 0.0000 0.0000 10.0000 0.0000 0.0000 0.0000 0.0000 0.0000 0.0000 0.0000 0.0000 0.0000 0.0000 0.0000 0.0000 0.0000 0.0000 0.0000 0.0000 0.0000 0.0000 0.0000 0.0000
0.0000 95.0000 0.0000 0.0000 0.0000 0.0000 0.0000 0.0000 0.0000 0.0000 0.0000 0.0000 0.0000 0.0000 0.0000 0.0000 0.0000 0.0000 0.0000 0.0000 0.0000 0.0000 0.0000 0.0000 -9.9617 -6.9148 -69.4612 2.6289 2.5106 -3.9329 0.0000 0.0000 0.0000 0.0000 0.0000 0.0000 10.0000 0.0000 0.0000 10.0000 0.0000 0.0000 0.0000 0.0000 0.0000 20.0000 0.0000 0.0000 10.0000 0.0000 0.0000 0.0000 0.0000 0.0000 20.0000 0.0000 0.0000 10.0000 0.0000 0.0000 0.0000 0.0000 0.0000 20.0000 0.0000 0.0000 10.0000 0.0000 0.0000 0.0000 0.0000 0.0000 20.0000 0.0000 0.0000 10.0000 0.0000 0.0000 0.0000 0.0000 0.0000 47.7185 4.2950 -9.6922 -59.0483 -4.2355 3.3653 0.0000 0.0000 0.0000 0.0000 0.0000 0.0000 10.0000 0.0000 0.0000 10.0000 0.0000 0.0000 0.0000 0.0000 0.0000 20.0000 0.0000 0.0000 10.0000 0.0000 0.0000 0.0000 0.0000 0.0000 20.0000 0.0000 0.0000 10.0000 0.0000 0.0000 0.0000 0.0000 0.0000 20.0000 0.0000 0.0000 10.0000 0.0000 0.0000 0.0000 0.0000 0.0000 20.0000 0.0000 0.0000 10.0000 0.0000 0.0000 0.0000 0.0000 0.0000 0.0000 0.0000 0.0000 0.0000 0.0000 0.0000 0.0000 0.0000 0.0000 0.0000 0.0000 0.0000 0.0000 0.0000 0.0000
0.0000 95.0000 0.0000 0.0000 0.0000 0.0000 0.0000 0.0000 0.0000 0.0000 0.0000 0.0000 0.0000 0.0000 0.0000 0.0000 0.0000 0.0000 0.0000 0.0000 0.0000 0.0000 0.0000 0.0000 -10.1472 -6.8983 -68.3424 2.1489 2.1467 -4.1136 0.0000 0.0000 0.0000 0.0000 0.0000 0.0000 10.0000 0.0000 0.0000 10.0000 0.0000 0.0000 0.0000 0.0000 0.0000 20.0000 0.0000 0.0000 10.0000 0.0000 0.0000 0.0000 0.0000 0.0000 20.0000 0.0000 0.0000 10.0000 0.0000 0.0000 0.0000 0.0000 0.0000 20.0000 0.0000 0.0000 10.0000 0.0000 0.0000 0.0000 0.0000 0.0000 20.0000 0.0000 0.0000 10.0000 0.0000 0.0000 0.0000 0.0000 0.0000 48.4383 3.1355 -6.9638 -59.4659 -1.0512 3.9175 0.0000 0.0000 0.0000 0.0000 0.0000 0.0000 10.0000 0.0000 0.0000 10.0000 0.0000 0.0000 0.0000 0.0000 0.0000 20.0000 0.0000 0.0000 10.0000 0.0000 0.0000 0.0000 0.0000 0.0000 20.0000 0.0000 0.0000 10.0000 0.0000 0.0000 0.0000 0.0000 0.0000 20.0000 0.0000 0.0000 10.0000 0.0000 0.0000 0.0000 0.0000 0.0000 20.0000 0.0000 0.0000 10.0000 0.0000 0.0000 0.0000 0.0000 0.0000 0.0000 0.0000 0.0000 0.0000 0.0000 0.0000 0.0000 0.0000 0.0000 0.0000 0.0000 0.0000 0.0000 0.0000 0.0000
0.0000 95.0000 0.0000 0.0000 0.0000 0.0000 0.0000 0.0000 0.0000 0.0000 0.0000 0.0000 0.0000 0.0000 0.0000 0.0000 0.0000 0.0000 0.0000 0.0000 0.0000 0.0000 0.0000 0.0000 -10.4001 -6.8888 -66.9582 1.6391 1.7614 -4.2391 0.0000 0.0000 0.0000 0.0000 0.0000 0.0000 10.0000 0.0000 0.0000 10.0000 0.0000 0.0000 0.0000 0.0000 0.0000 20.0000 0.0000 0.0000 10.0000 0.0000 0.0000 0.0000 0.0000 0.0000 20.0000 0.0000 0.0000 10.0000 0.0000 0.0000 0.0000 0.0000 0.0000 20.0000 0.0000 0.0000 10.0000 0.0000 0.0000 0.0000 0.0000 0.0000 20.0000 0.0000 0.0000 10.0000 0.0000 0.0000 0.0000 0.0000 0.0000 49.1017 1.7047 -3.7308 -59.5649 3.0576 4.7025 0.0000 0.0000 0.0000 0.0000 0.0000 0.0000 10.0000 0.0000 0.0000 10.0000 0.0000 0.0000 0.0000 0.0000 0.0000 20.0000 0.0000 0.0000 10.0000 0.0000 0.0000 0.0000 0.0000 0.0000 20.0000 0.0000 0.0000 10.0000 0.0000 0.0000 0.0000 0.0000 0.0000 20.0000 0.0000 0.0000 10.0000 0.0000 0.0000 0.0000 0.0000 0.0000 20.0000 0.0000 0.0000 10.0000 0.0000 0.0000 0.0000 0.0000 0.0000 0.0000 0.0000 0.0000 0.0000 0.0000 0.0000 0.0000 0.0000 0.0000 0.0000 0.0000 0.0000 0.0000 0.0000 0.0000
0.0000 95.0000 0.0000 0.0000 0.0000 0.0000 0.0000 0.0000 0.0000 0.0000 0.0000 0.0000 0.0000 0.0000 0.0000 0.0000 0.0000 0.0000 0.0000 0.0000 0.0000 0.0000 0.0000 0.0000 -10.7130 -6.8784 -65.3159 1.0838 1.3488 -4.2942 0.0000 0.0000 0.0000 0.0000 0.0000 0.0000 10.0000 0.0000 0.0000 10.0000 0.0000 0.0000 0.0000 0.0000 0.0000 20.0000 0.0000 0.0000 10.0000 0.0000 0.0000 0.0000 0.0000 0.0000 20.0000 0.0000 0.0000 10.0000 0.0000 0.0000 0.0000 0.0000 0.0000 20.0000 0.0000 0.0000 10.0000 0.0000 0.0000 0.0000 0.0000 0.0000 20.0000 0.0000 0.0000 10.0000 0.0000 0.0000 0.0000 0.0000 0.0000 49.6238 0.0666 -0.1441 -59.1607 7.6136 5.5530 0.0000 0.0000 0.0000 0.0000 0.0000 0.0000 10.0000 0.0000 0.0000 10.0000 0.0000 0.0000 0.0000 0.0000 0.0000 20.0000 0.0000 0.0000 10.0000 0.0000 0.0000 0.0000 0.0000 0.0000 20.0000 0.0000 0.0000 10.0000 0.0000 0.0000 0.0000 0.0000 0.0000 20.0000 0.0000 0.0000 10.0000 0.0000 0.0000 0.0000 0.0000 0.0000 20.0000 0.0000 0.0000 10.0000 0.0000 0.0000 0.0000 0.0000 0.0000 0.0000 0.0000 0.0000 0.0000 0.0000 0.0000 0.0000 0.0000 0.0000 0.0000 0.0000 0.0000 0.0000 0.0000 0.0000
0.0000 95.0000 0.0000 0.0000 0.0000 0.0000 0.0000 0.0000 0.0000 0.0000 0.0000 0.0000 0.0000 0.0000 0.0000 0.0000 0.0000 0.0000 0.0000 0.0000 0.0000 0.0000 0.0000 0.0000 -11.0782 -6.8581 -63.4215 0.4697 0.9068 -4.2638 0.0000 0.0000 0.0000 0.0000 0.0000 0.0000 10.0000 0.0000 0.0000 10.0000 0.0000 0.0000 0.0000 0.0000 0.0000 20.0000 0.0000 0.0000 10.0000 0.0000 0.0000 0.0000 0.0000 0.0000 20.0000 0.0000 0.0000 10.0000 0.0000 0.0000 0.0000 0.0000 0.0000 20.0000 0.0000 0.0000 10.0000 0.0000 0.0000 0.0000 0.0000 0.0000 20.0000 0.0000 0.0000 10.0000 0.0000 0.0000 0.0000 0.0000 0.0000 49.9510 -1.7058 3.6613 -58.1977 12.1219 6.3494 0.0000 0.0000 0.0000 0.0000 0.0000 0.0000 10.0000 0.0000 0.0000 10.0000 0.0000 0.0000 0.0000 0.0000 0.0000 20.0000 0.0000 0.0000 10.0000 0.0000 0.0000 0.0000 0.0000 0.0000 20.0000 0.0000 0.0000 10.0000 0.0000 0.0000 0.0000 0.0000 0.0000 20.0000 0.0000 0.0000 10.0000 0.0000 0.0000 0.0000 0.0000 0.0000 20.0000 0.0000 0.0000 10.0000 0.0000 0.0000 0.0000 0.0000 0.0000 0.0000 0.0000 0.0000 0.0000 0.0000 0.0000 0.0000 0.0000 0.0000 0.0000 0.0000 0.0000 0.0000 0.0000 0.0000
0.0000 95.0000 0.0000 0.0000 0.0000 0.0000 0.0000 0.0000 0.0000 0.0000 0.0000 0.0000 0.0000 0.0000 0.0000 0.0000 0.0000 0.0000 0.0000 0.0000 0.0000 0.0000 0.0000 0.0000 -11.4870 -6.8190 -61.2799 -0.2141 0.4365 -4.1304 0.0000 0.0000 0.0000 0.0000 0.0000 0.0000 10.0000 0.0000 0.0000 10.0000 0.0000 0.0000 0.0000 0.0000 0.0000 20.0000 0.0000 0.0000 10.0000 0.0000 0.0000 0.0000 0.0000 0.0000 20.0000 0.0000 0.0000 10.0000 0.0000 0.0000 0.0000 0.0000 0.0000 20.0000 0.0000 0.0000 10.0000 0.0000 0.0000 0.0000 0.0000 0.0000 20.0000 0.0000 0.0000 10.0000 0.0000 0.0000 0.0000 0.0000 0.0000 50.0502 -3.5422 7.5790 -56.7260 16.2091 7.0335 0.0000 0.0000 0.0000 0.0000 0.0000 0.0000 10.0000 0.0000 0.0000 10.0000 0.0000 0.0000 0.0000 0.0000 0.0000 20.0000 0.0000 0.0000 10.0000 0.0000 0.0000 0.0000 0.0000 0.0000 20.0000 0.0000 0.0000 10.0000 0.0000 0.0000 0.0000 0.0000 0.0000 20.0000 0.0000 0.0000 10.0000 0.0000 0.0000 0.0000 0.0000 0.0000 20.0000 0.0000 0.0000 10.0000 0.0000 0.0000 0.0000 0.0000 0.0000 0.0000 0.0000 0.0000 0.0000 0.0000 0.0000 0.0000 0.0000 0.0000 0.0000 0.0000 0.0000 0.0000 0.0000 0.0000
0.0000 95.0000 0.0000 0.0000 0.0000 0.0000 0.0000 0.0000 0.0000 0.0000 0.0000 0.0000 0.0000 0.0000 0.0000 0.0000 0.0000 0.0000 0.0000 0.0000 0.0000 0.0000 0.0000 0.0000 -11.9308 -6.7523 -58.8952 -0.9775 -0.0585 -3.8707 0.0000 0.0000 0.0000 0.0000 0.0000 0.0000 10.0000 0.0000 0.0000 10.0000 0.0000 0.0000 0.0000 0.0000 0.0000 20.0000 0.0000 0.0000 10.0000 0.0000 0.0000 0.0000 0.0000 0.0000 20.0000 0.0000 0.0000 10.0000 0.0000 0.0000 0.0000 0.0000 0.0000 20.0000 0.0000 0.0000 10.0000 0.0000 0.0000 0.0000 0.0000 0.0000 20.0000 0.0000 0.0000 10.0000 0.0000 0.0000 0.0000 0.0000 0.0000 49.9092 -5.3805 11.5319 -54.8530 19.6738 7.5926 0.0000 0.0000 0.0000 0.0000 0.0000 0.0000 10.0000 0.0000 0.0000 10.0000 0.0000 0.0000 0.0000 0.0000 0.0000 20.0000 0.0000 0.0000 10.0000 0.0000 0.0000 0.0000 0.0000 0.0000 20.0000 0.0000 0.0000 10.0000 0.0000 0.0000 0.0000 0.0000 0.0000 20.0000 0.0000 0.0000 10.0000 0.0000 0.0000 0.0000 0.0000 0.0000 20.0000 0.0000 0.0000 10.0000 0.0000 0.0000 0.0000 0.0000 0.0000 0.0000 0.0000 0.0000 0.0000 0.0000 0.0000 0.0000 0.0000 0.0000 0.0000 0.0000 0.0000 0.0000 0.0000 0.0000
0.0000 95.0000 0.0000 0.0000 0.0000 0.0000 0.0000 0.0000 0.0000 0.0000 0.0000 0.0000 0.0000 0.0000 0.0000 0.0000 0.0000 0.0000 0.0000 0.0000 0.0000 0.0000 0.0000 0.0000 -12.4003 -6.6495 -56.2706 -1.8291 -0.5720 -3.4535 0.0000 0.0000 0.0000 0.0000 0.0000 0.0000 10.0000 0.0000 0.0000 10.0000 0.0000 0.0000 0.0000 0.0000 0.0000 20.0000 0.0000 0.0000 10.0000 0.0000 0.0000 0.0000 0.0000 0.0000 20.0000 0.0000 0.0000 10.0000 0.0000 0.0000 0.0000 0.0000 0.0000 20.0000 0.0000 0.0000 10.0000 0.0000 0.0000 0.0000 0.0000 0.0000 20.0000 0.0000 0.0000 10.0000 0.0000 0.0000 0.0000 0.0000 0.0000 49.5326 -7.1702 15.4674 -52.6988 22.4556 8.0355 0.0000 0.0000 0.0000 0.0000 0.0000 0.0000 10.0000 0.0000 0.0000 10.0000 0.0000 0.0000 0.0000 0.0000 0.0000 20.0000 0.0000 0.0000 10.0000 0.0000 0.0000 0.0000 0.0000 0.0000 20.0000 0.0000 0.0000 10.0000 0.0000 0.0000 0.0000 0.0000 0.0000 20.0000 0.0000 0.0000 10.0000 0.0000 0.0000 0.0000 0.0000 0.0000 20.0000 0.0000 0.0000 10.0000 0.0000 0.0000 0.0000 0.0000 0.0000 0.0000 0.0000 0.0000 0.0000 0.0000 0.0000 0.0000 0.0000 0.0000 0.0000 0.0000 0.0000 0.0000 0.0000 0.0000
0.0000 95.0000 0.0000 0.0000 0.0000 0.0000 0.0000 0.0000 0.0000 0.0000 0.0000 0.0000 0.0000 0.0000 0.0000 0.0000 0.0000 0.0000 0.0000 0.0000 0.0000 0.0000 0.0000 0.0000 -12.8857 -6.5026 -53.4091 -2.7754 -1.0945 -2.8395 0.0000 0.0000 0.0000 0.0000 0.0000 0.0000 10.0000 0.0000 0.0000 10.0000 0.0000 0.0000 0.0000 0.0000 0.0000 20.0000 0.0000 0.0000 10.0000 0.0000 0.0000 0.0000 0.0000 0.0000 20.0000 0.0000 0.0000 10.0000 0.0000 0.0000 0.0000 0.0000 0.0000 20.0000 0.0000 0.0000 10.0000 0.0000 0.0000 0.0000 0.0000 0.0000 20.0000 0.0000 0.0000 10.0000 0.0000 0.0000 0.0000 0.0000 0.0000 48.9353 -8.8721 19.3501 -50.3724 24.5807 8.3756 0.0000 0.0000 0.0000 0.0000 0.0000 0.0000 10.0000 0.0000 0.0000 10.0000 0.0000 0.0000 0.0000 0.0000 0.0000 20.0000 0.0000 0.0000 10.0000 0.0000 0.0000 0.0000 0.0000 0.0000 20.0000 0.0000 0.0000 10.0000 0.0000 0.0000 0.0000 0.0000 0.0000 20.0000 0.0000 0.0000 10.0000 0.0000 0.0000 0.0000 0.0000 0.0000 20.0000 0.0000 0.0000 10.0000 0.0000 0.0000 0.0000 0.0000 0.0000 0.0000 0.0000 0.0000 0.0000 0.0000 0.0000 0.0000 0.0000 0.0000 0.0000 0.0000 0.0000 0.0000 0.0000 0.0000
0.0000 95.0000 0.0000 0.0000 0.0000 0.0000 0.0000 0.0000 0.0000 0.0000 0.0000 0.0000 0.0000 0.0000 0.0000 0.0000 0.0000 0.0000 0.0000 0.0000 0.0000 0.0000 0.0000 0.0000 -13.3759 -6.3047 -50.3168 -3.8200 -1.6123 -1.9800 0.0000 0.0000 0.0000 0.0000 0.0000 0.0000 10.0000 0.0000 0.0000 10.0000 0.0000 0.0000 0.0000 0.0000 0.0000 20.0000 0.0000 0.0000 10.0000 0.0000 0.0000 0.0000 0.0000 0.0000 20.0000 0.0000 0.0000 10.0000 0.0000 0.0000 0.0000 0.0000 0.0000 20.0000 0.0000 0.0000 10.0000 0.0000 0.0000 0.0000 0.0000 0.0000 20.0000 0.0000 0.0000 10.0000 0.0000 0.0000 0.0000 0.0000 0.0000 48.1394 -10.4574 23.1559 -47.9634 26.1170 8.6247 0.0000 0.0000 0.0000 0.0000 0.0000 0.0000 10.0000 0.0000 0.0000 10.0000 0.0000 0.0000 0.0000 0.0000 0.0000 20.0000 0.0000 0.0000 10.0000 0.0000 0.0000 0.0000 0.0000 0.0000 20.0000 0.0000 0.0000 10.0000 0.0000 0.0000 0.0000 0.0000 0.0000 20.0000 0.0000 0.0000 10.0000 0.0000 0.0000 0.0000 0.0000 0.0000 20.0000 0.0000 0.0000 10.0000 0.0000 0.0000 0.0000 0.0000 0.0000 0.0000 0.0000 0.0000 0.0000 0.0000 0.0000 0.0000 0.0000 0.0000 0.0000 0.0000 0.0000 0.0000 0.0000 0.0000
0.0000 95.0000 0.0000 0.0000 0.0000 0.0000 0.0000 0.0000 0.0000 0.0000 0.0000 0.0000 0.0000 0.0000 0.0000 0.0000 0.0000 0.0000 0.0000 0.0000 0.0000 0.0000 0.0000 0.0000 -13.8596 -6.0501 -46.9988 -4.9594 -2.1051 -0.8256 0.0000 0.0000 0.0000 0.0000 0.0000 0.0000 10.0000 0.0000 0.0000 10.0000 0.0000 0.0000 0.0000 0.0000 0.0000 20.0000 0.0000 0.0000 10.0000 0.0000 0.0000 0.0000 0.0000 0.0000 20.0000 0.0000 0.0000 10.0000 0.0000 0.0000 0.0000 0.0000 0.0000 20.0000 0.0000 0.0000 10.0000 0.0000 0.0000 0.0000 0.0000 0.0000 20.0000 0.0000 0.0000 10.0000 0.0000 0.0000 0.0000 0.0000 0.0000 47.1705 -11.9065 26.8672 -45.5411 27.1468 8.7914 0.0000 0.0000 0.0000 0.0000 0.0000 0.0000 10.0000 0.0000 0.0000 10.0000 0.0000 0.0000 0.0000 0.0000 0.0000 20.0000 0.0000 0.0000 10.0000 0.0000 0.0000 0.0000 0.0000 0.0000 20.0000 0.0000 0.0000 10.0000 0.0000 0.0000 0.0000 0.0000 0.0000 20.0000 0.0000 0.0000 10.0000 0.0000 0.0000 0.0000 0.0000 0.0000 20.0000 0.0000 0.0000 10.0000 0.0000 0.0000 0.0000 0.0000 0.0000 0.0000 0.0000 0.0000 0.0000 0.0000 0.0000 0.0000 0.0000 0.0000 0.0000 0.0000 0.0000 0.0000 0.0000 0.0000
0.0000 95.0000 0.0000 0.0000 0.0000 0.0000 0.0000 0.0000 0.0000 0.0000 0.0000 0.0000 0.0000 0.0000 0.0000 0.0000 0.0000 0.0000 0.0000 0.0000 0.0000 0.0000 0.0000 0.0000 -14.3245 -5.7347 -43.4632 -6.1803 -2.5460 0.6687 0.0000 0.0000 0.0000 0.0000 0.0000 0.0000 10.0000 0.0000 0.0000 10.0000 0.0000 0.0000 0.0000 0.0000 0.0000 20.0000 0.0000 0.0000 10.0000 0.0000 0.0000 0.0000 0.0000 0.0000 20.0000 0.0000 0.0000 10.0000 0.0000 0.0000 0.0000 0.0000 0.0000 20.0000 0.0000 0.0000 10.0000 0.0000 0.0000 0.0000 0.0000 0.0000 20.0000 0.0000 0.0000 10.0000 0.0000 0.0000 0.0000 0.0000 0.0000 46.0564 -13.2069 30.4704 -43.1564 27.7528 8.8833 0.0000 0.0000 0.0000 0.0000 0.0000 0.0000 10.0000 0.0000 0.0000 10.0000 0.0000 0.0000 0.0000 0.0000 0.0000 20.0000 0.0000 0.0000 10.0000 0.0000 0.0000 0.0000 0.0000 0.0000 20.0000 0.0000 0.0000 10.0000 0.0000 0.0000 0.0000 0.0000 0.0000 20.0000 0.0000 0.0000 10.0000 0.0000 0.0000 0.0000 0.0000 0.0000 20.0000 0.0000 0.0000 10.0000 0.0000 0.0000 0.0000 0.0000 0.0000 0.0000 0.0000 0.0000 0.0000 0.0000 0.0000 0.0000 0.0000 0.0000 0.0000 0.0000 0.0000 0.0000 0.0000 0.0000
0.0000 95.0000 0.0000 0.0000 0.0000 0.0000 0.0000 0.0000 0.0000 0.0000 0.0000 0.0000 0.0000 0.0000 0.0000 0.0000 0.0000 0.0000 0.0000 0.0000 0.0000 0.0000 0.0000 0.0000 -14.7573 -5.3565 -39.7225 -7.4550 -2.9026 2.5319 0.0000 0.0000 0.0000 0.0000 0.0000 0.0000 10.0000 0.0000 0.0000 10.0000 0.0000 0.0000 0.0000 0.0000 0.0000 20.0000 0.0000 0.0000 10.0000 0.0000 0.0000 0.0000 0.0000 0.0000 20.0000 0.0000 0.0000 10.0000 0.0000 0.0000 0.0000 0.0000 0.0000 20.0000 0.0000 0.0000 10.0000 0.0000 0.0000 0.0000 0.0000 0.0000 20.0000 0.0000 0.0000 10.0000 0.0000 0.0000 0.0000 0.0000 0.0000 44.8255 -14.3528 33.9538 -40.8445 28.0118 8.9078 0.0000 0.0000 0.0000 0.0000 0.0000 0.0000 10.0000 0.0000 0.0000 10.0000 0.0000 0.0000 0.0000 0.0000 0.0000 20.0000 0.0000 0.0000 10.0000 0.0000 0.0000 0.0000 0.0000 0.0000 20.0000 0.0000 0.0000 10.0000 0.0000 0.0000 0.0000 0.0000 0.0000 20.0000 0.0000 0.0000 10.0000 0.0000 0.0000 0.0000 0.0000 0.0000 20.0000 0.0000 0.0000 10.0000 0.0000 0.0000 0.0000 0.0000 0.0000 0.0000 0.0000 0.0000 0.0000 0.0000 0.0000 0.0000 0.0000 0.0000 0.0000 0.0000 0.0000 0.0000 0.0000 0.0000
0.0000 95.0000 0.0000 0.0000 0.0000 0.0000 0.0000 0.0000 0.0000 0.0000 0.0000 0.0000 0.0000 0.0000 0.0000 0.0000 0.0000 0.0000 0.0000 0.0000 0.0000 0.0000 0.0000 0.0000 -15.1440 -4.9163 -35.7951 -8.7386 -3.1404 4.7624 0.0000 0.0000 0.0000 0.0000 0.0000 0.0000 10.0000 0.0000 0.0000 10.0000 0.0000 0.0000 0.0000 0.0000 0.0000 20.0000 0.0000 0.0000 10.0000 0.0000 0.0000 0.0000 0.0000 0.0000 20.0000 0.0000 0.0000 10.0000 0.0000 0.0000 0.0000 0.0000 0.0000 20.0000 0.0000 0.0000 10.0000 0.0000 0.0000 0.0000 0.0000 0.0000 20.0000 0.0000 0.0000 10.0000 0.0000 0.0000 0.0000 0.0000 0.0000 43.5058 -15.3434 37.3077 -38.6277 27.9919 8.8731 0.0000 0.0000 0.0000 0.0000 0.0000 0.0000 10.0000 0.0000 0.0000 10.0000 0.0000 0.0000 0.0000 0.0000 0.0000 20.0000 0.0000 0.0000 10.0000 0.0000 0.0000 0.0000 0.0000 0.0000 20.0000 0.0000 0.0000 10.0000 0.0000 0.0000 0.0000 0.0000 0.0000 20.0000 0.0000 0.0000 10.0000 0.0000 0.0000 0.0000 0.0000 0.0000 20.0000 0.0000 0.0000 10.0000 0.0000 0.0000 0.0000 0.0000 0.0000 0.0000 0.0000 0.0000 0.0000 0.0000 0.0000 0.0000 0.0000 0.0000 0.0000 0.0000 0.0000 0.0000 0.0000 0.0000
0.0000 95.0000 0.0000 0.0000 0.0000 0.0000 0.0000 0.0000 0.0000 0.0000 0.0000 0.0000 0.0000 0.0000 0.0000 0.0000 0.0000 0.0000 0.0000 0.0000 0.0000 0.0000 0.0000 0.0000 -15.4708 -4.4180 -31.7060 -9.9694 -3.2307 7.3145 0.0000 0.0000 0.0000 0.0000 0.0000 0.0000 10.0000 0.0000 0.0000 10.0000 0.0000 0.0000 0.0000 0.0000 0.0000 20.0000 0.0000 0.0000 10.0000 0.0000 0.0000 0.0000 0.0000 0.0000 20.0000 0.0000 0.0000 10.0000 0.0000 0.0000 0.0000 0.0000 0.0000 20.0000 0.0000 0.0000 10.0000 0.0000 0.0000 0.0000 0.0000 0.0000 20.0000 0.0000 0.0000 10.0000 0.0000 0.0000 0.0000 0.0000 0.0000 42.1234 -16.1822 40.5241 -36.5189 27.7516 8.7880 0.0000 0.0000 0.0000 0.0000 0.0000 0.0000 10.0000 0.0000 0.0000 10.0000 0.0000 0.0000 0.0000 0.0000 0.0000 20.0000 0.0000 0.0000 10.0000 0.0000 0.0000 0.0000 0.0000 0.0000 20.0000 0.0000 0.0000 10.0000 0.0000 0.0000 0.0000 0.0000 0.0000 20.0000 0.0000 0.0000 10.0000 0.0000 0.0000 0.0000 0.0000 0.0000 20.0000 0.0000 0.0000 10.0000 0.0000 0.0000 0.0000 0.0000 0.0000 0.0000 0.0000 0.0000 0.0000 0.0000 0.0000 0.0000 0.0000 0.0000 0.0000 0.0000 0.0000 0.0000 0.0000 0.0000
0.0000 95.0000 0.0000 0.0000 0.0000 0.0000 0.0000 0.0000 0.0000 0.0000 0.0000 0.0000 0.0000 0.0000 0.0000 0.0000 0.0000 0.0000 0.0000 0.0000 0.0000 0.0000 0.0000 0.0000 -15.7249 -3.8689 -27.4876 -11.0762 -3.1586 10.0908 0.0000 0.0000 0.0000 0.0000 0.0000 0.0000 10.0000 0.0000 0.0000 10.0000 0.0000 0.0000 0.0000 0.0000 0.0000 20.0000 0.0000 0.0000 10.0000 0.0000 0.0000 0.0000 0.0000 0.0000 20.0000 0.0000 0.0000 10.0000 0.0000 0.0000 0.0000 0.0000 0.0000 20.0000 0.0000 0.0000 10.0000 0.0000 0.0000 0.0000 0.0000 0.0000 20.0000 0.0000 0.0000 10.0000 0.0000 0.0000 0.0000 0.0000 0.0000 40.7027 -16.8765 43.5966 -34.5239 27.3404 8.6614 0.0000 0.0000 0.0000 0.0000 0.0000 0.0000 10.0000 0.0000 0.0000 10.0000 0.0000 0.0000 0.0000 0.0000 0.0000 20.0000 0.0000 0.0000 10.0000 0.0000 0.0000 0.0000 0.0000 0.0000 20.0000 0.0000 0.0000 10.0000 0.0000 0.0000 0.0000 0.0000 0.0000 20.0000 0.0000 0.0000 10.0000 0.0000 0.0000 0.0000 0.0000 0.0000 20.0000 0.0000 0.0000 10.0000 0.0000 0.0000 0.0000 0.0000 0.0000 0.0000 0.0000 0.0000 0.0000 0.0000 0.0000 0.0000 0.0000 0.0000 0.0000 0.0000 0.0000 0.0000 0.0000 0.0000
0.0000 95.0000 0.0000 0.0000 0.0000 0.0000 0.0000 0.0000 0.0000 0.0000 0.0000 0.0000 0.0000 0.0000 0.0000 0.0000 0.0000 0.0000 0.0000 0.0000 0.0000 0.0000 0.0000 0.0000 -15.8957 -3.2800 -23.1785 -11.9915 -2.9309 12.9496 0.0000 0.0000 0.0000 0.0000 0.0000 0.0000 10.0000 0.0000 0.0000 10.0000 0.0000 0.0000 0.0000 0.0000 0.0000 20.0000 0.0000 0.0000 10.0000 0.0000 0.0000 0.0000 0.0000 0.0000 20.0000 0.0000 0.0000 10.0000 0.0000 0.0000 0.0000 0.0000 0.0000 20.0000 0.0000 0.0000 10.0000 0.0000 0.0000 0.0000 0.0000 0.0000 20.0000 0.0000 0.0000 10.0000 0.0000 0.0000 0.0000 0.0000 0.0000 39.2651 -17.4354 46.5209 -32.6436 26.7993 8.5020 0.0000 0.0000 0.0000 0.0000 0.0000 0.0000 10.0000 0.0000 0.0000 10.0000 0.0000 0.0000 0.0000 0.0000 0.0000 20.0000 0.0000 0.0000 10.0000 0.0000 0.0000 0.0000 0.0000 0.0000 20.0000 0.0000 0.0000 10.0000 0.0000 0.0000 0.0000 0.0000 0.0000 20.0000 0.0000 0.0000 10.0000 0.0000 0.0000 0.0000 0.0000 0.0000 20.0000 0.0000 0.0000 10.0000 0.0000 0.0000 0.0000 0.0000 0.0000 0.0000 0.0000 0.0000 0.0000 0.0000 0.0000 0.0000 0.0000 0.0000 0.0000 0.0000 0.0000 0.0000 0.0000 0.0000
0.0000 95.0000 0.0000 0.0000 0.0000 0.0000 0.0000 0.0000 0.0000 0.0000 0.0000 0.0000 0.0000 0.0000 0.0000 0.0000 0.0000 0.0000 0.0000 0.0000 0.0000 0.0000 0.0000 0.0000 -15.9761 -2.6649 -18.8227 -12.6677 -2.5756 15.7273 0.0000 0.0000 0.0000 0.0000 0.0000 0.0000 10.0000 0.0000 0.0000 10.0000 0.0000 0.0000 0.0000 0.0000 0.0000 20.0000 0.0000 0.0000 10.0000 0.0000 0.0000 0.0000 0.0000 0.0000 20.0000 0.0000 0.0000 10.0000 0.0000 0.0000 0.0000 0.0000 0.0000 20.0000 0.0000 0.0000 10.0000 0.0000 0.0000 0.0000 0.0000 0.0000 20.0000 0.0000 0.0000 10.0000 0.0000 0.0000 0.0000 0.0000 0.0000 37.8289 -17.8703 49.2948 -30.8758 26.1620 8.3178 0.0000 0.0000 0.0000 0.0000 0.0000 0.0000 10.0000 0.0000 0.0000 10.0000 0.0000 0.0000 0.0000 0.0000 0.0000 20.0000 0.0000 0.0000 10.0000 0.0000 0.0000 0.0000 0.0000 0.0000 20.0000 0.0000 0.0000 10.0000 0.0000 0.0000 0.0000 0.0000 0.0000 20.0000 0.0000 0.0000 10.0000 0.0000 0.0000 0.0000 0.0000 0.0000 20.0000 0.0000 0.0000 10.0000 0.0000 0.0000 0.0000 0.0000 0.0000 0.0000 0.0000 0.0000 0.0000 0.0000 0.0000 0.0000 0.0000 0.0000 0.0000 0.0000 0.0000 0.0000 0.0000 0.0000
0.0000 95.0000 0.0000 0.0000 0.0000 0.0000 0.0000 0.0000 0.0000 0.0000 0.0000 0.0000 0.0000 0.0000 0.0000 0.0000 0.0000 0.0000 0.0000 0.0000 0.0000 0.0000 0.0000 0.0000 -15.9632 -2.0391 -14.4670 -13.0880 -2.1345 18.2706 0.0000 0.0000 0.0000 0.0000 0.0000 0.0000 10.0000 0.0000 0.0000 10.0000 0.0000 0.0000 0.0000 0.0000 0.0000 20.0000 0.0000 0.0000 10.0000 0.0000 0.0000 0.0000 0.0000 0.0000 20.0000 0.0000 0.0000 10.0000 0.0000 0.0000 0.0000 0.0000 0.0000 20.0000 0.0000 0.0000 10.0000 0.0000 0.0000 0.0000 0.0000 0.0000 20.0000 0.0000 0.0000 10.0000 0.0000 0.0000 0.0000 0.0000 0.0000 36.4092 -18.1929 51.9179 -29.2156 25.4554 8.1157 0.0000 0.0000 0.0000 0.0000 0.0000 0.0000 10.0000 0.0000 0.0000 10.0000 0.0000 0.0000 0.0000 0.0000 0.0000 20.0000 0.0000 0.0000 10.0000 0.0000 0.0000 0.0000 0.0000 0.0000 20.0000 0.0000 0.0000 10.0000 0.0000 0.0000 0.0000 0.0000 0.0000 20.0000 0.0000 0.0000 10.0000 0.0000 0.0000 0.0000 0.0000 0.0000 20.0000 0.0000 0.0000 10.0000 0.0000 0.0000 0.0000 0.0000 0.0000 0.0000 0.0000 0.0000 0.0000 0.0000 0.0000 0.0000 0.0000 0.0000 0.0000 0.0000 0.0000 0.0000 0.0000 0.0000
0.0000 95.0000 0.0000 0.0000 0.0000 0.0000 0.0000 0.0000 0.0000 0.0000 0.0000 0.0000 0.0000 0.0000 0.0000 0.0000 0.0000 0.0000 0.0000 0.0000 0.0000 0.0000 0.0000 0.0000 -15.8586 -1.4185 -10.1582 -13.2678 -1.6521 20.4641 0.0000 0.0000 0.0000 0.0000 0.0000 0.0000 10.0000 0.0000 0.0000 10.0000 0.0000 0.0000 0.0000 0.0000 0.0000 20.0000 0.0000 0.0000 10.0000 0.0000 0.0000 0.0000 0.0000 0.0000 20.0000 0.0000 0.0000 10.0000 0.0000 0.0000 0.0000 0.0000 0.0000 20.0000 0.0000 0.0000 10.0000 0.0000 0.0000 0.0000 0.0000 0.0000 20.0000 0.0000 0.0000 10.0000 0.0000 0.0000 0.0000 0.0000 0.0000 35.0183 -18.4156 54.3920 -27.6579 24.7013 7.9016 0.0000 0.0000 0.0000 0.0000 0.0000 0.0000 10.0000 0.0000 0.0000 10.0000 0.0000 0.0000 0.0000 0.0000 0.0000 20.0000 0.0000 0.0000 10.0000 0.0000 0.0000 0.0000 0.0000 0.0000 20.0000 0.0000 0.0000 10.0000 0.0000 0.0000 0.0000 0.0000 0.0000 20.0000 0.0000 0.0000 10.0000 0.0000 0.0000 0.0000 0.0000 0.0000 20.0000 0.0000 0.0000 10.0000 0.0000 0.0000 0.0000 0.0000 0.0000 0.0000 0.0000 0.0000 0.0000 0.0000 0.0000 0.0000 0.0000 0.0000 0.0000 0.0000 0.0000 0.0000 0.0000 0.0000
0.0000 95.0000 0.0000 0.0000 0.0000 0.0000 0.0000 0.0000 0.0000 0.0000 0.0000 0.0000 0.0000 0.0000 0.0000 0.0000 0.0000 0.0000 0.0000 0.0000 0.0000 0.0000 0.0000 0.0000 -15.6684 -0.8181 -5.9403 -13.3742 -0.6952 -0.1895 0.0000 0.0000 0.0000 0.0000 0.0000 0.0000 10.0000 0.0000 0.0000 10.0000 0.0000 0.0000 0.0000 0.0000 0.0000 20.0000 0.0000 0.0000 10.0000 0.0000 0.0000 0.0000 0.0000 0.0000 20.0000 0.0000 0.0000 10.0000 0.0000 0.0000 0.0000 0.0000 0.0000 20.0000 0.0000 0.0000 10.0000 0.0000 0.0000 0.0000 0.0000 0.0000 20.0000 0.0000 0.0000 10.0000 0.0000 0.0000 0.0000 0.0000 0.0000 33.6654 -18.5503 56.7202 -26.1967 23.9172 7.6804 0.0000 0.0000 0.0000 0.0000 0.0000 0.0000 10.0000 0.0000 0.0000 10.0000 0.0000 0.0000 0.0000 0.0000 0.0000 20.0000 0.0000 0.0000 10.0000 0.0000 0.0000 0.0000 0.0000 0.0000 20.0000 0.0000 0.0000 10.0000 0.0000 0.0000 0.0000 0.0000 0.0000 20.0000 0.0000 0.0000 10.0000 0.0000 0.0000 0.0000 0.0000 0.0000 20.0000 0.0000 0.0000 10.0000 0.0000 0.0000 0.0000 0.0000 0.0000 0.0000 0.0000 0.0000 0.0000 0.0000 0.0000 0.0000 0.0000 0.0000 0.0000 0.0000 0.0000 0.0000 0.0000 0.0000
0.0000 95.0000 0.0000 0.0000 0.0000 0.0000 0.0000 0.0000 0.0000 0.0000 0.0000 0.0000 0.0000 0.0000 0.0000 0.0000 0.0000 0.0000 0.0000 0.0000 0.0000 0.0000 0.0000 0.0000 -15.4022 -0.2505 -1.8523 -13.8165 -0.1629 -4.4691 0.0000 0.0000 0.0000 0.0000 0.0000 0.0000 10.0000 0.0000 0.0000 10.0000 0.0000 0.0000 0.0000 0.0000 0.0000 20.0000 0.0000 0.0000 10.0000 0.0000 0.0000 0.0000 0.0000 0.0000 20.0000 0.0000 0.0000 10.0000 0.0000 0.0000 0.0000 0.0000 0.0000 20.0000 0.0000 0.0000 10.0000 0.0000 0.0000 0.0000 0.0000 0.0000 20.0000 0.0000 0.0000 10.0000 0.0000 0.0000 0.0000 0.0000 0.0000 32.3575 -18.6087 58.9071 -24.8258 23.1165 7.4557 0.0000 0.0000 0.0000 0.0000 0.0000 0.0000 10.0000 0.0000 0.0000 10.0000 0.0000 0.0000 0.0000 0.0000 0.0000 20.0000 0.0000 0.0000 10.0000 0.0000 0.0000 0.0000 0.0000 0.0000 20.0000 0.0000 0.0000 10.0000 0.0000 0.0000 0.0000 0.0000 0.0000 20.0000 0.0000 0.0000 10.0000 0.0000 0.0000 0.0000 0.0000 0.0000 20.0000 0.0000 0.0000 10.0000 0.0000 0.0000 0.0000 0.0000 0.0000 0.0000 0.0000 0.0000 0.0000 0.0000 0.0000 0.0000 0.0000 0.0000 0.0000 0.0000 0.0000 0.0000 0.0000 0.0000
0.0000 95.0000 0.0000 0.0000 0.0000 0.0000 0.0000 0.0000 0.0000 0.0000 0.0000 0.0000 0.0000 0.0000 0.0000 0.0000 0.0000 0.0000 0.0000 0.0000 0.0000 0.0000 0.0000 0.0000 -15.0721 0.2744 2.0743 -14.3154 0.3178 -8.6266 0.0000 0.0000 0.0000 0.0000 0.0000 0.0000 10.0000 0.0000 0.0000 10.0000 0.0000 0.0000 0.0000 0.0000 0.0000 20.0000 0.0000 0.0000 10.0000 0.0000 0.0000 0.0000 0.0000 0.0000 20.0000 0.0000 0.0000 10.0000 0.0000 0.0000 0.0000 0.0000 0.0000 20.0000 0.0000 0.0000 10.0000 0.0000 0.0000 0.0000 0.0000 0.0000 20.0000 0.0000 0.0000 10.0000 0.0000 0.0000 0.0000 0.0000 0.0000 31.0993 -18.6015 60.9581 -23.5391 22.3100 7.2308 0.0000 0.0000 0.0000 0.0000 0.0000 0.0000 10.0000 0.0000 0.0000 10.0000 0.0000 0.0000 0.0000 0.0000 0.0000 20.0000 0.0000 0.0000 10.0000 0.0000 0.0000 0.0000 0.0000 0.0000 20.0000 0.0000 0.0000 10.0000 0.0000 0.0000 0.0000 0.0000 0.0000 20.0000 0.0000 0.0000 10.0000 0.0000 0.0000 0.0000 0.0000 0.0000 20.0000 0.0000 0.0000 10.0000 0.0000 0.0000 0.0000 0.0000 0.0000 0.0000 0.0000 0.0000 0.0000 0.0000 0.0000 0.0000 0.0000 0.0000 0.0000 0.0000 0.0000 0.0000 0.0000 0.0000
0.0000 95.0000 0.0000 0.0000 0.0000 0.0000 0.0000 0.0000 0.0000 0.0000 0.0000 0.0000 0.0000 0.0000 0.0000 0.0000 0.0000 0.0000 0.0000 0.0000 0.0000 0.0000 0.0000 0.0000 -14.6914 0.7503 5.8155 -14.8577 0.7404 -12.6285 0.0000 0.0000 0.0000 0.0000 0.0000 0.0000 10.0000 0.0000 0.0000 10.0000 0.0000 0.0000 0.0000 0.0000 0.0000 20.0000 0.0000 0.0000 10.0000 0.0000 0.0000 0.0000 0.0000 0.0000 20.0000 0.0000 0.0000 10.0000 0.0000 0.0000 0.0000 0.0000 0.0000 20.0000 0.0000 0.0000 10.0000 0.0000 0.0000 0.0000 0.0000 0.0000 20.0000 0.0000 0.0000 10.0000 0.0000 0.0000 0.0000 0.0000 0.0000 29.8935 -18.5384 62.8798 -22.3307 21.5057 7.0079 0.0000 0.0000 0.0000 0.0000 0.0000 0.0000 10.0000 0.0000 0.0000 10.0000 0.0000 0.0000 0.0000 0.0000 0.0000 20.0000 0.0000 0.0000 10.0000 0.0000 0.0000 0.0000 0.0000 0.0000 20.0000 0.0000 0.0000 10.0000 0.0000 0.0000 0.0000 0.0000 0.0000 20.0000 0.0000 0.0000 10.0000 0.0000 0.0000 0.0000 0.0000 0.0000 20.0000 0.0000 0.0000 10.0000 0.0000 0.0000 0.0000 0.0000 0.0000 0.0000 0.0000 0.0000 0.0000 0.0000 0.0000 0.0000 0.0000 0.0000 0.0000 0.0000 0.0000 0.0000 0.0000 0.0000
0.0000 95.0000 0.0000 0.0000 0.0000 0.0000 0.0000 0.0000 0.0000 0.0000 0.0000 0.0000 0.0000 0.0000 0.0000 0.0000 0.0000 0.0000 0.0000 0.0000 0.0000 0.0000 0.0000 0.0000 -14.2732 1.1739 9.3555 -15.4298 1.1022 -16.4509 0.0000 0.0000 0.0000 0.0000 0.0000 0.0000 10.0000 0.0000 0.0000 10.0000 0.0000 0.0000 0.0000 0.0000 0.0000 20.0000 0.0000 0.0000 10.0000 0.0000 0.0000 0.0000 0.0000 0.0000 20.0000 0.0000 0.0000 10.0000 0.0000 0.0000 0.0000 0.0000 0.0000 20.0000 0.0000 0.0000 10.0000 0.0000 0.0000 0.0000 0.0000 0.0000 20.0000 0.0000 0.0000 10.0000 0.0000 0.0000 0.0000 0.0000 0.0000 28.7416 -18.4283 64.6789 -21.1950 20.7097 6.7886 0.0000 0.0000 0.0000 0.0000 0.0000 0.0000 10.0000 0.0000 0.0000 10.0000 0.0000 0.0000 0.0000 0.0000 0.0000 20.0000 0.0000 0.0000 10.0000 0.0000 0.0000 0.0000 0.0000 0.0000 20.0000 0.0000 0.0000 10.0000 0.0000 0.0000 0.0000 0.0000 0.0000 20.0000 0.0000 0.0000 10.0000 0.0000 0.0000 0.0000 0.0000 0.0000 20.0000 0.0000 0.0000 10.0000 0.0000 0.0000 0.0000 0.0000 0.0000 0.0000 0.0000 0.0000 0.0000 0.0000 0.0000 0.0000 0.0000 0.0000 0.0000 0.0000 0.0000 0.0000 0.0000 0.0000
0.0000 95.0000 0.0000 0.0000 0.0000 0.0000 0.0000 0.0000 0.0000 0.0000 0.0000 0.0000 0.0000 0.0000 0.0000 0.0000 0.0000 0.0000 0.0000 0.0000 0.0000 0.0000 0.0000 0.0000 -13.8300 1.5448 12.6860 -16.0191 1.4034 -20.0785 0.0000 0.0000 0.0000 0.0000 0.0000 0.0000 10.0000 0.0000 0.0000 10.0000 0.0000 0.0000 0.0000 0.0000 0.0000 20.0000 0.0000 0.0000 10.0000 0.0000 0.0000 0.0000 0.0000 0.0000 20.0000 0.0000 0.0000 10.0000 0.0000 0.0000 0.0000 0.0000 0.0000 20.0000 0.0000 0.0000 10.0000 0.0000 0.0000 0.0000 0.0000 0.0000 20.0000 0.0000 0.0000 10.0000 0.0000 0.0000 0.0000 0.0000 0.0000 27.6439 -18.2791 66.3624 -20.1266 19.9267 6.5743 0.0000 0.0000 0.0000 0.0000 0.0000 0.0000 10.0000 0.0000 0.0000 10.0000 0.0000 0.0000 0.0000 0.0000 0.0000 20.0000 0.0000 0.0000 10.0000 0.0000 0.0000 0.0000 0.0000 0.0000 20.0000 0.0000 0.0000 10.0000 0.0000 0.0000 0.0000 0.0000 0.0000 20.0000 0.0000 0.0000 10.0000 0.0000 0.0000 0.0000 0.0000 0.0000 20.0000 0.0000 0.0000 10.0000 0.0000 0.0000 0.0000 0.0000 0.0000 0.0000 0.0000 0.0000 0.0000 0.0000 0.0000 0.0000 0.0000 0.0000 0.0000 0.0000 0.0000 0.0000 0.0000 0.0000
0.0000 95.0000 0.0000 0.0000 0.0000 0.0000 0.0000 0.0000 0.0000 0.0000 0.0000 0.0000 0.0000 0.0000 0.0000 0.0000 0.0000 0.0000 0.0000 0.0000 0.0000 0.0000 0.0000 0.0000 -14.4881 0.7708 6.0585 -17.7630 0.5228 -14.7178 0.0000 0.0000 0.0000 0.0000 0.0000 0.0000 10.0000 0.0000 0.0000 10.0000 0.0000 0.0000 0.0000 0.0000 0.0000 20.0000 0.0000 0.0000 10.0000 0.0000 0.0000 0.0000 0.0000 0.0000 20.0000 0.0000 0.0000 10.0000 0.0000 0.0000 0.0000 0.0000 0.0000 20.0000 0.0000 0.0000 10.0000 0.0000 0.0000 0.0000 0.0000 0.0000 20.0000 0.0000 0.0000 10.0000 0.0000 0.0000 0.0000 0.0000 0.0000 39.0913 -15.7108 42.4749 -26.6620 16.3751 3.8256 0.0000 0.0000 0.0000 0.0000 0.0000 0.0000 10.0000 0.0000 0.0000 10.0000 0.0000 0.0000 0.0000 0.0000 0.0000 20.0000 0.0000 0.0000 10.0000 0.0000 0.0000 0.0000 0.0000 0.0000 20.0000 0.0000 0.0000 10.0000 0.0000 0.0000 0.0000 0.0000 0.0000 20.0000 0.0000 0.0000 10.0000 0.0000 0.0000 0.0000 0.0000 0.0000 20.0000 0.0000 0.0000 10.0000 0.0000 0.0000 0.0000 0.0000 0.0000 0.0000 0.0000 0.0000 0.0000 0.0000 0.0000 0.0000 0.0000 0.0000 0.0000 0.0000 0.0000 0.0000 0.0000 0.0000
0.0000 95.0000 0.0000 0.0000 0.0000 0.0000 0.0000 0.0000 0.0000 0.0000 0.0000 0.0000 0.0000 0.0000 0.0000 0.0000 0.0000 0.0000 0.0000 0.0000 0.0000 0.0000 0.0000 0.0000 -15.5500 0.8250 6.0366 -17.7579 0.6762 -13.7483 0.0000 0.0000 0.0000 0.0000 0.0000 0.0000 10.0000 0.0000 0.0000 10.0000 0.0000 0.0000 0.0000 0.0000 0.0000 20.0000 0.0000 0.0000 10.0000 0.0000 0.0000 0.0000 0.0000 0.0000 20.0000 0.0000 0.0000 10.0000 0.0000 0.0000 0.0000 0.0000 0.0000 20.0000 0.0000 0.0000 10.0000 0.0000 0.0000 0.0000 0.0000 0.0000 20.0000 0.0000 0.0000 10.0000 0.0000 0.0000 0.0000 0.0000 0.0000 44.8750 -7.4809 17.9929 -34.7750 4.4633 -3.7642 0.0000 0.0000 0.0000 0.0000 0.0000 0.0000 10.0000 0.0000 0.0000 10.0000 0.0000 0.0000 0.0000 0.0000 0.0000 20.0000 0.0000 0.0000 10.0000 0.0000 0.0000 0.0000 0.0000 0.0000 20.0000 0.0000 0.0000 10.0000 0.0000 0.0000 0.0000 0.0000 0.0000 20.0000 0.0000 0.0000 10.0000 0.0000 0.0000 0.0000 0.0000 0.0000 20.0000 0.0000 0.0000 10.0000 0.0000 0.0000 0.0000 0.0000 0.0000 0.0000 0.0000 0.0000 0.0000 0.0000 0.0000 0.0000 0.0000 0.0000 0.0000 0.0000 0.0000 0.0000 0.0000 0.0000
0.0000 95.0000 0.0000 0.0000 0.0000 0.0000 0.0000 0.0000 0.0000 0.0000 0.0000 0.0000 0.0000 0.0000 0.0000 0.0000 0.0000 0.0000 0.0000 0.0000 0.0000 0.0000 0.0000 0.0000 -17.7171 -0.6397 -4.1027 -14.3667 -0.2250 -10.0036 0.0000 0.0000 0.0000 0.0000 0.0000 0.0000 10.0000 0.0000 0.0000 10.0000 0.0000 0.0000 0.0000 0.0000 0.0000 20.0000 0.0000 0.0000 10.0000 0.0000 0.0000 0.0000 0.0000 0.0000 20.0000 0.0000 0.0000 10.0000 0.0000 0.0000 0.0000 0.0000 0.0000 20.0000 0.0000 0.0000 10.0000 0.0000 0.0000 0.0000 0.0000 0.0000 20.0000 0.0000 0.0000 10.0000 0.0000 0.0000 0.0000 0.0000 0.0000 40.1899 3.6856 -10.0517 -32.5230 7.7355 15.5756 0.0000 0.0000 0.0000 0.0000 0.0000 0.0000 10.0000 0.0000 0.0000 10.0000 0.0000 0.0000 0.0000 0.0000 0.0000 20.0000 0.0000 0.0000 10.0000 0.0000 0.0000 0.0000 0.0000 0.0000 20.0000 0.0000 0.0000 10.0000 0.0000 0.0000 0.0000 0.0000 0.0000 20.0000 0.0000 0.0000 10.0000 0.0000 0.0000 0.0000 0.0000 0.0000 20.0000 0.0000 0.0000 10.0000 0.0000 0.0000 0.0000 0.0000 0.0000 0.0000 0.0000 0.0000 0.0000 0.0000 0.0000 0.0000 0.0000 0.0000 0.0000 0.0000 0.0000 0.0000 0.0000 0.0000
0.0000 95.0000 0.0000 0.0000 0.0000 0.0000 0.0000 0.0000 0.0000 0.0000 0.0000 0.0000 0.0000 0.0000 0.0000 0.0000 0.0000 0.0000 0.0000 0.0000 0.0000 0.0000 0.0000 0.0000 -17.9855 -3.7084 -23.1224 -7.7502 0.3155 -19.7066 0.0000 0.0000 0.0000 0.0000 0.0000 0.0000 10.0000 0.0000 0.0000 10.0000 0.0000 0.0000 0.0000 0.0000 0.0000 20.0000 0.0000 0.0000 10.0000 0.0000 0.0000 0.0000 0.0000 0.0000 20.0000 0.0000 0.0000 10.0000 0.0000 0.0000 0.0000 0.0000 0.0000 20.0000 0.0000 0.0000 10.0000 0.0000 0.0000 0.0000 0.0000 0.0000 20.0000 0.0000 0.0000 10.0000 0.0000 0.0000 0.0000 0.0000 0.0000 36.5340 2.0248 -6.1291 -30.4473 5.8434 11.9081 0.0000 0.0000 0.0000 0.0000 0.0000 0.0000 10.0000 0.0000 0.0000 10.0000 0.0000 0.0000 0.0000 0.0000 0.0000 20.0000 0.0000 0.0000 10.0000 0.0000 0.0000 0.0000 0.0000 0.0000 20.0000 0.0000 0.0000 10.0000 0.0000 0.0000 0.0000 0.0000 0.0000 20.0000 0.0000 0.0000 10.0000 0.0000 0.0000 0.0000 0.0000 0.0000 20.0000 0.0000 0.0000 10.0000 0.0000 0.0000 0.0000 0.0000 0.0000 0.0000 0.0000 0.0000 0.0000 0.0000 0.0000 0.0000 0.0000 0.0000 0.0000 0.0000 0.0000 0.0000 0.0000 0.0000
0.0000 95.0000 0.0000 0.0000 0.0000 0.0000 0.0000 0.0000 0.0000 0.0000 0.0000 0.0000 0.0000 0.0000 0.0000 0.0000 0.0000 0.0000 0.0000 0.0000 0.0000 0.0000 0.0000 0.0000 -16.9638 -5.1485 -33.5542 -5.6740 0.0900 -16.1138 0.0000 0.0000 0.0000 0.0000 0.0000 0.0000 10.0000 0.0000 0.0000 10.0000 0.0000 0.0000 0.0000 0.0000 0.0000 20.0000 0.0000 0.0000 10.0000 0.0000 0.0000 0.0000 0.0000 0.0000 20.0000 0.0000 0.0000 10.0000 0.0000 0.0000 0.0000 0.0000 0.0000 20.0000 0.0000 0.0000 10.0000 0.0000 0.0000 0.0000 0.0000 0.0000 20.0000 0.0000 0.0000 10.0000 0.0000 0.0000 0.0000 0.0000 0.0000 33.3571 1.9446 -6.4842 -27.6524 5.5701 12.6443 0.0000 0.0000 0.0000 0.0000 0.0000 0.0000 10.0000 0.0000 0.0000 10.0000 0.0000 0.0000 0.0000 0.0000 0.0000 20.0000 0.0000 0.0000 10.0000 0.0000 0.0000 0.0000 0.0000 0.0000 20.0000 0.0000 0.0000 10.0000 0.0000 0.0000 0.0000 0.0000 0.0000 20.0000 0.0000 0.0000 10.0000 0.0000 0.0000 0.0000 0.0000 0.0000 20.0000 0.0000 0.0000 10.0000 0.0000 0.0000 0.0000 0.0000 0.0000 0.0000 0.0000 0.0000 0.0000 0.0000 0.0000 0.0000 0.0000 0.0000 0.0000 0.0000 0.0000 0.0000 0.0000 0.0000
0.0000 95.0000 0.0000 0.0000 0.0000 0.0000 0.0000 0.0000 0.0000 0.0000 0.0000 0.0000 0.0000 0.0000 0.0000 0.0000 0.0000 0.0000 0.0000 0.0000 0.0000 0.0000 0.0000 0.0000 -15.8964 -1.7015 -12.1423 -14.0871 -1.8182 19.5249 0.0000 0.0000 0.0000 0.0000 0.0000 0.0000 10.0000 0.0000 0.0000 10.0000 0.0000 0.0000 0.0000 0.0000 0.0000 20.0000 0.0000 0.0000 10.0000 0.0000 0.0000 0.0000 0.0000 0.0000 20.0000 0.0000 0.0000 10.0000 0.0000 0.0000 0.0000 0.0000 0.0000 20.0000 0.0000 0.0000 10.0000 0.0000 0.0000 0.0000 0.0000 0.0000 20.0000 0.0000 0.0000 10.0000 0.0000 0.0000 0.0000 0.0000 0.0000 33.0778 1.7856 -6.0081 -25.2602 4.7923 11.3991 0.0000 0.0000 0.0000 0.0000 0.0000 0.0000 10.0000 0.0000 0.0000 10.0000 0.0000 0.0000 0.0000 0.0000 0.0000 20.0000 0.0000 0.0000 10.0000 0.0000 0.0000 0.0000 0.0000 0.0000 20.0000 0.0000 0.0000 10.0000 0.0000 0.0000 0.0000 0.0000 0.0000 20.0000 0.0000 0.0000 10.0000 0.0000 0.0000 0.0000 0.0000 0.0000 20.0000 0.0000 0.0000 10.0000 0.0000 0.0000 0.0000 0.0000 0.0000 0.0000 0.0000 0.0000 0.0000 0.0000 0.0000 0.0000 0.0000 0.0000 0.0000 0.0000 0.0000 0.0000 0.0000 0.0000
0.0000 95.0000 0.0000 0.0000 0.0000 0.0000 0.0000 0.0000 0.0000 0.0000 0.0000 0.0000 0.0000 0.0000 0.0000 0.0000 0.0000 0.0000 0.0000 0.0000 0.0000 0.0000 0.0000 0.0000 -16.1584 0.5730 4.0352 -14.8665 0.6596 -11.6990 0.0000 0.0000 0.0000 0.0000 0.0000 0.0000 10.0000 0.0000 0.0000 10.0000 0.0000 0.0000 0.0000 0.0000 0.0000 20.0000 0.0000 0.0000 10.0000 0.0000 0.0000 0.0000 0.0000 0.0000 20.0000 0.0000 0.0000 10.0000 0.0000 0.0000 0.0000 0.0000 0.0000 20.0000 0.0000 0.0000 10.0000 0.0000 0.0000 0.0000 0.0000 0.0000 20.0000 0.0000 0.0000 10.0000 0.0000 0.0000 0.0000 0.0000 0.0000 34.5471 1.8645 -5.9911 -24.9615 4.9917 11.4665 0.0000 0.0000 0.0000 0.0000 0.0000 0.0000 10.0000 0.0000 0.0000 10.0000 0.0000 0.0000 0.0000 0.0000 0.0000 20.0000 0.0000 0.0000 10.0000 0.0000 0.0000 0.0000 0.0000 0.0000 20.0000 0.0000 0.0000 10.0000 0.0000 0.0000 0.0000 0.0000 0.0000 20.0000 0.0000 0.0000 10.0000 0.0000 0.0000 0.0000 0.0000 0.0000 20.0000 0.0000 0.0000 10.0000 0.0000 0.0000 0.0000 0.0000 0.0000 0.0000 0.0000 0.0000 0.0000 0.0000 0.0000 0.0000 0.0000 0.0000 0.0000 0.0000 0.0000 0.0000 0.0000 0.0000
0.0000 95.0000 0.0000 0.0000 0.0000 0.0000 0.0000 0.0000 0.0000 0.0000 0.0000 0.0000 0.0000 0.0000 0.0000 0.0000 0.0000 0.0000 0.0000 0.0000 0.0000 0.0000 0.0000 0.0000 -15.2150 2.2474 16.7094 -16.8455 2.1169 -25.8698 0.0000 0.0000 0.0000 0.0000 0.0000 0.0000 10.0000 0.0000 0.0000 10.0000 0.0000 0.0000 0.0000 0.0000 0.0000 20.0000 0.0000 0.0000 10.0000 0.0000 0.0000 0.0000 0.0000 0.0000 20.0000 0.0000 0.0000 10.0000 0.0000 0.0000 0.0000 0.0000 0.0000 20.0000 0.0000 0.0000 10.0000 0.0000 0.0000 0.0000 0.0000 0.0000 20.0000 0.0000 0.0000 10.0000 0.0000 0.0000 0.0000 0.0000 0.0000 37.6788 3.6358 -10.6291 -26.4891 6.7547 15.6209 0.0000 0.0000 0.0000 0.0000 0.0000 0.0000 10.0000 0.0000 0.0000 10.0000 0.0000 0.0000 0.0000 0.0000 0.0000 20.0000 0.0000 0.0000 10.0000 0.0000 0.0000 0.0000 0.0000 0.0000 20.0000 0.0000 0.0000 10.0000 0.0000 0.0000 0.0000 0.0000 0.0000 20.0000 0.0000 0.0000 10.0000 0.0000 0.0000 0.0000 0.0000 0.0000 20.0000 0.0000 0.0000 10.0000 0.0000 0.0000 0.0000 0.0000 0.0000 0.0000 0.0000 0.0000 0.0000 0.0000 0.0000 0.0000 0.0000 0.0000 0.0000 0.0000 0.0000 0.0000 0.0000 0.0000
0.0000 95.0000 0.0000 0.0000 0.0000 0.0000 0.0000 0.0000 0.0000 0.0000 0.0000 0.0000 0.0000 0.0000 0.0000 0.0000 0.0000 0.0000 0.0000 0.0000 0.0000 0.0000 0.0000 0.0000 -8.2555 0.5029 6.9605 -16.9398 -0.3183 -17.7438 0.0000 0.0000 0.0000 0.0000 0.0000 0.0000 10.0000 0.0000 0.0000 10.0000 0.0000 0.0000 0.0000 0.0000 0.0000 20.0000 0.0000 0.0000 10.0000 0.0000 0.0000 0.0000 0.0000 0.0000 20.0000 0.0000 0.0000 10.0000 0.0000 0.0000 0.0000 0.0000 0.0000 20.0000 0.0000 0.0000 10.0000 0.0000 0.0000 0.0000 0.0000 0.0000 20.0000 0.0000 0.0000 10.0000 0.0000 0.0000 0.0000 0.0000 0.0000 45.0676 0.1270 -0.3060 -18.7742 12.8315 20.5752 0.0000 0.0000 0.0000 0.0000 0.0000 0.0000 10.0000 0.0000 0.0000 10.0000 0.0000 0.0000 0.0000 0.0000 0.0000 20.0000 0.0000 0.0000 10.0000 0.0000 0.0000 0.0000 0.0000 0.0000 20.0000 0.0000 0.0000 10.0000 0.0000 0.0000 0.0000 0.0000 0.0000 20.0000 0.0000 0.0000 10.0000 0.0000 0.0000 0.0000 0.0000 0.0000 20.0000 0.0000 0.0000 10.0000 0.0000 0.0000 0.0000 0.0000 0.0000 0.0000 0.0000 0.0000 0.0000 0.0000 0.0000 0.0000 0.0000 0.0000 0.0000 0.0000 0.0000 0.0000 0.0000 0.0000
0.0000 95.0000 0.0000 0.0000 0.0000 0.0000 0.0000 0.0000 0.0000 0.0000 0.0000 0.0000 0.0000 0.0000 0.0000 0.0000 0.0000 0.0000 0.0000 0.0000 0.0000 0.0000 0.0000 0.0000 -1.7196 0.1052 6.9979 -17.6591 -1.1911 -16.2366 0.0000 0.0000 0.0000 0.0000 0.0000 0.0000 10.0000 0.0000 0.0000 10.0000 0.0000 0.0000 0.0000 0.0000 0.0000 20.0000 0.0000 0.0000 10.0000 0.0000 0.0000 0.0000 0.0000 0.0000 20.0000 0.0000 0.0000 10.0000 0.0000 0.0000 0.0000 0.0000 0.0000 20.0000 0.0000 0.0000 10.0000 0.0000 0.0000 0.0000 0.0000 0.0000 20.0000 0.0000 0.0000 10.0000 0.0000 0.0000 0.0000 0.0000 0.0000 50.5568 -0.3817 0.8082 -15.4060 13.9542 21.1094 0.0000 0.0000 0.0000 0.0000 0.0000 0.0000 10.0000 0.0000 0.0000 10.0000 0.0000 0.0000 0.0000 0.0000 0.0000 20.0000 0.0000 0.0000 10.0000 0.0000 0.0000 0.0000 0.0000 0.0000 20.0000 0.0000 0.0000 10.0000 0.0000 0.0000 0.0000 0.0000 0.0000 20.0000 0.0000 0.0000 10.0000 0.0000 0.0000 0.0000 0.0000 0.0000 20.0000 0.0000 0.0000 10.0000 0.0000 0.0000 0.0000 0.0000 0.0000 0.0000 0.0000 0.0000 0.0000 0.0000 0.0000 0.0000 0.0000 0.0000 0.0000 0.0000 0.0000 0.0000 0.0000 0.0000
0.0000 95.0000 0.0000 0.0000 0.0000 0.0000 0.0000 0.0000 0.0000 0.0000 0.0000 0.0000 0.0000 0.0000 0.0000 0.0000 0.0000 0.0000 0.0000 0.0000 0.0000 0.0000 0.0000 0.0000 -8.8511 -2.5821 -32.4705 -11.1604 -3.4101 -7.0255 0.0000 0.0000 0.0000 0.0000 0.0000 0.0000 10.0000 0.0000 0.0000 10.0000 0.0000 0.0000 0.0000 0.0000 0.0000 20.0000 0.0000 0.0000 10.0000 0.0000 0.0000 0.0000 0.0000 0.0000 20.0000 0.0000 0.0000 10.0000 0.0000 0.0000 0.0000 0.0000 0.0000 20.0000 0.0000 0.0000 10.0000 0.0000 0.0000 0.0000 0.0000 0.0000 20.0000 0.0000 0.0000 10.0000 0.0000 0.0000 0.0000 0.0000 0.0000 49.8117 2.8504 -6.1344 -29.1996 6.6633 10.7715 0.0000 0.0000 0.0000 0.0000 0.0000 0.0000 10.0000 0.0000 0.0000 10.0000 0.0000 0.0000 0.0000 0.0000 0.0000 20.0000 0.0000 0.0000 10.0000 0.0000 0.0000 0.0000 0.0000 0.0000 20.0000 0.0000 0.0000 10.0000 0.0000 0.0000 0.0000 0.0000 0.0000 20.0000 0.0000 0.0000 10.0000 0.0000 0.0000 0.0000 0.0000 0.0000 20.0000 0.0000 0.0000 10.0000 0.0000 0.0000 0.0000 0.0000 0.0000 0.0000 0.0000 0.0000 0.0000 0.0000 0.0000 0.0000 0.0000 0.0000 0.0000 0.0000 0.0000 0.0000 0.0000 0.0000
0.0000 95.0000 0.0000 0.0000 0.0000 0.0000 0.0000 0.0000 0.0000 0.0000 0.0000 0.0000 0.0000 0.0000 0.0000 0.0000 0.0000 0.0000 0.0000 0.0000 0.0000 0.0000 0.0000 0.0000 -7.4985 -4.6971 -64.0816 -2.4241 -1.1149 -6.3833 0.0000 0.0000 0.0000 0.0000 0.0000 0.0000 10.0000 0.0000 0.0000 10.0000 0.0000 0.0000 0.0000 0.0000 0.0000 20.0000 0.0000 0.0000 10.0000 0.0000 0.0000 0.0000 0.0000 0.0000 20.0000 0.0000 0.0000 10.0000 0.0000 0.0000 0.0000 0.0000 0.0000 20.0000 0.0000 0.0000 10.0000 0.0000 0.0000 0.0000 0.0000 0.0000 20.0000 0.0000 0.0000 10.0000 0.0000 0.0000 0.0000 0.0000 0.0000 51.5628 3.6386 -7.5247 -40.0698 2.1879 6.1130 0.0000 0.0000 0.0000 0.0000 0.0000 0.0000 10.0000 0.0000 0.0000 10.0000 0.0000 0.0000 0.0000 0.0000 0.0000 20.0000 0.0000 0.0000 10.0000 0.0000 0.0000 0.0000 0.0000 0.0000 20.0000 0.0000 0.0000 10.0000 0.0000 0.0000 0.0000 0.0000 0.0000 20.0000 0.0000 0.0000 10.0000 0.0000 0.0000 0.0000 0.0000 0.0000 20.0000 0.0000 0.0000 10.0000 0.0000 0.0000 0.0000 0.0000 0.0000 0.0000 0.0000 0.0000 0.0000 0.0000 0.0000 0.0000 0.0000 0.0000 0.0000 0.0000 0.0000 0.0000 0.0000 0.0000
0.0000 95.0000 0.0000 0.0000 0.0000 0.0000 0.0000 0.0000 0.0000 0.0000 0.0000 0.0000 0.0000 0.0000 0.0000 0.0000 0.0000 0.0000 0.0000 0.0000 0.0000 0.0000 0.0000 0.0000 -4.7363 -3.5502 -73.6947 -3.1907 -2.3745 -0.8940 0.0000 0.0000 0.0000 0.0000 0.0000 0.0000 10.0000 0.0000 0.0000 10.0000 0.0000 0.0000 0.0000 0.0000 0.0000 20.0000 0.0000 0.0000 10.0000 0.0000 0.0000 0.0000 0.0000 0.0000 20.0000 0.0000 0.0000 10.0000 0.0000 0.0000 0.0000 0.0000 0.0000 20.0000 0.0000 0.0000 10.0000 0.0000 0.0000 0.0000 0.0000 0.0000 20.0000 0.0000 0.0000 10.0000 0.0000 0.0000 0.0000 0.0000 0.0000 54.8679 -1.1285 2.1738 -50.6084 7.1889 4.1504 0.0000 0.0000 0.0000 0.0000 0.0000 0.0000 10.0000 0.0000 0.0000 10.0000 0.0000 0.0000 0.0000 0.0000 0.0000 20.0000 0.0000 0.0000 10.0000 0.0000 0.0000 0.0000 0.0000 0.0000 20.0000 0.0000 0.0000 10.0000 0.0000 0.0000 0.0000 0.0000 0.0000 20.0000 0.0000 0.0000 10.0000 0.0000 0.0000 0.0000 0.0000 0.0000 20.0000 0.0000 0.0000 10.0000 0.0000 0.0000 0.0000 0.0000 0.0000 0.0000 0.0000 0.0000 0.0000 0.0000 0.0000 0.0000 0.0000 0.0000 0.0000 0.0000 0.0000 0.0000 0.0000 0.0000
0.0000 95.0000 0.0000 0.0000 0.0000 0.0000 0.0000 0.0000 0.0000 0.0000 0.0000 0.0000 0.0000 0.0000 0.0000 0.0000 0.0000 0.0000 0.0000 0.0000 0.0000 0.0000 0.0000 0.0000 -5.1810 -3.8707 -73.5101 -3.1215 -2.3391 0.1625 0.0000 0.0000 0.0000 0.0000 0.0000 0.0000 10.0000 0.0000 0.0000 10.0000 0.0000 0.0000 0.0000 0.0000 0.0000 20.0000 0.0000 0.0000 10.0000 0.0000 0.0000 0.0000 0.0000 0.0000 20.0000 0.0000 0.0000 10.0000 0.0000 0.0000 0.0000 0.0000 0.0000 20.0000 0.0000 0.0000 10.0000 0.0000 0.0000 0.0000 0.0000 0.0000 20.0000 0.0000 0.0000 10.0000 0.0000 0.0000 0.0000 0.0000 0.0000 52.9216 2.5152 -5.0510 -58.6307 -5.0599 -0.0958 0.0000 0.0000 0.0000 0.0000 0.0000 0.0000 10.0000 0.0000 0.0000 10.0000 0.0000 0.0000 0.0000 0.0000 0.0000 20.0000 0.0000 0.0000 10.0000 0.0000 0.0000 0.0000 0.0000 0.0000 20.0000 0.0000 0.0000 10.0000 0.0000 0.0000 0.0000 0.0000 0.0000 20.0000 0.0000 0.0000 10.0000 0.0000 0.0000 0.0000 0.0000 0.0000 20.0000 0.0000 0.0000 10.0000 0.0000 0.0000 0.0000 0.0000 0.0000 0.0000 0.0000 0.0000 0.0000 0.0000 0.0000 0.0000 0.0000 0.0000 0.0000 0.0000 0.0000 0.0000 0.0000 0.0000
0.0000 95.0000 0.0000 0.0000 0.0000 0.0000 0.0000 0.0000 0.0000 0.0000 0.0000 0.0000 0.0000 0.0000 0.0000 0.0000 0.0000 0.0000 0.0000 0.0000 0.0000 0.0000 0.0000 0.0000 -4.8561 -3.6760 -74.2360 -3.3524 -2.5410 0.0693 0.0000 0.0000 0.0000 0.0000 0.0000 0.0000 10.0000 0.0000 0.0000 10.0000 0.0000 0.0000 0.0000 0.0000 0.0000 20.0000 0.0000 0.0000 10.0000 0.0000 0.0000 0.0000 0.0000 0.0000 20.0000 0.0000 0.0000 10.0000 0.0000 0.0000 0.0000 0.0000 0.0000 20.0000 0.0000 0.0000 10.0000 0.0000 0.0000 0.0000 0.0000 0.0000 20.0000 0.0000 0.0000 10.0000 0.0000 0.0000 0.0000 0.0000 0.0000 51.4941 6.6826 -13.8048 -61.9897 12.1020 17.4048 0.0000 0.0000 0.0000 0.0000 0.0000 0.0000 10.0000 0.0000 0.0000 10.0000 0.0000 0.0000 0.0000 0.0000 0.0000 20.0000 0.0000 0.0000 10.0000 0.0000 0.0000 0.0000 0.0000 0.0000 20.0000 0.0000 0.0000 10.0000 0.0000 0.0000 0.0000 0.0000 0.0000 20.0000 0.0000 0.0000 10.0000 0.0000 0.0000 0.0000 0.0000 0.0000 20.0000 0.0000 0.0000 10.0000 0.0000 0.0000 0.0000 0.0000 0.0000 0.0000 0.0000 0.0000 0.0000 0.0000 0.0000 0.0000 0.0000 0.0000 0.0000 0.0000 0.0000 0.0000 0.0000 0.0000
0.0000 95.0000 0.0000 0.0000 0.0000 0.0000 0.0000 0.0000 0.0000 0.0000 0.0000 0.0000 0.0000 0.0000 0.0000 0.0000 0.0000 0.0000 0.0000 0.0000 0.0000 0.0000 0.0000 0.0000 -4.2084 -3.3274 -76.6542 -2.8809 -2.2970 0.9572 0.0000 0.0000 0.0000 0.0000 0.0000 0.0000 10.0000 0.0000 0.0000 10.0000 0.0000 0.0000 0.0000 0.0000 0.0000 20.0000 0.0000 0.0000 10.0000 0.0000 0.0000 0.0000 0.0000 0.0000 20.0000 0.0000 0.0000 10.0000 0.0000 0.0000 0.0000 0.0000 0.0000 20.0000 0.0000 0.0000 10.0000 0.0000 0.0000 0.0000 0.0000 0.0000 20.0000 0.0000 0.0000 10.0000 0.0000 0.0000 0.0000 0.0000 0.0000 54.9276 1.1343 -2.1822 -67.1398 6.2893 5.0401 0.0000 0.0000 0.0000 0.0000 0.0000 0.0000 10.0000 0.0000 0.0000 10.0000 0.0000 0.0000 0.0000 0.0000 0.0000 20.0000 0.0000 0.0000 10.0000 0.0000 0.0000 0.0000 0.0000 0.0000 20.0000 0.0000 0.0000 10.0000 0.0000 0.0000 0.0000 0.0000 0.0000 20.0000 0.0000 0.0000 10.0000 0.0000 0.0000 0.0000 0.0000 0.0000 20.0000 0.0000 0.0000 10.0000 0.0000 0.0000 0.0000 0.0000 0.0000 0.0000 0.0000 0.0000 0.0000 0.0000 0.0000 0.0000 0.0000 0.0000 0.0000 0.0000 0.0000 0.0000 0.0000 0.0000
0.0000 95.0000 0.0000 0.0000 0.0000 0.0000 0.0000 0.0000 0.0000 0.0000 0.0000 0.0000 0.0000 0.0000 0.0000 0.0000 0.0000 0.0000 0.0000 0.0000 0.0000 0.0000 0.0000 0.0000 -4.7969 -3.9806 -79.3626 -1.1269 -1.0718 2.5337 0.0000 0.0000 0.0000 0.0000 0.0000 0.0000 10.0000 0.0000 0.0000 10.0000 0.0000 0.0000 0.0000 0.0000 0.0000 20.0000 0.0000 0.0000 10.0000 0.0000 0.0000 0.0000 0.0000 0.0000 20.0000 0.0000 0.0000 10.0000 0.0000 0.0000 0.0000 0.0000 0.0000 20.0000 0.0000 0.0000 10.0000 0.0000 0.0000 0.0000 0.0000 0.0000 20.0000 0.0000 0.0000 10.0000 0.0000 0.0000 0.0000 0.0000 0.0000 49.7903 -13.5643 28.7471 -57.3973 17.6332 -6.3014 0.0000 0.0000 0.0000 0.0000 0.0000 0.0000 10.0000 0.0000 0.0000 10.0000 0.0000 0.0000 0.0000 0.0000 0.0000 20.0000 0.0000 0.0000 10.0000 0.0000 0.0000 0.0000 0.0000 0.0000 20.0000 0.0000 0.0000 10.0000 0.0000 0.0000 0.0000 0.0000 0.0000 20.0000 0.0000 0.0000 10.0000 0.0000 0.0000 0.0000 0.0000 0.0000 20.0000 0.0000 0.0000 10.0000 0.0000 0.0000 0.0000 0.0000 0.0000 0.0000 0.0000 0.0000 0.0000 0.0000 0.0000 0.0000 0.0000 0.0000 0.0000 0.0000 0.0000 0.0000 0.0000 0.0000
0.0000 95.0000 0.0000 0.0000 0.0000 0.0000 0.0000 0.0000 0.0000 0.0000 0.0000 0.0000 0.0000 0.0000 0.0000 0.0000 0.0000 0.0000 0.0000 0.0000 0.0000 0.0000 0.0000 0.0000 -4.7487 -4.0741 -81.2477 -0.2555 -0.5612 5.2000 0.0000 0.0000 0.0000 0.0000 0.0000 0.0000 10.0000 0.0000 0.0000 10.0000 0.0000 0.0000 0.0000 0.0000 0.0000 20.0000 0.0000 0.0000 10.0000 0.0000 0.0000 0.0000 0.0000 0.0000 20.0000 0.0000 0.0000 10.0000 0.0000 0.0000 0.0000 0.0000 0.0000 20.0000 0.0000 0.0000 10.0000 0.0000 0.0000 0.0000 0.0000 0.0000 20.0000 0.0000 0.0000 10.0000 0.0000 0.0000 0.0000 0.0000 0.0000 39.4764 -18.5441 48.9310 -45.0840 20.9603 -8.1461 0.0000 0.0000 0.0000 0.0000 0.0000 0.0000 10.0000 0.0000 0.0000 10.0000 0.0000 0.0000 0.0000 0.0000 0.0000 20.0000 0.0000 0.0000 10.0000 0.0000 0.0000 0.0000 0.0000 0.0000 20.0000 0.0000 0.0000 10.0000 0.0000 0.0000 0.0000 0.0000 0.0000 20.0000 0.0000 0.0000 10.0000 0.0000 0.0000 0.0000 0.0000 0.0000 20.0000 0.0000 0.0000 10.0000 0.0000 0.0000 0.0000 0.0000 0.0000 0.0000 0.0000 0.0000 0.0000 0.0000 0.0000 0.0000 0.0000 0.0000 0.0000 0.0000 0.0000 0.0000 0.0000 0.0000
0.0000 95.0000 0.0000 0.0000 0.0000 0.0000 0.0000 0.0000 0.0000 0.0000 0.0000 0.0000 0.0000 0.0000 0.0000 0.0000 0.0000 0.0000 0.0000 0.0000 0.0000 0.0000 0.0000 0.0000 -5.5984 -4.7079 -80.1099 0.0444 -0.2631 3.6621 0.0000 0.0000 0.0000 0.0000 0.0000 0.0000 10.0000 0.0000 0.0000 10.0000 0.0000 0.0000 0.0000 0.0000 0.0000 20.0000 0.0000 0.0000 10.0000 0.0000 0.0000 0.0000 0.0000 0.0000 20.0000 0.0000 0.0000 10.0000 0.0000 0.0000 0.0000 0.0000 0.0000 20.0000 0.0000 0.0000 10.0000 0.0000 0.0000 0.0000 0.0000 0.0000 20.0000 0.0000 0.0000 10.0000 0.0000 0.0000 0.0000 0.0000 0.0000 43.0808 -17.6286 42.8938 -48.0309 22.1961 -5.9240 0.0000 0.0000 0.0000 0.0000 0.0000 0.0000 10.0000 0.0000 0.0000 10.0000 0.0000 0.0000 0.0000 0.0000 0.0000 20.0000 0.0000 0.0000 10.0000 0.0000 0.0000 0.0000 0.0000 0.0000 20.0000 0.0000 0.0000 10.0000 0.0000 0.0000 0.0000 0.0000 0.0000 20.0000 0.0000 0.0000 10.0000 0.0000 0.0000 0.0000 0.0000 0.0000 20.0000 0.0000 0.0000 10.0000 0.0000 0.0000 0.0000 0.0000 0.0000 0.0000 0.0000 0.0000 0.0000 0.0000 0.0000 0.0000 0.0000 0.0000 0.0000 0.0000 0.0000 0.0000 0.0000 0.0000
0.0000 95.0000 0.0000 0.0000 0.0000 0.0000 0.0000 0.0000 0.0000 0.0000 0.0000 0.0000 0.0000 0.0000 0.0000 0.0000 0.0000 0.0000 0.0000 0.0000 0.0000 0.0000 0.0000 0.0000 -6.4069 -5.3673 -79.8904 1.0325 0.5872 2.5984 0.0000 0.0000 0.0000 0.0000 0.0000 0.0000 10.0000 0.0000 0.0000 10.0000 0.0000 0.0000 0.0000 0.0000 0.0000 20.0000 0.0000 0.0000 10.0000 0.0000 0.0000 0.0000 0.0000 0.0000 20.0000 0.0000 0.0000 10.0000 0.0000 0.0000 0.0000 0.0000 0.0000 20.0000 0.0000 0.0000 10.0000 0.0000 0.0000 0.0000 0.0000 0.0000 20.0000 0.0000 0.0000 10.0000 0.0000 0.0000 0.0000 0.0000 0.0000 41.1513 -18.0794 45.9355 -43.8901 22.6741 -4.3205 0.0000 0.0000 0.0000 0.0000 0.0000 0.0000 10.0000 0.0000 0.0000 10.0000 0.0000 0.0000 0.0000 0.0000 0.0000 20.0000 0.0000 0.0000 10.0000 0.0000 0.0000 0.0000 0.0000 0.0000 20.0000 0.0000 0.0000 10.0000 0.0000 0.0000 0.0000 0.0000 0.0000 20.0000 0.0000 0.0000 10.0000 0.0000 0.0000 0.0000 0.0000 0.0000 20.0000 0.0000 0.0000 10.0000 0.0000 0.0000 0.0000 0.0000 0.0000 0.0000 0.0000 0.0000 0.0000 0.0000 0.0000 0.0000 0.0000 0.0000 0.0000 0.0000 0.0000 0.0000 0.0000 0.0000
0.0000 95.0000 0.0000 0.0000 0.0000 0.0000 0.0000 0.0000 0.0000 0.0000 0.0000 0.0000 0.0000 0.0000 0.0000 0.0000 0.0000 0.0000 0.0000 0.0000 0.0000 0.0000 0.0000 0.0000 -7.4152 -6.2036 -79.8087 2.2418 1.3969 3.5236 0.0000 0.0000 0.0000 0.0000 0.0000 0.0000 10.0000 0.0000 0.0000 10.0000 0.0000 0.0000 0.0000 0.0000 0.0000 20.0000 0.0000 0.0000 10.0000 0.0000 0.0000 0.0000 0.0000 0.0000 20.0000 0.0000 0.0000 10.0000 0.0000 0.0000 0.0000 0.0000 0.0000 20.0000 0.0000 0.0000 10.0000 0.0000 0.0000 0.0000 0.0000 0.0000 20.0000 0.0000 0.0000 10.0000 0.0000 0.0000 0.0000 0.0000 0.0000 40.9398 -18.2728 46.6165 -42.4455 22.8783 -3.5211 0.0000 0.0000 0.0000 0.0000 0.0000 0.0000 10.0000 0.0000 0.0000 10.0000 0.0000 0.0000 0.0000 0.0000 0.0000 20.0000 0.0000 0.0000 10.0000 0.0000 0.0000 0.0000 0.0000 0.0000 20.0000 0.0000 0.0000 10.0000 0.0000 0.0000 0.0000 0.0000 0.0000 20.0000 0.0000 0.0000 10.0000 0.0000 0.0000 0.0000 0.0000 0.0000 20.0000 0.0000 0.0000 10.0000 0.0000 0.0000 0.0000 0.0000 0.0000 0.0000 0.0000 0.0000 0.0000 0.0000 0.0000 0.0000 0.0000 0.0000 0.0000 0.0000 0.0000 0.0000 0.0000 0.0000
0.0000 95.0000 0.0000 0.0000 0.0000 0.0000 0.0000 0.0000 0.0000 0.0000 0.0000 0.0000 0.0000 0.0000 0.0000 0.0000 0.0000 0.0000 0.0000 0.0000 0.0000 0.0000 0.0000 0.0000 -8.1429 -6.7885 -79.6050 3.0657 2.1610 2.5831 0.0000 0.0000 0.0000 0.0000 0.0000 0.0000 10.0000 0.0000 0.0000 10.0000 0.0000 0.0000 0.0000 0.0000 0.0000 20.0000 0.0000 0.0000 10.0000 0.0000 0.0000 0.0000 0.0000 0.0000 20.0000 0.0000 0.0000 10.0000 0.0000 0.0000 0.0000 0.0000 0.0000 20.0000 0.0000 0.0000 10.0000 0.0000 0.0000 0.0000 0.0000 0.0000 20.0000 0.0000 0.0000 10.0000 0.0000 0.0000 0.0000 0.0000 0.0000 41.3188 -18.2460 46.1374 -42.2980 22.7553 -3.3384 0.0000 0.0000 0.0000 0.0000 0.0000 0.0000 10.0000 0.0000 0.0000 10.0000 0.0000 0.0000 0.0000 0.0000 0.0000 20.0000 0.0000 0.0000 10.0000 0.0000 0.0000 0.0000 0.0000 0.0000 20.0000 0.0000 0.0000 10.0000 0.0000 0.0000 0.0000 0.0000 0.0000 20.0000 0.0000 0.0000 10.0000 0.0000 0.0000 0.0000 0.0000 0.0000 20.0000 0.0000 0.0000 10.0000 0.0000 0.0000 0.0000 0.0000 0.0000 0.0000 0.0000 0.0000 0.0000 0.0000 0.0000 0.0000 0.0000 0.0000 0.0000 0.0000 0.0000 0.0000 0.0000 0.0000
0.0000 95.0000 0.0000 0.0000 0.0000 0.0000 0.0000 0.0000 0.0000 0.0000 0.0000 0.0000 0.0000 0.0000 0.0000 0.0000 0.0000 0.0000 0.0000 0.0000 0.0000 0.0000 0.0000 0.0000 -8.7628 -7.2638 -79.2786 3.7442 2.6426 2.7616 0.0000 0.0000 0.0000 0.0000 0.0000 0.0000 10.0000 0.0000 0.0000 10.0000 0.0000 0.0000 0.0000 0.0000 0.0000 20.0000 0.0000 0.0000 10.0000 0.0000 0.0000 0.0000 0.0000 0.0000 20.0000 0.0000 0.0000 10.0000 0.0000 0.0000 0.0000 0.0000 0.0000 20.0000 0.0000 0.0000 10.0000 0.0000 0.0000 0.0000 0.0000 0.0000 20.0000 0.0000 0.0000 10.0000 0.0000 0.0000 0.0000 0.0000 0.0000 39.6471 -18.6552 48.9915 -39.8738 22.6643 -3.0066 0.0000 0.0000 0.0000 0.0000 0.0000 0.0000 10.0000 0.0000 0.0000 10.0000 0.0000 0.0000 0.0000 0.0000 0.0000 20.0000 0.0000 0.0000 10.0000 0.0000 0.0000 0.0000 0.0000 0.0000 20.0000 0.0000 0.0000 10.0000 0.0000 0.0000 0.0000 0.0000 0.0000 20.0000 0.0000 0.0000 10.0000 0.0000 0.0000 0.0000 0.0000 0.0000 20.0000 0.0000 0.0000 10.0000 0.0000 0.0000 0.0000 0.0000 0.0000 0.0000 0.0000 0.0000 0.0000 0.0000 0.0000 0.0000 0.0000 0.0000 0.0000 0.0000 0.0000 0.0000 0.0000 0.0000
0.0000 95.0000 0.0000 0.0000 0.0000 0.0000 0.0000 0.0000 0.0000 0.0000 0.0000 0.0000 0.0000 0.0000 0.0000 0.0000 0.0000 0.0000 0.0000 0.0000 0.0000 0.0000 0.0000 0.0000 -9.1214 -7.4449 -78.4027 4.1051 2.9837 2.1770 0.0000 0.0000 0.0000 0.0000 0.0000 0.0000 10.0000 0.0000 0.0000 10.0000 0.0000 0.0000 0.0000 0.0000 0.0000 20.0000 0.0000 0.0000 10.0000 0.0000 0.0000 0.0000 0.0000 0.0000 20.0000 0.0000 0.0000 10.0000 0.0000 0.0000 0.0000 0.0000 0.0000 20.0000 0.0000 0.0000 10.0000 0.0000 0.0000 0.0000 0.0000 0.0000 20.0000 0.0000 0.0000 10.0000 0.0000 0.0000 0.0000 0.0000 0.0000 42.8271 -17.9379 43.8447 -42.8040 23.2583 -2.2187 0.0000 0.0000 0.0000 0.0000 0.0000 0.0000 10.0000 0.0000 0.0000 10.0000 0.0000 0.0000 0.0000 0.0000 0.0000 20.0000 0.0000 0.0000 10.0000 0.0000 0.0000 0.0000 0.0000 0.0000 20.0000 0.0000 0.0000 10.0000 0.0000 0.0000 0.0000 0.0000 0.0000 20.0000 0.0000 0.0000 10.0000 0.0000 0.0000 0.0000 0.0000 0.0000 20.0000 0.0000 0.0000 10.0000 0.0000 0.0000 0.0000 0.0000 0.0000 0.0000 0.0000 0.0000 0.0000 0.0000 0.0000 0.0000 0.0000 0.0000 0.0000 0.0000 0.0000 0.0000 0.0000 0.0000
0.0000 95.0000 0.0000 0.0000 0.0000 0.0000 0.0000 0.0000 0.0000 0.0000 0.0000 0.0000 0.0000 0.0000 0.0000 0.0000 0.0000 0.0000 0.0000 0.0000 0.0000 0.0000 0.0000 0.0000 -9.3044 -7.5058 -77.7429 4.0630 3.0855 1.2533 0.0000 0.0000 0.0000 0.0000 0.0000 0.0000 10.0000 0.0000 0.0000 10.0000 0.0000 0.0000 0.0000 0.0000 0.0000 20.0000 0.0000 0.0000 10.0000 0.0000 0.0000 0.0000 0.0000 0.0000 20.0000 0.0000 0.0000 10.0000 0.0000 0.0000 0.0000 0.0000 0.0000 20.0000 0.0000 0.0000 10.0000 0.0000 0.0000 0.0000 0.0000 0.0000 20.0000 0.0000 0.0000 10.0000 0.0000 0.0000 0.0000 0.0000 0.0000 45.0740 -17.1917 40.0305 -45.1950 23.7494 -1.5874 0.0000 0.0000 0.0000 0.0000 0.0000 0.0000 10.0000 0.0000 0.0000 10.0000 0.0000 0.0000 0.0000 0.0000 0.0000 20.0000 0.0000 0.0000 10.0000 0.0000 0.0000 0.0000 0.0000 0.0000 20.0000 0.0000 0.0000 10.0000 0.0000 0.0000 0.0000 0.0000 0.0000 20.0000 0.0000 0.0000 10.0000 0.0000 0.0000 0.0000 0.0000 0.0000 20.0000 0.0000 0.0000 10.0000 0.0000 0.0000 0.0000 0.0000 0.0000 0.0000 0.0000 0.0000 0.0000 0.0000 0.0000 0.0000 0.0000 0.0000 0.0000 0.0000 0.0000 0.0000 0.0000 0.0000
0.0000 95.0000 0.0000 0.0000 0.0000 0.0000 0.0000 0.0000 0.0000 0.0000 0.0000 0.0000 0.0000 0.0000 0.0000 0.0000 0.0000 0.0000 0.0000 0.0000 0.0000 0.0000 0.0000 0.0000 -9.3710 -7.5563 -77.7185 3.8925 2.9596 1.1836 0.0000 0.0000 0.0000 0.0000 0.0000 0.0000 10.0000 0.0000 0.0000 10.0000 0.0000 0.0000 0.0000 0.0000 0.0000 20.0000 0.0000 0.0000 10.0000 0.0000 0.0000 0.0000 0.0000 0.0000 20.0000 0.0000 0.0000 10.0000 0.0000 0.0000 0.0000 0.0000 0.0000 20.0000 0.0000 0.0000 10.0000 0.0000 0.0000 0.0000 0.0000 0.0000 20.0000 0.0000 0.0000 10.0000 0.0000 0.0000 0.0000 0.0000 0.0000 44.7279 -17.6413 41.3291 -44.3462 23.6387 -1.8604 0.0000 0.0000 0.0000 0.0000 0.0000 0.0000 10.0000 0.0000 0.0000 10.0000 0.0000 0.0000 0.0000 0.0000 0.0000 20.0000 0.0000 0.0000 10.0000 0.0000 0.0000 0.0000 0.0000 0.0000 20.0000 0.0000 0.0000 10.0000 0.0000 0.0000 0.0000 0.0000 0.0000 20.0000 0.0000 0.0000 10.0000 0.0000 0.0000 0.0000 0.0000 0.0000 20.0000 0.0000 0.0000 10.0000 0.0000 0.0000 0.0000 0.0000 0.0000 0.0000 0.0000 0.0000 0.0000 0.0000 0.0000 0.0000 0.0000 0.0000 0.0000 0.0000 0.0000 0.0000 0.0000 0.0000
0.0000 95.0000 0.0000 0.0000 0.0000 0.0000 0.0000 0.0000 0.0000 0.0000 0.0000 0.0000 0.0000 0.0000 0.0000 0.0000 0.0000 0.0000 0.0000 0.0000 0.0000 0.0000 0.0000 0.0000 -9.4787 -7.5462 -77.0014 4.0936 3.2531 0.2892 0.0000 0.0000 0.0000 0.0000 0.0000 0.0000 10.0000 0.0000 0.0000 10.0000 0.0000 0.0000 0.0000 0.0000 0.0000 20.0000 0.0000 0.0000 10.0000 0.0000 0.0000 0.0000 0.0000 0.0000 20.0000 0.0000 0.0000 10.0000 0.0000 0.0000 0.0000 0.0000 0.0000 20.0000 0.0000 0.0000 10.0000 0.0000 0.0000 0.0000 0.0000 0.0000 20.0000 0.0000 0.0000 10.0000 0.0000 0.0000 0.0000 0.0000 0.0000 48.5368 -15.5183 33.6318 -50.0981 22.5916 -2.2224 0.0000 0.0000 0.0000 0.0000 0.0000 0.0000 10.0000 0.0000 0.0000 10.0000 0.0000 0.0000 0.0000 0.0000 0.0000 20.0000 0.0000 0.0000 10.0000 0.0000 0.0000 0.0000 0.0000 0.0000 20.0000 0.0000 0.0000 10.0000 0.0000 0.0000 0.0000 0.0000 0.0000 20.0000 0.0000 0.0000 10.0000 0.0000 0.0000 0.0000 0.0000 0.0000 20.0000 0.0000 0.0000 10.0000 0.0000 0.0000 0.0000 0.0000 0.0000 0.0000 0.0000 0.0000 0.0000 0.0000 0.0000 0.0000 0.0000 0.0000 0.0000 0.0000 0.0000 0.0000 0.0000 0.0000
0.0000 95.0000 0.0000 0.0000 0.0000 0.0000 0.0000 0.0000 0.0000 0.0000 0.0000 0.0000 0.0000 0.0000 0.0000 0.0000 0.0000 0.0000 0.0000 0.0000 0.0000 0.0000 0.0000 0.0000 -9.4859 -7.4221 -76.0321 4.3525 3.7006 -1.2179 0.0000 0.0000 0.0000 0.0000 0.0000 0.0000 10.0000 0.0000 0.0000 10.0000 0.0000 0.0000 0.0000 0.0000 0.0000 20.0000 0.0000 0.0000 10.0000 0.0000 0.0000 0.0000 0.0000 0.0000 20.0000 0.0000 0.0000 10.0000 0.0000 0.0000 0.0000 0.0000 0.0000 20.0000 0.0000 0.0000 10.0000 0.0000 0.0000 0.0000 0.0000 0.0000 20.0000 0.0000 0.0000 10.0000 0.0000 0.0000 0.0000 0.0000 0.0000 52.5424 -12.4883 24.9967 -57.3894 15.5120 -5.7372 0.0000 0.0000 0.0000 0.0000 0.0000 0.0000 10.0000 0.0000 0.0000 10.0000 0.0000 0.0000 0.0000 0.0000 0.0000 20.0000 0.0000 0.0000 10.0000 0.0000 0.0000 0.0000 0.0000 0.0000 20.0000 0.0000 0.0000 10.0000 0.0000 0.0000 0.0000 0.0000 0.0000 20.0000 0.0000 0.0000 10.0000 0.0000 0.0000 0.0000 0.0000 0.0000 20.0000 0.0000 0.0000 10.0000 0.0000 0.0000 0.0000 0.0000 0.0000 0.0000 0.0000 0.0000 0.0000 0.0000 0.0000 0.0000 0.0000 0.0000 0.0000 0.0000 0.0000 0.0000 0.0000 0.0000
0.0000 95.0000 0.0000 0.0000 0.0000 0.0000 0.0000 0.0000 0.0000 0.0000 0.0000 0.0000 0.0000 0.0000 0.0000 0.0000 0.0000 0.0000 0.0000 0.0000 0.0000 0.0000 0.0000 0.0000 -9.4875 -7.3502 -75.4806 4.5757 3.8744 -1.3651 0.0000 0.0000 0.0000 0.0000 0.0000 0.0000 10.0000 0.0000 0.0000 10.0000 0.0000 0.0000 0.0000 0.0000 0.0000 20.0000 0.0000 0.0000 10.0000 0.0000 0.0000 0.0000 0.0000 0.0000 20.0000 0.0000 0.0000 10.0000 0.0000 0.0000 0.0000 0.0000 0.0000 20.0000 0.0000 0.0000 10.0000 0.0000 0.0000 0.0000 0.0000 0.0000 20.0000 0.0000 0.0000 10.0000 0.0000 0.0000 0.0000 0.0000 0.0000 53.8822 -11.4062 22.2341 -58.9698 16.2713 -4.1760 0.0000 0.0000 0.0000 0.0000 0.0000 0.0000 10.0000 0.0000 0.0000 10.0000 0.0000 0.0000 0.0000 0.0000 0.0000 20.0000 0.0000 0.0000 10.0000 0.0000 0.0000 0.0000 0.0000 0.0000 20.0000 0.0000 0.0000 10.0000 0.0000 0.0000 0.0000 0.0000 0.0000 20.0000 0.0000 0.0000 10.0000 0.0000 0.0000 0.0000 0.0000 0.0000 20.0000 0.0000 0.0000 10.0000 0.0000 0.0000 0.0000 0.0000 0.0000 0.0000 0.0000 0.0000 0.0000 0.0000 0.0000 0.0000 0.0000 0.0000 0.0000 0.0000 0.0000 0.0000 0.0000 0.0000
0.0000 95.0000 0.0000 0.0000 0.0000 0.0000 0.0000 0.0000 0.0000 0.0000 0.0000 0.0000 0.0000 0.0000 0.0000 0.0000 0.0000 0.0000 0.0000 0.0000 0.0000 0.0000 0.0000 0.0000 -9.0871 -7.1176 -76.0954 4.0327 3.6065 -2.1277 0.0000 0.0000 0.0000 0.0000 0.0000 0.0000 10.0000 0.0000 0.0000 10.0000 0.0000 0.0000 0.0000 0.0000 0.0000 20.0000 0.0000 0.0000 10.0000 0.0000 0.0000 0.0000 0.0000 0.0000 20.0000 0.0000 0.0000 10.0000 0.0000 0.0000 0.0000 0.0000 0.0000 20.0000 0.0000 0.0000 10.0000 0.0000 0.0000 0.0000 0.0000 0.0000 20.0000 0.0000 0.0000 10.0000 0.0000 0.0000 0.0000 0.0000 0.0000 54.2603 -6.8447 13.3139 -63.6092 9.2104 -3.6944 0.0000 0.0000 0.0000 0.0000 0.0000 0.0000 10.0000 0.0000 0.0000 10.0000 0.0000 0.0000 0.0000 0.0000 0.0000 20.0000 0.0000 0.0000 10.0000 0.0000 0.0000 0.0000 0.0000 0.0000 20.0000 0.0000 0.0000 10.0000 0.0000 0.0000 0.0000 0.0000 0.0000 20.0000 0.0000 0.0000 10.0000 0.0000 0.0000 0.0000 0.0000 0.0000 20.0000 0.0000 0.0000 10.0000 0.0000 0.0000 0.0000 0.0000 0.0000 0.0000 0.0000 0.0000 0.0000 0.0000 0.0000 0.0000 0.0000 0.0000 0.0000 0.0000 0.0000 0.0000 0.0000 0.0000
0.0000 95.0000 0.0000 0.0000 0.0000 0.0000 0.0000 0.0000 0.0000 0.0000 0.0000 0.0000 0.0000 0.0000 0.0000 0.0000 0.0000 0.0000 0.0000 0.0000 0.0000 0.0000 0.0000 0.0000 -8.9663 -7.0103 -75.9963 3.6851 3.1983 -1.5340 0.0000 0.0000 0.0000 0.0000 0.0000 0.0000 10.0000 0.0000 0.0000 10.0000 0.0000 0.0000 0.0000 0.0000 0.0000 20.0000 0.0000 0.0000 10.0000 0.0000 0.0000 0.0000 0.0000 0.0000 20.0000 0.0000 0.0000 10.0000 0.0000 0.0000 0.0000 0.0000 0.0000 20.0000 0.0000 0.0000 10.0000 0.0000 0.0000 0.0000 0.0000 0.0000 20.0000 0.0000 0.0000 10.0000 0.0000 0.0000 0.0000 0.0000 0.0000 51.6689 -8.5504 17.5544 -57.8800 21.9705 3.6439 0.0000 0.0000 0.0000 0.0000 0.0000 0.0000 10.0000 0.0000 0.0000 10.0000 0.0000 0.0000 0.0000 0.0000 0.0000 20.0000 0.0000 0.0000 10.0000 0.0000 0.0000 0.0000 0.0000 0.0000 20.0000 0.0000 0.0000 10.0000 0.0000 0.0000 0.0000 0.0000 0.0000 20.0000 0.0000 0.0000 10.0000 0.0000 0.0000 0.0000 0.0000 0.0000 20.0000 0.0000 0.0000 10.0000 0.0000 0.0000 0.0000 0.0000 0.0000 0.0000 0.0000 0.0000 0.0000 0.0000 0.0000 0.0000 0.0000 0.0000 0.0000 0.0000 0.0000 0.0000 0.0000 0.0000
0.0000 95.0000 0.0000 0.0000 0.0000 0.0000 0.0000 0.0000 0.0000 0.0000 0.0000 0.0000 0.0000 0.0000 0.0000 0.0000 0.0000 0.0000 0.0000 0.0000 0.0000 0.0000 0.0000 0.0000 -9.2681 -7.2552 -76.0616 3.9458 3.3900 -1.3510 0.0000 0.0000 0.0000 0.0000 0.0000 0.0000 10.0000 0.0000 0.0000 10.0000 0.0000 0.0000 0.0000 0.0000 0.0000 20.0000 0.0000 0.0000 10.0000 0.0000 0.0000 0.0000 0.0000 0.0000 20.0000 0.0000 0.0000 10.0000 0.0000 0.0000 0.0000 0.0000 0.0000 20.0000 0.0000 0.0000 10.0000 0.0000 0.0000 0.0000 0.0000 0.0000 20.0000 0.0000 0.0000 10.0000 0.0000 0.0000 0.0000 0.0000 0.0000 50.7306 -9.5777 20.0423 -54.3874 27.3406 7.5315 0.0000 0.0000 0.0000 0.0000 0.0000 0.0000 10.0000 0.0000 0.0000 10.0000 0.0000 0.0000 0.0000 0.0000 0.0000 20.0000 0.0000 0.0000 10.0000 0.0000 0.0000 0.0000 0.0000 0.0000 20.0000 0.0000 0.0000 10.0000 0.0000 0.0000 0.0000 0.0000 0.0000 20.0000 0.0000 0.0000 10.0000 0.0000 0.0000 0.0000 0.0000 0.0000 20.0000 0.0000 0.0000 10.0000 0.0000 0.0000 0.0000 0.0000 0.0000 0.0000 0.0000 0.0000 0.0000 0.0000 0.0000 0.0000 0.0000 0.0000 0.0000 0.0000 0.0000 0.0000 0.0000 0.0000
0.0000 95.0000 0.0000 0.0000 0.0000 0.0000 0.0000 0.0000 0.0000 0.0000 0.0000 0.0000 0.0000 0.0000 0.0000 0.0000 0.0000 0.0000 0.0000 0.0000 0.0000 0.0000 0.0000 0.0000 -9.9521 -7.8223 -76.2806 4.7295 4.1116 -1.5511 0.0000 0.0000 0.0000 0.0000 0.0000 0.0000 10.0000 0.0000 0.0000 10.0000 0.0000 0.0000 0.0000 0.0000 0.0000 20.0000 0.0000 0.0000 10.0000 0.0000 0.0000 0.0000 0.0000 0.0000 20.0000 0.0000 0.0000 10.0000 0.0000 0.0000 0.0000 0.0000 0.0000 20.0000 0.0000 0.0000 10.0000 0.0000 0.0000 0.0000 0.0000 0.0000 20.0000 0.0000 0.0000 10.0000 0.0000 0.0000 0.0000 0.0000 0.0000 50.6623 -10.4746 21.9186 -51.9585 31.7203 10.7740 0.0000 0.0000 0.0000 0.0000 0.0000 0.0000 10.0000 0.0000 0.0000 10.0000 0.0000 0.0000 0.0000 0.0000 0.0000 20.0000 0.0000 0.0000 10.0000 0.0000 0.0000 0.0000 0.0000 0.0000 20.0000 0.0000 0.0000 10.0000 0.0000 0.0000 0.0000 0.0000 0.0000 20.0000 0.0000 0.0000 10.0000 0.0000 0.0000 0.0000 0.0000 0.0000 20.0000 0.0000 0.0000 10.0000 0.0000 0.0000 0.0000 0.0000 0.0000 0.0000 0.0000 0.0000 0.0000 0.0000 0.0000 0.0000 0.0000 0.0000 0.0000 0.0000 0.0000 0.0000 0.0000 0.0000
0.0000 95.0000 0.0000 0.0000 0.0000 0.0000 0.0000 0.0000 0.0000 0.0000 0.0000 0.0000 0.0000 0.0000 0.0000 0.0000 0.0000 0.0000 0.0000 0.0000 0.0000 0.0000 0.0000 0.0000 -11.0029 -8.7079 -76.6530 6.0069 5.4047 -2.1759 0.0000 0.0000 0.0000 0.0000 0.0000 0.0000 10.0000 0.0000 0.0000 10.0000 0.0000 0.0000 0.0000 0.0000 0.0000 20.0000 0.0000 0.0000 10.0000 0.0000 0.0000 0.0000 0.0000 0.0000 20.0000 0.0000 0.0000 10.0000 0.0000 0.0000 0.0000 0.0000 0.0000 20.0000 0.0000 0.0000 10.0000 0.0000 0.0000 0.0000 0.0000 0.0000 20.0000 0.0000 0.0000 10.0000 0.0000 0.0000 0.0000 0.0000 0.0000 51.0074 -11.4060 23.6471 -50.1308 35.8326 13.6105 0.0000 0.0000 0.0000 0.0000 0.0000 0.0000 10.0000 0.0000 0.0000 10.0000 0.0000 0.0000 0.0000 0.0000 0.0000 20.0000 0.0000 0.0000 10.0000 0.0000 0.0000 0.0000 0.0000 0.0000 20.0000 0.0000 0.0000 10.0000 0.0000 0.0000 0.0000 0.0000 0.0000 20.0000 0.0000 0.0000 10.0000 0.0000 0.0000 0.0000 0.0000 0.0000 20.0000 0.0000 0.0000 10.0000 0.0000 0.0000 0.0000 0.0000 0.0000 0.0000 0.0000 0.0000 0.0000 0.0000 0.0000 0.0000 0.0000 0.0000 0.0000 0.0000 0.0000 0.0000 0.0000 0.0000
0.0000 95.0000 0.0000 0.0000 0.0000 0.0000 0.0000 0.0000 0.0000 0.0000 0.0000 0.0000 0.0000 0.0000 0.0000 0.0000 0.0000 0.0000 0.0000 0.0000 0.0000 0.0000 0.0000 0.0000 -12.4261 -9.9265 -77.1593 7.7698 7.3977 -3.2957 0.0000 0.0000 0.0000 0.0000 0.0000 0.0000 10.0000 0.0000 0.0000 10.0000 0.0000 0.0000 0.0000 0.0000 0.0000 20.0000 0.0000 0.0000 10.0000 0.0000 0.0000 0.0000 0.0000 0.0000 20.0000 0.0000 0.0000 10.0000 0.0000 0.0000 0.0000 0.0000 0.0000 20.0000 0.0000 0.0000 10.0000 0.0000 0.0000 0.0000 0.0000 0.0000 20.0000 0.0000 0.0000 10.0000 0.0000 0.0000 0.0000 0.0000 0.0000 51.5186 -12.4079 25.3907 -48.6096 39.9365 16.2409 0.0000 0.0000 0.0000 0.0000 0.0000 0.0000 10.0000 0.0000 0.0000 10.0000 0.0000 0.0000 0.0000 0.0000 0.0000 20.0000 0.0000 0.0000 10.0000 0.0000 0.0000 0.0000 0.0000 0.0000 20.0000 0.0000 0.0000 10.0000 0.0000 0.0000 0.0000 0.0000 0.0000 20.0000 0.0000 0.0000 10.0000 0.0000 0.0000 0.0000 0.0000 0.0000 20.0000 0.0000 0.0000 10.0000 0.0000 0.0000 0.0000 0.0000 0.0000 0.0000 0.0000 0.0000 0.0000 0.0000 0.0000 0.0000 0.0000 0.0000 0.0000 0.0000 0.0000 0.0000 0.0000 0.0000
0.0000 95.0000 0.0000 0.0000 0.0000 0.0000 0.0000 0.0000 0.0000 0.0000 0.0000 0.0000 0.0000 0.0000 0.0000 0.0000 0.0000 0.0000 0.0000 0.0000 0.0000 0.0000 0.0000 0.0000 -14.2412 -11.5036 -77.7598 10.0076 10.3073 -4.9814 0.0000 0.0000 0.0000 0.0000 0.0000 0.0000 10.0000 0.0000 0.0000 10.0000 0.0000 0.0000 0.0000 0.0000 0.0000 20.0000 0.0000 0.0000 10.0000 0.0000 0.0000 0.0000 0.0000 0.0000 20.0000 0.0000 0.0000 10.0000 0.0000 0.0000 0.0000 0.0000 0.0000 20.0000 0.0000 0.0000 10.0000 0.0000 0.0000 0.0000 0.0000 0.0000 20.0000 0.0000 0.0000 10.0000 0.0000 0.0000 0.0000 0.0000 0.0000 52.3493 -13.5652 27.2056 -47.5076 44.1604 18.4555 0.0000 0.0000 0.0000 0.0000 0.0000 0.0000 10.0000 0.0000 0.0000 10.0000 0.0000 0.0000 0.0000 0.0000 0.0000 20.0000 0.0000 0.0000 10.0000 0.0000 0.0000 0.0000 0.0000 0.0000 20.0000 0.0000 0.0000 10.0000 0.0000 0.0000 0.0000 0.0000 0.0000 20.0000 0.0000 0.0000 10.0000 0.0000 0.0000 0.0000 0.0000 0.0000 20.0000 0.0000 0.0000 10.0000 0.0000 0.0000 0.0000 0.0000 0.0000 0.0000 0.0000 0.0000 0.0000 0.0000 0.0000 0.0000 0.0000 0.0000 0.0000 0.0000 0.0000 0.0000 0.0000 0.0000
0.0000 95.0000 0.0000 0.0000 0.0000 0.0000 0.0000 0.0000 0.0000 0.0000 0.0000 0.0000 0.0000 0.0000 0.0000 0.0000 0.0000 0.0000 0.0000 0.0000 0.0000 0.0000 0.0000 0.0000 -16.4828 -13.4719 -78.3908 12.6905 14.4586 -7.2958 0.0000 0.0000 0.0000 0.0000 0.0000 0.0000 10.0000 0.0000 0.0000 10.0000 0.0000 0.0000 0.0000 0.0000 0.0000 20.0000 0.0000 0.0000 10.0000 0.0000 0.0000 0.0000 0.0000 0.0000 20.0000 0.0000 0.0000 10.0000 0.0000 0.0000 0.0000 0.0000 0.0000 20.0000 0.0000 0.0000 10.0000 0.0000 0.0000 0.0000 0.0000 0.0000 20.0000 0.0000 0.0000 10.0000 0.0000 0.0000 0.0000 0.0000 0.0000 53.5160 -14.9241 29.1233 -46.8200 48.5853 20.1516 0.0000 0.0000 0.0000 0.0000 0.0000 0.0000 10.0000 0.0000 0.0000 10.0000 0.0000 0.0000 0.0000 0.0000 0.0000 20.0000 0.0000 0.0000 10.0000 0.0000 0.0000 0.0000 0.0000 0.0000 20.0000 0.0000 0.0000 10.0000 0.0000 0.0000 0.0000 0.0000 0.0000 20.0000 0.0000 0.0000 10.0000 0.0000 0.0000 0.0000 0.0000 0.0000 20.0000 0.0000 0.0000 10.0000 0.0000 0.0000 0.0000 0.0000 0.0000 0.0000 0.0000 0.0000 0.0000 0.0000 0.0000 0.0000 0.0000 0.0000 0.0000 0.0000 0.0000 0.0000 0.0000 0.0000
0.0000 95.0000 0.0000 0.0000 0.0000 0.0000 0.0000 0.0000 0.0000 0.0000 0.0000 0.0000 0.0000 0.0000 0.0000 0.0000 0.0000 0.0000 0.0000 0.0000 0.0000 0.0000 0.0000 0.0000 -19.2047 -15.8670 -78.9582 15.7577 20.3202 -10.2848 0.0000 0.0000 0.0000 0.0000 0.0000 0.0000 10.0000 0.0000 0.0000 10.0000 0.0000 0.0000 0.0000 0.0000 0.0000 20.0000 0.0000 0.0000 10.0000 0.0000 0.0000 0.0000 0.0000 0.0000 20.0000 0.0000 0.0000 10.0000 0.0000 0.0000 0.0000 0.0000 0.0000 20.0000 0.0000 0.0000 10.0000 0.0000 0.0000 0.0000 0.0000 0.0000 20.0000 0.0000 0.0000 10.0000 0.0000 0.0000 0.0000 0.0000 0.0000 54.9624 -16.5000 31.1519 -46.4736 53.2549 21.3226 0.0000 0.0000 0.0000 0.0000 0.0000 0.0000 10.0000 0.0000 0.0000 10.0000 0.0000 0.0000 0.0000 0.0000 0.0000 20.0000 0.0000 0.0000 10.0000 0.0000 0.0000 0.0000 0.0000 0.0000 20.0000 0.0000 0.0000 10.0000 0.0000 0.0000 0.0000 0.0000 0.0000 20.0000 0.0000 0.0000 10.0000 0.0000 0.0000 0.0000 0.0000 0.0000 20.0000 0.0000 0.0000 10.0000 0.0000 0.0000 0.0000 0.0000 0.0000 0.0000 0.0000 0.0000 0.0000 0.0000 0.0000 0.0000 0.0000 0.0000 0.0000 0.0000 0.0000 0.0000 0.0000 0.0000
0.0000 95.0000 0.0000 0.0000 0.0000 0.0000 0.0000 0.0000 0.0000 0.0000 0.0000 0.0000 0.0000 0.0000 0.0000 0.0000 0.0000 0.0000 0.0000 0.0000 0.0000 0.0000 0.0000 0.0000 -22.4894 -18.7218 -79.3273 19.1282 28.5447 -13.9405 0.0000 0.0000 0.0000 0.0000 0.0000 0.0000 10.0000 0.0000 0.0000 10.0000 0.0000 0.0000 0.0000 0.0000 0.0000 20.0000 0.0000 0.0000 10.0000 0.0000 0.0000 0.0000 0.0000 0.0000 20.0000 0.0000 0.0000 10.0000 0.0000 0.0000 0.0000 0.0000 0.0000 20.0000 0.0000 0.0000 10.0000 0.0000 0.0000 0.0000 0.0000 0.0000 20.0000 0.0000 0.0000 10.0000 0.0000 0.0000 0.0000 0.0000 0.0000 56.6087 -18.2931 33.2900 -46.4463 58.2001 21.9601 0.0000 0.0000 0.0000 0.0000 0.0000 0.0000 10.0000 0.0000 0.0000 10.0000 0.0000 0.0000 0.0000 0.0000 0.0000 20.0000 0.0000 0.0000 10.0000 0.0000 0.0000 0.0000 0.0000 0.0000 20.0000 0.0000 0.0000 10.0000 0.0000 0.0000 0.0000 0.0000 0.0000 20.0000 0.0000 0.0000 10.0000 0.0000 0.0000 0.0000 0.0000 0.0000 20.0000 0.0000 0.0000 10.0000 0.0000 0.0000 0.0000 0.0000 0.0000 0.0000 0.0000 0.0000 0.0000 0.0000 0.0000 0.0000 0.0000 0.0000 0.0000 0.0000 0.0000 0.0000 0.0000 0.0000
0.0000 95.0000 0.0000 0.0000 0.0000 0.0000 0.0000 0.0000 0.0000 0.0000 0.0000 0.0000 0.0000 0.0000 0.0000 0.0000 0.0000 0.0000 0.0000 0.0000 0.0000 0.0000 0.0000 0.0000 -26.4613 -22.0539 -79.3061 22.8185 39.9905 -18.0554 0.0000 0.0000 0.0000 0.0000 0.0000 0.0000 10.0000 0.0000 0.0000 10.0000 0.0000 0.0000 0.0000 0.0000 0.0000 20.0000 0.0000 0.0000 10.0000 0.0000 0.0000 0.0000 0.0000 0.0000 20.0000 0.0000 0.0000 10.0000 0.0000 0.0000 0.0000 0.0000 0.0000 20.0000 0.0000 0.0000 10.0000 0.0000 0.0000 0.0000 0.0000 0.0000 20.0000 0.0000 0.0000 10.0000 0.0000 0.0000 0.0000 0.0000 0.0000 58.3430 -20.2943 35.5532 -46.6567 63.4056 22.1078 0.0000 0.0000 0.0000 0.0000 0.0000 0.0000 10.0000 0.0000 0.0000 10.0000 0.0000 0.0000 0.0000 0.0000 0.0000 20.0000 0.0000 0.0000 10.0000 0.0000 0.0000 0.0000 0.0000 0.0000 20.0000 0.0000 0.0000 10.0000 0.0000 0.0000 0.0000 0.0000 0.0000 20.0000 0.0000 0.0000 10.0000 0.0000 0.0000 0.0000 0.0000 0.0000 20.0000 0.0000 0.0000 10.0000 0.0000 0.0000 0.0000 0.0000 0.0000 0.0000 0.0000 0.0000 0.0000 0.0000 0.0000 0.0000 0.0000 0.0000 0.0000 0.0000 0.0000 0.0000 0.0000 0.0000
0.0000 95.0000 0.0000 0.0000 0.0000 0.0000 0.0000 0.0000 0.0000 0.0000 0.0000 0.0000 0.0000 0.0000 0.0000 0.0000 0.0000 0.0000 0.0000 0.0000 0.0000 0.0000 0.0000 0.0000 -31.3066 -25.8439 -78.6211 27.6732 55.6793 -21.5211 0.0000 0.0000 0.0000 0.0000 0.0000 0.0000 10.0000 0.0000 0.0000 10.0000 0.0000 0.0000 0.0000 0.0000 0.0000 20.0000 0.0000 0.0000 10.0000 0.0000 0.0000 0.0000 0.0000 0.0000 20.0000 0.0000 0.0000 10.0000 0.0000 0.0000 0.0000 0.0000 0.0000 20.0000 0.0000 0.0000 10.0000 0.0000 0.0000 0.0000 0.0000 0.0000 20.0000 0.0000 0.0000 10.0000 0.0000 0.0000 0.0000 0.0000 0.0000 60.0861 -22.4865 37.9374 -47.0920 68.8619 21.7744 0.0000 0.0000 0.0000 0.0000 0.0000 0.0000 10.0000 0.0000 0.0000 10.0000 0.0000 0.0000 0.0000 0.0000 0.0000 20.0000 0.0000 0.0000 10.0000 0.0000 0.0000 0.0000 0.0000 0.0000 20.0000 0.0000 0.0000 10.0000 0.0000 0.0000 0.0000 0.0000 0.0000 20.0000 0.0000 0.0000 10.0000 0.0000 0.0000 0.0000 0.0000 0.0000 20.0000 0.0000 0.0000 10.0000 0.0000 0.0000 0.0000 0.0000 0.0000 0.0000 0.0000 0.0000 0.0000 0.0000 0.0000 0.0000 0.0000 0.0000 0.0000 0.0000 0.0000 0.0000 0.0000 0.0000
0.0000 95.0000 0.0000 0.0000 0.0000 0.0000 0.0000 0.0000 0.0000 0.0000 0.0000 0.0000 0.0000 0.0000 0.0000 0.0000 0.0000 0.0000 0.0000 0.0000 0.0000 0.0000 0.0000 0.0000 -37.2986 -29.9968 -76.8883 44.0428 76.3519 -13.8731 0.0000 0.0000 0.0000 0.0000 0.0000 0.0000 10.0000 0.0000 0.0000 10.0000 0.0000 0.0000 0.0000 0.0000 0.0000 20.0000 0.0000 0.0000 10.0000 0.0000 0.0000 0.0000 0.0000 0.0000 20.0000 0.0000 0.0000 10.0000 0.0000 0.0000 0.0000 0.0000 0.0000 20.0000 0.0000 0.0000 10.0000 0.0000 0.0000 0.0000 0.0000 0.0000 20.0000 0.0000 0.0000 10.0000 0.0000 0.0000 0.0000 0.0000 0.0000 61.7674 -24.8468 40.4394 -47.8921 74.5375 20.8247 0.0000 0.0000 0.0000 0.0000 0.0000 0.0000 10.0000 0.0000 0.0000 10.0000 0.0000 0.0000 0.0000 0.0000 0.0000 20.0000 0.0000 0.0000 10.0000 0.0000 0.0000 0.0000 0.0000 0.0000 20.0000 0.0000 0.0000 10.0000 0.0000 0.0000 0.0000 0.0000 0.0000 20.0000 0.0000 0.0000 10.0000 0.0000 0.0000 0.0000 0.0000 0.0000 20.0000 0.0000 0.0000 10.0000 0.0000 0.0000 0.0000 0.0000 0.0000 0.0000 0.0000 0.0000 0.0000 0.0000 0.0000 0.0000 0.0000 0.0000 0.0000 0.0000 0.0000 0.0000 0.0000 0.0000
0.0000 95.0000 0.0000 0.0000 0.0000 0.0000 0.0000 0.0000 0.0000 0.0000 0.0000 0.0000 0.0000 0.0000 0.0000 0.0000 0.0000 0.0000 0.0000 0.0000 0.0000 0.0000 0.0000 0.0000 -44.8129 -34.2805 -73.5943 179.5147 72.5665 111.7942 0.0000 0.0000 0.0000 0.0000 0.0000 0.0000 10.0000 0.0000 0.0000 10.0000 0.0000 0.0000 0.0000 0.0000 0.0000 20.0000 0.0000 0.0000 10.0000 0.0000 0.0000 0.0000 0.0000 0.0000 20.0000 0.0000 0.0000 10.0000 0.0000 0.0000 0.0000 0.0000 0.0000 20.0000 0.0000 0.0000 10.0000 0.0000 0.0000 0.0000 0.0000 0.0000 20.0000 0.0000 0.0000 10.0000 0.0000 0.0000 0.0000 0.0000 0.0000 63.3237 -27.3478 43.0595 -49.8762 80.4500 18.4947 0.0000 0.0000 0.0000 0.0000 0.0000 0.0000 10.0000 0.0000 0.0000 10.0000 0.0000 0.0000 0.0000 0.0000 0.0000 20.0000 0.0000 0.0000 10.0000 0.0000 0.0000 0.0000 0.0000 0.0000 20.0000 0.0000 0.0000 10.0000 0.0000 0.0000 0.0000 0.0000 0.0000 20.0000 0.0000 0.0000 10.0000 0.0000 0.0000 0.0000 0.0000 0.0000 20.0000 0.0000 0.0000 10.0000 0.0000 0.0000 0.0000 0.0000 0.0000 0.0000 0.0000 0.0000 0.0000 0.0000 0.0000 0.0000 0.0000 0.0000 0.0000 0.0000 0.0000 0.0000 0.0000 0.0000
0.0000 95.0000 0.0000 0.0000 0.0000 0.0000 0.0000 0.0000 0.0000 0.0000 0.0000 0.0000 0.0000 0.0000 0.0000 0.0000 0.0000 0.0000 0.0000 0.0000 0.0000 0.0000 0.0000 0.0000 -54.2846 -38.2450 -68.1425 194.3662 35.5809 112.7497 0.0000 0.0000 0.0000 0.0000 0.0000 0.0000 10.0000 0.0000 0.0000 10.0000 0.0000 0.0000 0.0000 0.0000 0.0000 20.0000 0.0000 0.0000 10.0000 0.0000 0.0000 0.0000 0.0000 0.0000 20.0000 0.0000 0.0000 10.0000 0.0000 0.0000 0.0000 0.0000 0.0000 20.0000 0.0000 0.0000 10.0000 0.0000 0.0000 0.0000 0.0000 0.0000 20.0000 0.0000 0.0000 10.0000 0.0000 0.0000 0.0000 0.0000 0.0000 64.6974 -29.9579 45.8018 -60.2390 86.4974 7.6188 0.0000 0.0000 0.0000 0.0000 0.0000 0.0000 10.0000 0.0000 0.0000 10.0000 0.0000 0.0000 0.0000 0.0000 0.0000 20.0000 0.0000 0.0000 10.0000 0.0000 0.0000 0.0000 0.0000 0.0000 20.0000 0.0000 0.0000 10.0000 0.0000 0.0000 0.0000 0.0000 0.0000 20.0000 0.0000 0.0000 10.0000 0.0000 0.0000 0.0000 0.0000 0.0000 20.0000 0.0000 0.0000 10.0000 0.0000 0.0000 0.0000 0.0000 0.0000 0.0000 0.0000 0.0000 0.0000 0.0000 0.0000 0.0000 0.0000 0.0000 0.0000 0.0000 0.0000 0.0000 0.0000 0.0000
0.0000 95.0000 0.0000 0.0000 0.0000 0.0000 0.0000 0.0000 0.0000 0.0000 0.0000 0.0000 0.0000 0.0000 0.0000 0.0000 0.0000 0.0000 0.0000 0.0000 0.0000 0.0000 0.0000 0.0000 -65.9855 -41.1590 -60.0841 205.0007 -8.1997 95.3249 0.0000 0.0000 0.0000 0.0000 0.0000 0.0000 10.0000 0.0000 0.0000 10.0000 0.0000 0.0000 0.0000 0.0000 0.0000 20.0000 0.0000 0.0000 10.0000 0.0000 0.0000 0.0000 0.0000 0.0000 20.0000 0.0000 0.0000 10.0000 0.0000 0.0000 0.0000 0.0000 0.0000 20.0000 0.0000 0.0000 10.0000 0.0000 0.0000 0.0000 0.0000 0.0000 20.0000 0.0000 0.0000 10.0000 0.0000 0.0000 0.0000 0.0000 0.0000 65.8349 -32.6412 48.6759 -202.2804 86.8458 -135.0672 0.0000 0.0000 0.0000 0.0000 0.0000 0.0000 10.0000 0.0000 0.0000 10.0000 0.0000 0.0000 0.0000 0.0000 0.0000 20.0000 0.0000 0.0000 10.0000 0.0000 0.0000 0.0000 0.0000 0.0000 20.0000 0.0000 0.0000 10.0000 0.0000 0.0000 0.0000 0.0000 0.0000 20.0000 0.0000 0.0000 10.0000 0.0000 0.0000 0.0000 0.0000 0.0000 20.0000 0.0000 0.0000 10.0000 0.0000 0.0000 0.0000 0.0000 0.0000 0.0000 0.0000 0.0000 0.0000 0.0000 0.0000 0.0000 0.0000 0.0000 0.0000 0.0000 0.0000 0.0000 0.0000 0.0000
0.0000 95.0000 0.0000 0.0000 0.0000 0.0000 0.0000 0.0000 0.0000 0.0000 0.0000 0.0000 0.0000 0.0000 0.0000 0.0000 0.0000 0.0000 0.0000 0.0000 0.0000 0.0000 0.0000 0.0000 -79.5240 -42.0890 -49.6337 235.1165 -40.8965 53.4417 0.0000 0.0000 0.0000 0.0000 0.0000 0.0000 10.0000 0.0000 0.0000 10.0000 0.0000 0.0000 0.0000 0.0000 0.0000 20.0000 0.0000 0.0000 10.0000 0.0000 0.0000 0.0000 0.0000 0.0000 20.0000 0.0000 0.0000 10.0000 0.0000 0.0000 0.0000 0.0000 0.0000 20.0000 0.0000 0.0000 10.0000 0.0000 0.0000 0.0000 0.0000 0.0000 20.0000 0.0000 0.0000 10.0000 0.0000 0.0000 0.0000 0.0000 0.0000 66.6852 -35.3585 51.6960 -213.7075 80.5103 -147.2210 0.0000 0.0000 0.0000 0.0000 0.0000 0.0000 10.0000 0.0000 0.0000 10.0000 0.0000 0.0000 0.0000 0.0000 0.0000 20.0000 0.0000 0.0000 10.0000 0.0000 0.0000 0.0000 0.0000 0.0000 20.0000 0.0000 0.0000 10.0000 0.0000 0.0000 0.0000 0.0000 0.0000 20.0000 0.0000 0.0000 10.0000 0.0000 0.0000 0.0000 0.0000 0.0000 20.0000 0.0000 0.0000 10.0000 0.0000 0.0000 0.0000 0.0000 0.0000 0.0000 0.0000 0.0000 0.0000 0.0000 0.0000 0.0000 0.0000 0.0000 0.0000 0.0000 0.0000 0.0000 0.0000 0.0000
0.0000 95.0000 0.0000 0.0000 0.0000 0.0000 0.0000 0.0000 0.0000 0.0000 0.0000 0.0000 0.0000 0.0000 0.0000 0.0000 0.0000 0.0000 0.0000 0.0000 0.0000 0.0000 0.0000 0.0000 -93.4486 -40.2628 -38.0837 275.5667 -37.6949 -2.0836 0.0000 0.0000 0.0000 0.0000 0.0000 0.0000 10.0000 0.0000 0.0000 10.0000 0.0000 0.0000 0.0000 0.0000 0.0000 20.0000 0.0000 0.0000 10.0000 0.0000 0.0000 0.0000 0.0000 0.0000 20.0000 0.0000 0.0000 10.0000 0.0000 0.0000 0.0000 0.0000 0.0000 20.0000 0.0000 0.0000 10.0000 0.0000 0.0000 0.0000 0.0000 0.0000 20.0000 0.0000 0.0000 10.0000 0.0000 0.0000 0.0000 0.0000 0.0000 67.1997 -38.0677 54.8814 -214.2005 73.9045 -148.4523 0.0000 0.0000 0.0000 0.0000 0.0000 0.0000 10.0000 0.0000 0.0000 10.0000 0.0000 0.0000 0.0000 0.0000 0.0000 20.0000 0.0000 0.0000 10.0000 0.0000 0.0000 0.0000 0.0000 0.0000 20.0000 0.0000 0.0000 10.0000 0.0000 0.0000 0.0000 0.0000 0.0000 20.0000 0.0000 0.0000 10.0000 0.0000 0.0000 0.0000 0.0000 0.0000 20.0000 0.0000 0.0000 10.0000 0.0000 0.0000 0.0000 0.0000 0.0000 0.0000 0.0000 0.0000 0.0000 0.0000 0.0000 0.0000 0.0000 0.0000 0.0000 0.0000 0.0000 0.0000 0.0000 0.0000
0.0000 95.0000 0.0000 0.0000 0.0000 0.0000 0.0000 0.0000 0.0000 0.0000 0.0000 0.0000 0.0000 0.0000 0.0000 0.0000 0.0000 0.0000 0.0000 0.0000 0.0000 0.0000 0.0000 0.0000 -105.8301 -35.5428 -27.2374 286.9122 -18.4106 -32.0368 0.0000 0.0000 0.0000 0.0000 0.0000 0.0000 10.0000 0.0000 0.0000 10.0000 0.0000 0.0000 0.0000 0.0000 0.0000 20.0000 0.0000 0.0000 10.0000 0.0000 0.0000 0.0000 0.0000 0.0000 20.0000 0.0000 0.0000 10.0000 0.0000 0.0000 0.0000 0.0000 0.0000 20.0000 0.0000 0.0000 10.0000 0.0000 0.0000 0.0000 0.0000 0.0000 20.0000 0.0000 0.0000 10.0000 0.0000 0.0000 0.0000 0.0000 0.0000 67.3328 -40.7253 58.2557 -212.7839 66.9765 -147.6906 0.0000 0.0000 0.0000 0.0000 0.0000 0.0000 10.0000 0.0000 0.0000 10.0000 0.0000 0.0000 0.0000 0.0000 0.0000 20.0000 0.0000 0.0000 10.0000 0.0000 0.0000 0.0000 0.0000 0.0000 20.0000 0.0000 0.0000 10.0000 0.0000 0.0000 0.0000 0.0000 0.0000 20.0000 0.0000 0.0000 10.0000 0.0000 0.0000 0.0000 0.0000 0.0000 20.0000 0.0000 0.0000 10.0000 0.0000 0.0000 0.0000 0.0000 0.0000 0.0000 0.0000 0.0000 0.0000 0.0000 0.0000 0.0000 0.0000 0.0000 0.0000 0.0000 0.0000 0.0000 0.0000 0.0000
0.0000 95.0000 0.0000 0.0000 0.0000 0.0000 0.0000 0.0000 0.0000 0.0000 0.0000 0.0000 0.0000 0.0000 0.0000 0.0000 0.0000 0.0000 0.0000 0.0000 0.0000 0.0000 0.0000 0.0000 -115.4635 -28.4891 -18.2130 254.0071 -31.0279 52.4568 0.0000 0.0000 0.0000 0.0000 0.0000 0.0000 10.0000 0.0000 0.0000 10.0000 0.0000 0.0000 0.0000 0.0000 0.0000 20.0000 0.0000 0.0000 10.0000 0.0000 0.0000 0.0000 0.0000 0.0000 20.0000 0.0000 0.0000 10.0000 0.0000 0.0000 0.0000 0.0000 0.0000 20.0000 0.0000 0.0000 10.0000 0.0000 0.0000 0.0000 0.0000 0.0000 20.0000 0.0000 0.0000 10.0000 0.0000 0.0000 0.0000 0.0000 0.0000 67.0429 -43.2870 61.8452 -210.5714 59.4716 -145.9251 0.0000 0.0000 0.0000 0.0000 0.0000 0.0000 10.0000 0.0000 0.0000 10.0000 0.0000 0.0000 0.0000 0.0000 0.0000 20.0000 0.0000 0.0000 10.0000 0.0000 0.0000 0.0000 0.0000 0.0000 20.0000 0.0000 0.0000 10.0000 0.0000 0.0000 0.0000 0.0000 0.0000 20.0000 0.0000 0.0000 10.0000 0.0000 0.0000 0.0000 0.0000 0.0000 20.0000 0.0000 0.0000 10.0000 0.0000 0.0000 0.0000 0.0000 0.0000 0.0000 0.0000 0.0000 0.0000 0.0000 0.0000 0.0000 0.0000 0.0000 0.0000 0.0000 0.0000 0.0000 0.0000 0.0000
0.0000 95.0000 0.0000 0.0000 0.0000 0.0000 0.0000 0.0000 0.0000 0.0000 0.0000 0.0000 0.0000 0.0000 0.0000 0.0000 0.0000 0.0000 0.0000 0.0000 0.0000 0.0000 0.0000 0.0000 -122.2050 -19.9780 -11.1055 264.8329 -27.2129 43.0654 0.0000 0.0000 0.0000 0.0000 0.0000 0.0000 10.0000 0.0000 0.0000 10.0000 0.0000 0.0000 0.0000 0.0000 0.0000 20.0000 0.0000 0.0000 10.0000 0.0000 0.0000 0.0000 0.0000 0.0000 20.0000 0.0000 0.0000 10.0000 0.0000 0.0000 0.0000 0.0000 0.0000 20.0000 0.0000 0.0000 10.0000 0.0000 0.0000 0.0000 0.0000 0.0000 20.0000 0.0000 0.0000 10.0000 0.0000 0.0000 0.0000 0.0000 0.0000 66.2948 -45.7099 65.6762 -208.0061 50.9819 -143.4365 0.0000 0.0000 0.0000 0.0000 0.0000 0.0000 10.0000 0.0000 0.0000 10.0000 0.0000 0.0000 0.0000 0.0000 0.0000 20.0000 0.0000 0.0000 10.0000 0.0000 0.0000 0.0000 0.0000 0.0000 20.0000 0.0000 0.0000 10.0000 0.0000 0.0000 0.0000 0.0000 0.0000 20.0000 0.0000 0.0000 10.0000 0.0000 0.0000 0.0000 0.0000 0.0000 20.0000 0.0000 0.0000 10.0000 0.0000 0.0000 0.0000 0.0000 0.0000 0.0000 0.0000 0.0000 0.0000 0.0000 0.0000 0.0000 0.0000 0.0000 0.0000 0.0000 0.0000 0.0000 0.0000 0.0000
0.0000 95.0000 0.0000 0.0000 0.0000 0.0000 0.0000 0.0000 0.0000 0.0000 0.0000 0.0000 0.0000 0.0000 0.0000 0.0000 0.0000 0.0000 0.0000 0.0000 0.0000 0.0000 0.0000 0.0000 -122.3983 -19.9559 -11.0492 264.9988 -27.0905 42.1638 0.0000 0.0000 0.0000 0.0000 0.0000 0.0000 10.0000 0.0000 0.0000 10.0000 0.0000 0.0000 0.0000 0.0000 0.0000 20.0000 0.0000 0.0000 10.0000 0.0000 0.0000 0.0000 0.0000 0.0000 20.0000 0.0000 0.0000 10.0000 0.0000 0.0000 0.0000 0.0000 0.0000 20.0000 0.0000 0.0000 10.0000 0.0000 0.0000 0.0000 0.0000 0.0000 20.0000 0.0000 0.0000 10.0000 0.0000 0.0000 0.0000 0.0000 0.0000 63.7344 -46.6411 69.4799 -206.7449 48.9704 -143.0177 0.0000 0.0000 0.0000 0.0000 0.0000 0.0000 10.0000 0.0000 0.0000 10.0000 0.0000 0.0000 0.0000 0.0000 0.0000 20.0000 0.0000 0.0000 10.0000 0.0000 0.0000 0.0000 0.0000 0.0000 20.0000 0.0000 0.0000 10.0000 0.0000 0.0000 0.0000 0.0000 0.0000 20.0000 0.0000 0.0000 10.0000 0.0000 0.0000 0.0000 0.0000 0.0000 20.0000 0.0000 0.0000 10.0000 0.0000 0.0000 0.0000 0.0000 0.0000 0.0000 0.0000 0.0000 0.0000 0.0000 0.0000 0.0000 0.0000 0.0000 0.0000 0.0000 0.0000 0.0000 0.0000 0.0000
0.0000 95.0000 0.0000 0.0000 0.0000 0.0000 0.0000 0.0000 0.0000 0.0000 0.0000 0.0000 0.0000 0.0000 0.0000 0.0000 0.0000 0.0000 0.0000 0.0000 0.0000 0.0000 0.0000 0.0000 -119.5588 -24.3129 -14.3038 259.9828 -29.2436 45.5666 0.0000 0.0000 0.0000 0.0000 0.0000 0.0000 10.0000 0.0000 0.0000 10.0000 0.0000 0.0000 0.0000 0.0000 0.0000 20.0000 0.0000 0.0000 10.0000 0.0000 0.0000 0.0000 0.0000 0.0000 20.0000 0.0000 0.0000 10.0000 0.0000 0.0000 0.0000 0.0000 0.0000 20.0000 0.0000 0.0000 10.0000 0.0000 0.0000 0.0000 0.0000 0.0000 20.0000 0.0000 0.0000 10.0000 0.0000 0.0000 0.0000 0.0000 0.0000 60.1547 -46.5432 73.1956 -206.4321 50.6869 -143.7415 0.0000 0.0000 0.0000 0.0000 0.0000 0.0000 10.0000 0.0000 0.0000 10.0000 0.0000 0.0000 0.0000 0.0000 0.0000 20.0000 0.0000 0.0000 10.0000 0.0000 0.0000 0.0000 0.0000 0.0000 20.0000 0.0000 0.0000 10.0000 0.0000 0.0000 0.0000 0.0000 0.0000 20.0000 0.0000 0.0000 10.0000 0.0000 0.0000 0.0000 0.0000 0.0000 20.0000 0.0000 0.0000 10.0000 0.0000 0.0000 0.0000 0.0000 0.0000 0.0000 0.0000 0.0000 0.0000 0.0000 0.0000 0.0000 0.0000 0.0000 0.0000 0.0000 0.0000 0.0000 0.0000 0.0000
0.0000 95.0000 0.0000 0.0000 0.0000 0.0000 0.0000 0.0000 0.0000 0.0000 0.0000 0.0000 0.0000 0.0000 0.0000 0.0000 0.0000 0.0000 0.0000 0.0000 0.0000 0.0000 0.0000 0.0000 -114.5494 -29.7223 -19.3539 252.4126 -31.4263 51.0538 0.0000 0.0000 0.0000 0.0000 0.0000 0.0000 10.0000 0.0000 0.0000 10.0000 0.0000 0.0000 0.0000 0.0000 0.0000 20.0000 0.0000 0.0000 10.0000 0.0000 0.0000 0.0000 0.0000 0.0000 20.0000 0.0000 0.0000 10.0000 0.0000 0.0000 0.0000 0.0000 0.0000 20.0000 0.0000 0.0000 10.0000 0.0000 0.0000 0.0000 0.0000 0.0000 20.0000 0.0000 0.0000 10.0000 0.0000 0.0000 0.0000 0.0000 0.0000 56.1707 -45.7414 76.6509 -207.1742 55.8570 -146.0538 0.0000 0.0000 0.0000 0.0000 0.0000 0.0000 10.0000 0.0000 0.0000 10.0000 0.0000 0.0000 0.0000 0.0000 0.0000 20.0000 0.0000 0.0000 10.0000 0.0000 0.0000 0.0000 0.0000 0.0000 20.0000 0.0000 0.0000 10.0000 0.0000 0.0000 0.0000 0.0000 0.0000 20.0000 0.0000 0.0000 10.0000 0.0000 0.0000 0.0000 0.0000 0.0000 20.0000 0.0000 0.0000 10.0000 0.0000 0.0000 0.0000 0.0000 0.0000 0.0000 0.0000 0.0000 0.0000 0.0000 0.0000 0.0000 0.0000 0.0000 0.0000 0.0000 0.0000 0.0000 0.0000 0.0000
0.0000 95.0000 0.0000 0.0000 0.0000 0.0000 0.0000 0.0000 0.0000 0.0000 0.0000 0.0000 0.0000 0.0000 0.0000 0.0000 0.0000 0.0000 0.0000 0.0000 0.0000 0.0000 0.0000 0.0000 -108.1239 -34.3732 -25.2741 282.6847 -22.6618 -20.4284 0.0000 0.0000 0.0000 0.0000 0.0000 0.0000 10.0000 0.0000 0.0000 10.0000 0.0000 0.0000 0.0000 0.0000 0.0000 20.0000 0.0000 0.0000 10.0000 0.0000 0.0000 0.0000 0.0000 0.0000 20.0000 0.0000 0.0000 10.0000 0.0000 0.0000 0.0000 0.0000 0.0000 20.0000 0.0000 0.0000 10.0000 0.0000 0.0000 0.0000 0.0000 0.0000 20.0000 0.0000 0.0000 10.0000 0.0000 0.0000 0.0000 0.0000 0.0000 52.2224 -44.4839 79.6800 -209.7498 64.0806 -150.8757 0.0000 0.0000 0.0000 0.0000 0.0000 0.0000 10.0000 0.0000 0.0000 10.0000 0.0000 0.0000 0.0000 0.0000 0.0000 20.0000 0.0000 0.0000 10.0000 0.0000 0.0000 0.0000 0.0000 0.0000 20.0000 0.0000 0.0000 10.0000 0.0000 0.0000 0.0000 0.0000 0.0000 20.0000 0.0000 0.0000 10.0000 0.0000 0.0000 0.0000 0.0000 0.0000 20.0000 0.0000 0.0000 10.0000 0.0000 0.0000 0.0000 0.0000 0.0000 0.0000 0.0000 0.0000 0.0000 0.0000 0.0000 0.0000 0.0000 0.0000 0.0000 0.0000 0.0000 0.0000 0.0000 0.0000
0.0000 95.0000 0.0000 0.0000 0.0000 0.0000 0.0000 0.0000 0.0000 0.0000 0.0000 0.0000 0.0000 0.0000 0.0000 0.0000 0.0000 0.0000 0.0000 0.0000 0.0000 0.0000 0.0000 0.0000 -99.3411 -38.6488 -33.1567 270.9358 -36.5341 4.1187 0.0000 0.0000 0.0000 0.0000 0.0000 0.0000 10.0000 0.0000 0.0000 10.0000 0.0000 0.0000 0.0000 0.0000 0.0000 20.0000 0.0000 0.0000 10.0000 0.0000 0.0000 0.0000 0.0000 0.0000 20.0000 0.0000 0.0000 10.0000 0.0000 0.0000 0.0000 0.0000 0.0000 20.0000 0.0000 0.0000 10.0000 0.0000 0.0000 0.0000 0.0000 0.0000 20.0000 0.0000 0.0000 10.0000 0.0000 0.0000 0.0000 0.0000 0.0000 48.5731 -42.9743 82.2020 -216.0655 73.2118 -159.5693 0.0000 0.0000 0.0000 0.0000 0.0000 0.0000 10.0000 0.0000 0.0000 10.0000 0.0000 0.0000 0.0000 0.0000 0.0000 20.0000 0.0000 0.0000 10.0000 0.0000 0.0000 0.0000 0.0000 0.0000 20.0000 0.0000 0.0000 10.0000 0.0000 0.0000 0.0000 0.0000 0.0000 20.0000 0.0000 0.0000 10.0000 0.0000 0.0000 0.0000 0.0000 0.0000 20.0000 0.0000 0.0000 10.0000 0.0000 0.0000 0.0000 0.0000 0.0000 0.0000 0.0000 0.0000 0.0000 0.0000 0.0000 0.0000 0.0000 0.0000 0.0000 0.0000 0.0000 0.0000 0.0000 0.0000
0.0000 95.0000 0.0000 0.0000 0.0000 0.0000 0.0000 0.0000 0.0000 0.0000 0.0000 0.0000 0.0000 0.0000 0.0000 0.0000 0.0000 0.0000 0.0000 0.0000 0.0000 0.0000 0.0000 0.0000 -88.0182 -41.7785 -43.1163 240.9953 -41.3942 44.9696 0.0000 0.0000 0.0000 0.0000 0.0000 0.0000 10.0000 0.0000 0.0000 10.0000 0.0000 0.0000 0.0000 0.0000 0.0000 20.0000 0.0000 0.0000 10.0000 0.0000 0.0000 0.0000 0.0000 0.0000 20.0000 0.0000 0.0000 10.0000 0.0000 0.0000 0.0000 0.0000 0.0000 20.0000 0.0000 0.0000 10.0000 0.0000 0.0000 0.0000 0.0000 0.0000 20.0000 0.0000 0.0000 10.0000 0.0000 0.0000 0.0000 0.0000 0.0000 45.3388 -41.3813 84.2420 -234.0256 81.3245 -179.7121 0.0000 0.0000 0.0000 0.0000 0.0000 0.0000 10.0000 0.0000 0.0000 10.0000 0.0000 0.0000 0.0000 0.0000 0.0000 20.0000 0.0000 0.0000 10.0000 0.0000 0.0000 0.0000 0.0000 0.0000 20.0000 0.0000 0.0000 10.0000 0.0000 0.0000 0.0000 0.0000 0.0000 20.0000 0.0000 0.0000 10.0000 0.0000 0.0000 0.0000 0.0000 0.0000 20.0000 0.0000 0.0000 10.0000 0.0000 0.0000 0.0000 0.0000 0.0000 0.0000 0.0000 0.0000 0.0000 0.0000 0.0000 0.0000 0.0000 0.0000 0.0000 0.0000 0.0000 0.0000 0.0000 0.0000
0.0000 95.0000 0.0000 0.0000 0.0000 0.0000 0.0000 0.0000 0.0000 0.0000 0.0000 0.0000 0.0000 0.0000 0.0000 0.0000 0.0000 0.0000 0.0000 0.0000 0.0000 0.0000 0.0000 0.0000 -83.9044 -39.5856 -43.6382 234.8855 -37.8813 49.4441 0.0000 0.0000 0.0000 0.0000 0.0000 0.0000 10.0000 0.0000 0.0000 10.0000 0.0000 0.0000 0.0000 0.0000 0.0000 20.0000 0.0000 0.0000 10.0000 0.0000 0.0000 0.0000 0.0000 0.0000 20.0000 0.0000 0.0000 10.0000 0.0000 0.0000 0.0000 0.0000 0.0000 20.0000 0.0000 0.0000 10.0000 0.0000 0.0000 0.0000 0.0000 0.0000 20.0000 0.0000 0.0000 10.0000 0.0000 0.0000 0.0000 0.0000 0.0000 44.7790 -39.7879 82.5942 -327.7061 84.2349 -275.6776 0.0000 0.0000 0.0000 0.0000 0.0000 0.0000 10.0000 0.0000 0.0000 10.0000 0.0000 0.0000 0.0000 0.0000 0.0000 20.0000 0.0000 0.0000 10.0000 0.0000 0.0000 0.0000 0.0000 0.0000 20.0000 0.0000 0.0000 10.0000 0.0000 0.0000 0.0000 0.0000 0.0000 20.0000 0.0000 0.0000 10.0000 0.0000 0.0000 0.0000 0.0000 0.0000 20.0000 0.0000 0.0000 10.0000 0.0000 0.0000 0.0000 0.0000 0.0000 0.0000 0.0000 0.0000 0.0000 0.0000 0.0000 0.0000 0.0000 0.0000 0.0000 0.0000 0.0000 0.0000 0.0000 0.0000
0.0000 95.0000 0.0000 0.0000 0.0000 0.0000 0.0000 0.0000 0.0000 0.0000 0.0000 0.0000 0.0000 0.0000 0.0000 0.0000 0.0000 0.0000 0.0000 0.0000 0.0000 0.0000 0.0000 0.0000 -81.6370 -33.0552 -37.9203 239.0168 -34.9443 31.5538 0.0000 0.0000 0.0000 0.0000 0.0000 0.0000 10.0000 0.0000 0.0000 10.0000 0.0000 0.0000 0.0000 0.0000 0.0000 20.0000 0.0000 0.0000 10.0000 0.0000 0.0000 0.0000 0.0000 0.0000 20.0000 0.0000 0.0000 10.0000 0.0000 0.0000 0.0000 0.0000 0.0000 20.0000 0.0000 0.0000 10.0000 0.0000 0.0000 0.0000 0.0000 0.0000 20.0000 0.0000 0.0000 10.0000 0.0000 0.0000 0.0000 0.0000 0.0000 45.4062 -37.3210 77.8214 -366.9811 75.1415 -316.3035 0.0000 0.0000 0.0000 0.0000 0.0000 0.0000 10.0000 0.0000 0.0000 10.0000 0.0000 0.0000 0.0000 0.0000 0.0000 20.0000 0.0000 0.0000 10.0000 0.0000 0.0000 0.0000 0.0000 0.0000 20.0000 0.0000 0.0000 10.0000 0.0000 0.0000 0.0000 0.0000 0.0000 20.0000 0.0000 0.0000 10.0000 0.0000 0.0000 0.0000 0.0000 0.0000 20.0000 0.0000 0.0000 10.0000 0.0000 0.0000 0.0000 0.0000 0.0000 0.0000 0.0000 0.0000 0.0000 0.0000 0.0000 0.0000 0.0000 0.0000 0.0000 0.0000 0.0000 0.0000 0.0000 0.0000
0.0000 95.0000 0.0000 0.0000 0.0000 0.0000 0.0000 0.0000 0.0000 0.0000 0.0000 0.0000 0.0000 0.0000 0.0000 0.0000 0.0000 0.0000 0.0000 0.0000 0.0000 0.0000 0.0000 0.0000 -75.0436 -21.7482 -28.0890 237.4826 -34.2793 -3.3147 0.0000 0.0000 0.0000 0.0000 0.0000 0.0000 10.0000 0.0000 0.0000 10.0000 0.0000 0.0000 0.0000 0.0000 0.0000 20.0000 0.0000 0.0000 10.0000 0.0000 0.0000 0.0000 0.0000 0.0000 20.0000 0.0000 0.0000 10.0000 0.0000 0.0000 0.0000 0.0000 0.0000 20.0000 0.0000 0.0000 10.0000 0.0000 0.0000 0.0000 0.0000 0.0000 20.0000 0.0000 0.0000 10.0000 0.0000 0.0000 0.0000 0.0000 0.0000 45.9996 -33.5068 70.6877 -381.8167 63.7367 -332.3953 0.0000 0.0000 0.0000 0.0000 0.0000 0.0000 10.0000 0.0000 0.0000 10.0000 0.0000 0.0000 0.0000 0.0000 0.0000 20.0000 0.0000 0.0000 10.0000 0.0000 0.0000 0.0000 0.0000 0.0000 20.0000 0.0000 0.0000 10.0000 0.0000 0.0000 0.0000 0.0000 0.0000 20.0000 0.0000 0.0000 10.0000 0.0000 0.0000 0.0000 0.0000 0.0000 20.0000 0.0000 0.0000 10.0000 0.0000 0.0000 0.0000 0.0000 0.0000 0.0000 0.0000 0.0000 0.0000 0.0000 0.0000 0.0000 0.0000 0.0000 0.0000 0.0000 0.0000 0.0000 0.0000 0.0000
0.0000 95.0000 0.0000 0.0000 0.0000 0.0000 0.0000 0.0000 0.0000 0.0000 0.0000 0.0000 0.0000 0.0000 0.0000 0.0000 0.0000 0.0000 0.0000 0.0000 0.0000 0.0000 0.0000 0.0000 -60.7369 -7.4962 -12.7584 185.3934 7.3105 22.3487 0.0000 0.0000 0.0000 0.0000 0.0000 0.0000 10.0000 0.0000 0.0000 10.0000 0.0000 0.0000 0.0000 0.0000 0.0000 20.0000 0.0000 0.0000 10.0000 0.0000 0.0000 0.0000 0.0000 0.0000 20.0000 0.0000 0.0000 10.0000 0.0000 0.0000 0.0000 0.0000 0.0000 20.0000 0.0000 0.0000 10.0000 0.0000 0.0000 0.0000 0.0000 0.0000 20.0000 0.0000 0.0000 10.0000 0.0000 0.0000 0.0000 0.0000 0.0000 45.5954 -28.4607 62.2106 -389.8287 50.5525 -342.2660 0.0000 0.0000 0.0000 0.0000 0.0000 0.0000 10.0000 0.0000 0.0000 10.0000 0.0000 0.0000 0.0000 0.0000 0.0000 20.0000 0.0000 0.0000 10.0000 0.0000 0.0000 0.0000 0.0000 0.0000 20.0000 0.0000 0.0000 10.0000 0.0000 0.0000 0.0000 0.0000 0.0000 20.0000 0.0000 0.0000 10.0000 0.0000 0.0000 0.0000 0.0000 0.0000 20.0000 0.0000 0.0000 10.0000 0.0000 0.0000 0.0000 0.0000 0.0000 0.0000 0.0000 0.0000 0.0000 0.0000 0.0000 0.0000 0.0000 0.0000 0.0000 0.0000 0.0000 0.0000 0.0000 0.0000
0.0000 95.0000 0.0000 0.0000 0.0000 0.0000 0.0000 0.0000 0.0000 0.0000 0.0000 0.0000 0.0000 0.0000 0.0000 0.0000 0.0000 0.0000 0.0000 0.0000 0.0000 0.0000 0.0000 0.0000 -41.0710 1.6431 4.3845 41.5643 7.7842 -11.3821 0.0000 0.0000 0.0000 0.0000 0.0000 0.0000 10.0000 0.0000 0.0000 10.0000 0.0000 0.0000 0.0000 0.0000 0.0000 20.0000 0.0000 0.0000 10.0000 0.0000 0.0000 0.0000 0.0000 0.0000 20.0000 0.0000 0.0000 10.0000 0.0000 0.0000 0.0000 0.0000 0.0000 20.0000 0.0000 0.0000 10.0000 0.0000 0.0000 0.0000 0.0000 0.0000 20.0000 0.0000 0.0000 10.0000 0.0000 0.0000 0.0000 0.0000 0.0000 43.8464 -22.9121 53.4530 -391.6714 38.3315 -346.3128 0.0000 0.0000 0.0000 0.0000 0.0000 0.0000 10.0000 0.0000 0.0000 10.0000 0.0000 0.0000 0.0000 0.0000 0.0000 20.0000 0.0000 0.0000 10.0000 0.0000 0.0000 0.0000 0.0000 0.0000 20.0000 0.0000 0.0000 10.0000 0.0000 0.0000 0.0000 0.0000 0.0000 20.0000 0.0000 0.0000 10.0000 0.0000 0.0000 0.0000 0.0000 0.0000 20.0000 0.0000 0.0000 10.0000 0.0000 0.0000 0.0000 0.0000 0.0000 0.0000 0.0000 0.0000 0.0000 0.0000 0.0000 0.0000 0.0000 0.0000 0.0000 0.0000 0.0000 0.0000 0.0000 0.0000
0.0000 95.0000 0.0000 0.0000 0.0000 0.0000 0.0000 0.0000 0.0000 0.0000 0.0000 0.0000 0.0000 0.0000 0.0000 0.0000 0.0000 0.0000 0.0000 0.0000 0.0000 0.0000 0.0000 0.0000 -35.5403 -1.9350 -6.0327 24.5272 -1.9723 6.0972 0.0000 0.0000 0.0000 0.0000 0.0000 0.0000 10.0000 0.0000 0.0000 10.0000 0.0000 0.0000 0.0000 0.0000 0.0000 20.0000 0.0000 0.0000 10.0000 0.0000 0.0000 0.0000 0.0000 0.0000 20.0000 0.0000 0.0000 10.0000 0.0000 0.0000 0.0000 0.0000 0.0000 20.0000 0.0000 0.0000 10.0000 0.0000 0.0000 0.0000 0.0000 0.0000 20.0000 0.0000 0.0000 10.0000 0.0000 0.0000 0.0000 0.0000 0.0000 42.2413 -18.4661 45.6450 -394.6874 31.5081 -349.3347 0.0000 0.0000 0.0000 0.0000 0.0000 0.0000 10.0000 0.0000 0.0000 10.0000 0.0000 0.0000 0.0000 0.0000 0.0000 20.0000 0.0000 0.0000 10.0000 0.0000 0.0000 0.0000 0.0000 0.0000 20.0000 0.0000 0.0000 10.0000 0.0000 0.0000 0.0000 0.0000 0.0000 20.0000 0.0000 0.0000 10.0000 0.0000 0.0000 0.0000 0.0000 0.0000 20.0000 0.0000 0.0000 10.0000 0.0000 0.0000 0.0000 0.0000 0.0000 0.0000 0.0000 0.0000 0.0000 0.0000 0.0000 0.0000 0.0000 0.0000 0.0000 0.0000 0.0000 0.0000 0.0000 0.0000
0.0000 95.0000 0.0000 0.0000 0.0000 0.0000 0.0000 0.0000 0.0000 0.0000 0.0000 0.0000 0.0000 0.0000 0.0000 0.0000 0.0000 0.0000 0.0000 0.0000 0.0000 0.0000 0.0000 0.0000 -28.6011 -6.1508 -23.8043 10.7506 9.3158 -17.4546 0.0000 0.0000 0.0000 0.0000 0.0000 0.0000 10.0000 0.0000 0.0000 10.0000 0.0000 0.0000 0.0000 0.0000 0.0000 20.0000 0.0000 0.0000 10.0000 0.0000 0.0000 0.0000 0.0000 0.0000 20.0000 0.0000 0.0000 10.0000 0.0000 0.0000 0.0000 0.0000 0.0000 20.0000 0.0000 0.0000 10.0000 0.0000 0.0000 0.0000 0.0000 0.0000 20.0000 0.0000 0.0000 10.0000 0.0000 0.0000 0.0000 0.0000 0.0000 47.4480 -7.3141 16.5497 -406.6892 11.8340 -358.9454 0.0000 0.0000 0.0000 0.0000 0.0000 0.0000 10.0000 0.0000 0.0000 10.0000 0.0000 0.0000 0.0000 0.0000 0.0000 20.0000 0.0000 0.0000 10.0000 0.0000 0.0000 0.0000 0.0000 0.0000 20.0000 0.0000 0.0000 10.0000 0.0000 0.0000 0.0000 0.0000 0.0000 20.0000 0.0000 0.0000 10.0000 0.0000 0.0000 0.0000 0.0000 0.0000 20.0000 0.0000 0.0000 10.0000 0.0000 0.0000 0.0000 0.0000 0.0000 0.0000 0.0000 0.0000 0.0000 0.0000 0.0000 0.0000 0.0000 0.0000 0.0000 0.0000 0.0000 0.0000 0.0000 0.0000
0.0000 95.0000 0.0000 0.0000 0.0000 0.0000 0.0000 0.0000 0.0000 0.0000 0.0000 0.0000 0.0000 0.0000 0.0000 0.0000 0.0000 0.0000 0.0000 0.0000 0.0000 0.0000 0.0000 0.0000 -23.7033 -7.2722 -33.6947 6.2046 6.4384 -14.4664 0.0000 0.0000 0.0000 0.0000 0.0000 0.0000 10.0000 0.0000 0.0000 10.0000 0.0000 0.0000 0.0000 0.0000 0.0000 20.0000 0.0000 0.0000 10.0000 0.0000 0.0000 0.0000 0.0000 0.0000 20.0000 0.0000 0.0000 10.0000 0.0000 0.0000 0.0000 0.0000 0.0000 20.0000 0.0000 0.0000 10.0000 0.0000 0.0000 0.0000 0.0000 0.0000 20.0000 0.0000 0.0000 10.0000 0.0000 0.0000 0.0000 0.0000 0.0000 42.0092 3.1895 -8.2946 -399.6045 7.1425 -347.1116 0.0000 0.0000 0.0000 0.0000 0.0000 0.0000 10.0000 0.0000 0.0000 10.0000 0.0000 0.0000 0.0000 0.0000 0.0000 20.0000 0.0000 0.0000 10.0000 0.0000 0.0000 0.0000 0.0000 0.0000 20.0000 0.0000 0.0000 10.0000 0.0000 0.0000 0.0000 0.0000 0.0000 20.0000 0.0000 0.0000 10.0000 0.0000 0.0000 0.0000 0.0000 0.0000 20.0000 0.0000 0.0000 10.0000 0.0000 0.0000 0.0000 0.0000 0.0000 0.0000 0.0000 0.0000 0.0000 0.0000 0.0000 0.0000 0.0000 0.0000 0.0000 0.0000 0.0000 0.0000 0.0000 0.0000
0.0000 95.0000 0.0000 0.0000 0.0000 0.0000 0.0000 0.0000 0.0000 0.0000 0.0000 0.0000 0.0000 0.0000 0.0000 0.0000 0.0000 0.0000 0.0000 0.0000 0.0000 0.0000 0.0000 0.0000 -20.3842 -7.9638 -42.3305 2.4203 4.6460 -14.8292 0.0000 0.0000 0.0000 0.0000 0.0000 0.0000 10.0000 0.0000 0.0000 10.0000 0.0000 0.0000 0.0000 0.0000 0.0000 20.0000 0.0000 0.0000 10.0000 0.0000 0.0000 0.0000 0.0000 0.0000 20.0000 0.0000 0.0000 10.0000 0.0000 0.0000 0.0000 0.0000 0.0000 20.0000 0.0000 0.0000 10.0000 0.0000 0.0000 0.0000 0.0000 0.0000 20.0000 0.0000 0.0000 10.0000 0.0000 0.0000 0.0000 0.0000 0.0000 39.0503 2.1327 -6.0093 -397.1792 6.1058 -348.9175 0.0000 0.0000 0.0000 0.0000 0.0000 0.0000 10.0000 0.0000 0.0000 10.0000 0.0000 0.0000 0.0000 0.0000 0.0000 20.0000 0.0000 0.0000 10.0000 0.0000 0.0000 0.0000 0.0000 0.0000 20.0000 0.0000 0.0000 10.0000 0.0000 0.0000 0.0000 0.0000 0.0000 20.0000 0.0000 0.0000 10.0000 0.0000 0.0000 0.0000 0.0000 0.0000 20.0000 0.0000 0.0000 10.0000 0.0000 0.0000 0.0000 0.0000 0.0000 0.0000 0.0000 0.0000 0.0000 0.0000 0.0000 0.0000 0.0000 0.0000 0.0000 0.0000 0.0000 0.0000 0.0000 0.0000
0.0000 95.0000 0.0000 0.0000 0.0000 0.0000 0.0000 0.0000 0.0000 0.0000 0.0000 0.0000 0.0000 0.0000 0.0000 0.0000 0.0000 0.0000 0.0000 0.0000 0.0000 0.0000 0.0000 0.0000 -20.7655 -5.6741 -30.2691 -2.5679 1.4346 -12.0802 0.0000 0.0000 0.0000 0.0000 0.0000 0.0000 10.0000 0.0000 0.0000 10.0000 0.0000 0.0000 0.0000 0.0000 0.0000 20.0000 0.0000 0.0000 10.0000 0.0000 0.0000 0.0000 0.0000 0.0000 20.0000 0.0000 0.0000 10.0000 0.0000 0.0000 0.0000 0.0000 0.0000 20.0000 0.0000 0.0000 10.0000 0.0000 0.0000 0.0000 0.0000 0.0000 20.0000 0.0000 0.0000 10.0000 0.0000 0.0000 0.0000 0.0000 0.0000 35.9506 2.0093 -6.1878 -391.3689 5.6690 -348.3092 0.0000 0.0000 0.0000 0.0000 0.0000 0.0000 10.0000 0.0000 0.0000 10.0000 0.0000 0.0000 0.0000 0.0000 0.0000 20.0000 0.0000 0.0000 10.0000 0.0000 0.0000 0.0000 0.0000 0.0000 20.0000 0.0000 0.0000 10.0000 0.0000 0.0000 0.0000 0.0000 0.0000 20.0000 0.0000 0.0000 10.0000 0.0000 0.0000 0.0000 0.0000 0.0000 20.0000 0.0000 0.0000 10.0000 0.0000 0.0000 0.0000 0.0000 0.0000 0.0000 0.0000 0.0000 0.0000 0.0000 0.0000 0.0000 0.0000 0.0000 0.0000 0.0000 0.0000 0.0000 0.0000 0.0000
0.0000 95.0000 0.0000 0.0000 0.0000 0.0000 0.0000 0.0000 0.0000 0.0000 0.0000 0.0000 0.0000 0.0000 0.0000 0.0000 0.0000 0.0000 0.0000 0.0000 0.0000 0.0000 0.0000 0.0000 -17.0348 -0.0575 -0.3841 -12.8619 0.2339 -7.6025 0.0000 0.0000 0.0000 0.0000 0.0000 0.0000 10.0000 0.0000 0.0000 10.0000 0.0000 0.0000 0.0000 0.0000 0.0000 20.0000 0.0000 0.0000 10.0000 0.0000 0.0000 0.0000 0.0000 0.0000 20.0000 0.0000 0.0000 10.0000 0.0000 0.0000 0.0000 0.0000 0.0000 20.0000 0.0000 0.0000 10.0000 0.0000 0.0000 0.0000 0.0000 0.0000 20.0000 0.0000 0.0000 10.0000 0.0000 0.0000 0.0000 0.0000 0.0000 34.9498 1.9048 -6.0454 -387.9837 5.3081 -348.3878 0.0000 0.0000 0.0000 0.0000 0.0000 0.0000 10.0000 0.0000 0.0000 10.0000 0.0000 0.0000 0.0000 0.0000 0.0000 20.0000 0.0000 0.0000 10.0000 0.0000 0.0000 0.0000 0.0000 0.0000 20.0000 0.0000 0.0000 10.0000 0.0000 0.0000 0.0000 0.0000 0.0000 20.0000 0.0000 0.0000 10.0000 0.0000 0.0000 0.0000 0.0000 0.0000 20.0000 0.0000 0.0000 10.0000 0.0000 0.0000 0.0000 0.0000 0.0000 0.0000 0.0000 0.0000 0.0000 0.0000 0.0000 0.0000 0.0000 0.0000 0.0000 0.0000 0.0000 0.0000 0.0000 0.0000
0.0000 95.0000 0.0000 0.0000 0.0000 0.0000 0.0000 0.0000 0.0000 0.0000 0.0000 0.0000 0.0000 0.0000 0.0000 0.0000 0.0000 0.0000 0.0000 0.0000 0.0000 0.0000 0.0000 0.0000 -18.3822 -0.5273 -3.2583 -17.2472 -0.4563 -3.9031 0.0000 0.0000 0.0000 0.0000 0.0000 0.0000 10.0000 0.0000 0.0000 10.0000 0.0000 0.0000 0.0000 0.0000 0.0000 20.0000 0.0000 0.0000 10.0000 0.0000 0.0000 0.0000 0.0000 0.0000 20.0000 0.0000 0.0000 10.0000 0.0000 0.0000 0.0000 0.0000 0.0000 20.0000 0.0000 0.0000 10.0000 0.0000 0.0000 0.0000 0.0000 0.0000 20.0000 0.0000 0.0000 10.0000 0.0000 0.0000 0.0000 0.0000 0.0000 44.2900 1.2854 -3.1577 -394.4302 9.8869 -346.3451 0.0000 0.0000 0.0000 0.0000 0.0000 0.0000 10.0000 0.0000 0.0000 10.0000 0.0000 0.0000 0.0000 0.0000 0.0000 20.0000 0.0000 0.0000 10.0000 0.0000 0.0000 0.0000 0.0000 0.0000 20.0000 0.0000 0.0000 10.0000 0.0000 0.0000 0.0000 0.0000 0.0000 20.0000 0.0000 0.0000 10.0000 0.0000 0.0000 0.0000 0.0000 0.0000 20.0000 0.0000 0.0000 10.0000 0.0000 0.0000 0.0000 0.0000 0.0000 0.0000 0.0000 0.0000 0.0000 0.0000 0.0000 0.0000 0.0000 0.0000 0.0000 0.0000 0.0000 0.0000 0.0000 0.0000
0.0000 95.0000 0.0000 0.0000 0.0000 0.0000 0.0000 0.0000 0.0000 0.0000 0.0000 0.0000 0.0000 0.0000 0.0000 0.0000 0.0000 0.0000 0.0000 0.0000 0.0000 0.0000 0.0000 0.0000 -14.9397 0.7426 5.6590 -19.8420 0.4161 -13.2760 0.0000 0.0000 0.0000 0.0000 0.0000 0.0000 10.0000 0.0000 0.0000 10.0000 0.0000 0.0000 0.0000 0.0000 0.0000 20.0000 0.0000 0.0000 10.0000 0.0000 0.0000 0.0000 0.0000 0.0000 20.0000 0.0000 0.0000 10.0000 0.0000 0.0000 0.0000 0.0000 0.0000 20.0000 0.0000 0.0000 10.0000 0.0000 0.0000 0.0000 0.0000 0.0000 20.0000 0.0000 0.0000 10.0000 0.0000 0.0000 0.0000 0.0000 0.0000 49.4208 -4.4408 9.6325 -387.1808 27.4796 -330.5104 0.0000 0.0000 0.0000 0.0000 0.0000 0.0000 10.0000 0.0000 0.0000 10.0000 0.0000 0.0000 0.0000 0.0000 0.0000 20.0000 0.0000 0.0000 10.0000 0.0000 0.0000 0.0000 0.0000 0.0000 20.0000 0.0000 0.0000 10.0000 0.0000 0.0000 0.0000 0.0000 0.0000 20.0000 0.0000 0.0000 10.0000 0.0000 0.0000 0.0000 0.0000 0.0000 20.0000 0.0000 0.0000 10.0000 0.0000 0.0000 0.0000 0.0000 0.0000 0.0000 0.0000 0.0000 0.0000 0.0000 0.0000 0.0000 0.0000 0.0000 0.0000 0.0000 0.0000 0.0000 0.0000 0.0000
0.0000 95.0000 0.0000 0.0000 0.0000 0.0000 0.0000 0.0000 0.0000 0.0000 0.0000 0.0000 0.0000 0.0000 0.0000 0.0000 0.0000 0.0000 0.0000 0.0000 0.0000 0.0000 0.0000 0.0000 -5.3493 0.3038 6.4966 -21.7691 -1.0619 -15.9406 0.0000 0.0000 0.0000 0.0000 0.0000 0.0000 10.0000 0.0000 0.0000 10.0000 0.0000 0.0000 0.0000 0.0000 0.0000 20.0000 0.0000 0.0000 10.0000 0.0000 0.0000 0.0000 0.0000 0.0000 20.0000 0.0000 0.0000 10.0000 0.0000 0.0000 0.0000 0.0000 0.0000 20.0000 0.0000 0.0000 10.0000 0.0000 0.0000 0.0000 0.0000 0.0000 20.0000 0.0000 0.0000 10.0000 0.0000 0.0000 0.0000 0.0000 0.0000 51.2634 -6.8215 14.1616 -378.2360 28.6587 -325.9613 0.0000 0.0000 0.0000 0.0000 0.0000 0.0000 10.0000 0.0000 0.0000 10.0000 0.0000 0.0000 0.0000 0.0000 0.0000 20.0000 0.0000 0.0000 10.0000 0.0000 0.0000 0.0000 0.0000 0.0000 20.0000 0.0000 0.0000 10.0000 0.0000 0.0000 0.0000 0.0000 0.0000 20.0000 0.0000 0.0000 10.0000 0.0000 0.0000 0.0000 0.0000 0.0000 20.0000 0.0000 0.0000 10.0000 0.0000 0.0000 0.0000 0.0000 0.0000 0.0000 0.0000 0.0000 0.0000 0.0000 0.0000 0.0000 0.0000 0.0000 0.0000 0.0000 0.0000 0.0000 0.0000 0.0000
0.0000 95.0000 0.0000 0.0000 0.0000 0.0000 0.0000 0.0000 0.0000 0.0000 0.0000 0.0000 0.0000 0.0000 0.0000 0.0000 0.0000 0.0000 0.0000 0.0000 0.0000 0.0000 0.0000 0.0000 -45.3537 5.6576 13.4886 -93.5327 -5.6913 -38.4290 0.0000 0.0000 0.0000 0.0000 0.0000 0.0000 10.0000 0.0000 0.0000 10.0000 0.0000 0.0000 0.0000 0.0000 0.0000 20.0000 0.0000 0.0000 10.0000 0.0000 0.0000 0.0000 0.0000 0.0000 20.0000 0.0000 0.0000 10.0000 0.0000 0.0000 0.0000 0.0000 0.0000 20.0000 0.0000 0.0000 10.0000 0.0000 0.0000 0.0000 0.0000 0.0000 20.0000 0.0000 0.0000 10.0000 0.0000 0.0000 0.0000 0.0000 0.0000 54.8826 -20.1765 37.8260 -350.6668 46.4148 -291.1860 0.0000 0.0000 0.0000 0.0000 0.0000 0.0000 10.0000 0.0000 0.0000 10.0000 0.0000 0.0000 0.0000 0.0000 0.0000 20.0000 0.0000 0.0000 10.0000 0.0000 0.0000 0.0000 0.0000 0.0000 20.0000 0.0000 0.0000 10.0000 0.0000 0.0000 0.0000 0.0000 0.0000 20.0000 0.0000 0.0000 10.0000 0.0000 0.0000 0.0000 0.0000 0.0000 20.0000 0.0000 0.0000 10.0000 0.0000 0.0000 0.0000 0.0000 0.0000 0.0000 0.0000 0.0000 0.0000 0.0000 0.0000 0.0000 0.0000 0.0000 0.0000 0.0000 0.0000 0.0000 0.0000 0.0000
0.0000 95.0000 0.0000 0.0000 0.0000 0.0000 0.0000 0.0000 0.0000 0.0000 0.0000 0.0000 0.0000 0.0000 0.0000 0.0000 0.0000 0.0000 0.0000 0.0000 0.0000 0.0000 0.0000 0.0000 -27.2096 -14.1252 -54.2183 -40.1652 -22.9375 -16.8070 0.0000 0.0000 0.0000 0.0000 0.0000 0.0000 10.0000 0.0000 0.0000 10.0000 0.0000 0.0000 0.0000 0.0000 0.0000 20.0000 0.0000 0.0000 10.0000 0.0000 0.0000 0.0000 0.0000 0.0000 20.0000 0.0000 0.0000 10.0000 0.0000 0.0000 0.0000 0.0000 0.0000 20.0000 0.0000 0.0000 10.0000 0.0000 0.0000 0.0000 0.0000 0.0000 20.0000 0.0000 0.0000 10.0000 0.0000 0.0000 0.0000 0.0000 0.0000 59.7797 -15.8850 27.2868 -375.3601 51.7245 -312.8089 0.0000 0.0000 0.0000 0.0000 0.0000 0.0000 10.0000 0.0000 0.0000 10.0000 0.0000 0.0000 0.0000 0.0000 0.0000 20.0000 0.0000 0.0000 10.0000 0.0000 0.0000 0.0000 0.0000 0.0000 20.0000 0.0000 0.0000 10.0000 0.0000 0.0000 0.0000 0.0000 0.0000 20.0000 0.0000 0.0000 10.0000 0.0000 0.0000 0.0000 0.0000 0.0000 20.0000 0.0000 0.0000 10.0000 0.0000 0.0000 0.0000 0.0000 0.0000 0.0000 0.0000 0.0000 0.0000 0.0000 0.0000 0.0000 0.0000 0.0000 0.0000 0.0000 0.0000 0.0000 0.0000 0.0000
0.0000 95.0000 0.0000 0.0000 0.0000 0.0000 0.0000 0.0000 0.0000 0.0000 0.0000 0.0000 0.0000 0.0000 0.0000 0.0000 0.0000 0.0000 0.0000 0.0000 0.0000 0.0000 0.0000 0.0000 -13.1768 -9.8148 -73.2533 -1.0343 1.7846 -13.9540 0.0000 0.0000 0.0000 0.0000 0.0000 0.0000 10.0000 0.0000 0.0000 10.0000 0.0000 0.0000 0.0000 0.0000 0.0000 20.0000 0.0000 0.0000 10.0000 0.0000 0.0000 0.0000 0.0000 0.0000 20.0000 0.0000 0.0000 10.0000 0.0000 0.0000 0.0000 0.0000 0.0000 20.0000 0.0000 0.0000 10.0000 0.0000 0.0000 0.0000 0.0000 0.0000 20.0000 0.0000 0.0000 10.0000 0.0000 0.0000 0.0000 0.0000 0.0000 62.1672 -10.9659 18.0940 -428.0097 42.7307 -353.4896 0.0000 0.0000 0.0000 0.0000 0.0000 0.0000 10.0000 0.0000 0.0000 10.0000 0.0000 0.0000 0.0000 0.0000 0.0000 20.0000 0.0000 0.0000 10.0000 0.0000 0.0000 0.0000 0.0000 0.0000 20.0000 0.0000 0.0000 10.0000 0.0000 0.0000 0.0000 0.0000 0.0000 20.0000 0.0000 0.0000 10.0000 0.0000 0.0000 0.0000 0.0000 0.0000 20.0000 0.0000 0.0000 10.0000 0.0000 0.0000 0.0000 0.0000 0.0000 0.0000 0.0000 0.0000 0.0000 0.0000 0.0000 0.0000 0.0000 0.0000 0.0000 0.0000 0.0000 0.0000 0.0000 0.0000
0.0000 95.0000 0.0000 0.0000 0.0000 0.0000 0.0000 0.0000 0.0000 0.0000 0.0000 0.0000 0.0000 0.0000 0.0000 0.0000 0.0000 0.0000 0.0000 0.0000 0.0000 0.0000 0.0000 0.0000 -8.9172 -7.3680 -79.0953 0.1230 0.9440 -6.0191 0.0000 0.0000 0.0000 0.0000 0.0000 0.0000 10.0000 0.0000 0.0000 10.0000 0.0000 0.0000 0.0000 0.0000 0.0000 20.0000 0.0000 0.0000 10.0000 0.0000 0.0000 0.0000 0.0000 0.0000 20.0000 0.0000 0.0000 10.0000 0.0000 0.0000 0.0000 0.0000 0.0000 20.0000 0.0000 0.0000 10.0000 0.0000 0.0000 0.0000 0.0000 0.0000 20.0000 0.0000 0.0000 10.0000 0.0000 0.0000 0.0000 0.0000 0.0000 58.8340 -16.3350 28.5612 -423.8112 37.2109 -360.4312 0.0000 0.0000 0.0000 0.0000 0.0000 0.0000 10.0000 0.0000 0.0000 10.0000 0.0000 0.0000 0.0000 0.0000 0.0000 20.0000 0.0000 0.0000 10.0000 0.0000 0.0000 0.0000 0.0000 0.0000 20.0000 0.0000 0.0000 10.0000 0.0000 0.0000 0.0000 0.0000 0.0000 20.0000 0.0000 0.0000 10.0000 0.0000 0.0000 0.0000 0.0000 0.0000 20.0000 0.0000 0.0000 10.0000 0.0000 0.0000 0.0000 0.0000 0.0000 0.0000 0.0000 0.0000 0.0000 0.0000 0.0000 0.0000 0.0000 0.0000 0.0000 0.0000 0.0000 0.0000 0.0000 0.0000
0.0000 95.0000 0.0000 0.0000 0.0000 0.0000 0.0000 0.0000 0.0000 0.0000 0.0000 0.0000 0.0000 0.0000 0.0000 0.0000 0.0000 0.0000 0.0000 0.0000 0.0000 0.0000 0.0000 0.0000 -7.3927 -6.2069 -80.0105 -0.6659 -0.2479 -3.0614 0.0000 0.0000 0.0000 0.0000 0.0000 0.0000 10.0000 0.0000 0.0000 10.0000 0.0000 0.0000 0.0000 0.0000 0.0000 20.0000 0.0000 0.0000 10.0000 0.0000 0.0000 0.0000 0.0000 0.0000 20.0000 0.0000 0.0000 10.0000 0.0000 0.0000 0.0000 0.0000 0.0000 20.0000 0.0000 0.0000 10.0000 0.0000 0.0000 0.0000 0.0000 0.0000 20.0000 0.0000 0.0000 10.0000 0.0000 0.0000 0.0000 0.0000 0.0000 50.8148 -19.9086 40.5574 -414.2857 31.8537 -363.3963 0.0000 0.0000 0.0000 0.0000 0.0000 0.0000 10.0000 0.0000 0.0000 10.0000 0.0000 0.0000 0.0000 0.0000 0.0000 20.0000 0.0000 0.0000 10.0000 0.0000 0.0000 0.0000 0.0000 0.0000 20.0000 0.0000 0.0000 10.0000 0.0000 0.0000 0.0000 0.0000 0.0000 20.0000 0.0000 0.0000 10.0000 0.0000 0.0000 0.0000 0.0000 0.0000 20.0000 0.0000 0.0000 10.0000 0.0000 0.0000 0.0000 0.0000 0.0000 0.0000 0.0000 0.0000 0.0000 0.0000 0.0000 0.0000 0.0000 0.0000 0.0000 0.0000 0.0000 0.0000 0.0000 0.0000
0.0000 95.0000 0.0000 0.0000 0.0000 0.0000 0.0000 0.0000 0.0000 0.0000 0.0000 0.0000 0.0000 0.0000 0.0000 0.0000 0.0000 0.0000 0.0000 0.0000 0.0000 0.0000 0.0000 0.0000 -7.0822 -6.0668 -81.1493 0.4669 0.4903 -0.7597 0.0000 0.0000 0.0000 0.0000 0.0000 0.0000 10.0000 0.0000 0.0000 10.0000 0.0000 0.0000 0.0000 0.0000 0.0000 20.0000 0.0000 0.0000 10.0000 0.0000 0.0000 0.0000 0.0000 0.0000 20.0000 0.0000 0.0000 10.0000 0.0000 0.0000 0.0000 0.0000 0.0000 20.0000 0.0000 0.0000 10.0000 0.0000 0.0000 0.0000 0.0000 0.0000 20.0000 0.0000 0.0000 10.0000 0.0000 0.0000 0.0000 0.0000 0.0000 42.0790 -21.5550 52.6586 -405.8613 26.0057 -367.2586 0.0000 0.0000 0.0000 0.0000 0.0000 0.0000 10.0000 0.0000 0.0000 10.0000 0.0000 0.0000 0.0000 0.0000 0.0000 20.0000 0.0000 0.0000 10.0000 0.0000 0.0000 0.0000 0.0000 0.0000 20.0000 0.0000 0.0000 10.0000 0.0000 0.0000 0.0000 0.0000 0.0000 20.0000 0.0000 0.0000 10.0000 0.0000 0.0000 0.0000 0.0000 0.0000 20.0000 0.0000 0.0000 10.0000 0.0000 0.0000 0.0000 0.0000 0.0000 0.0000 0.0000 0.0000 0.0000 0.0000 0.0000 0.0000 0.0000 0.0000 0.0000 0.0000 0.0000 0.0000 0.0000 0.0000
0.0000 95.0000 0.0000 0.0000 0.0000 0.0000 0.0000 0.0000 0.0000 0.0000 0.0000 0.0000 0.0000 0.0000 0.0000 0.0000 0.0000 0.0000 0.0000 0.0000 0.0000 0.0000 0.0000 0.0000 -7.0712 -6.1005 -81.5516 1.0970 0.9023 0.4103 0.0000 0.0000 0.0000 0.0000 0.0000 0.0000 10.0000 0.0000 0.0000 10.0000 0.0000 0.0000 0.0000 0.0000 0.0000 20.0000 0.0000 0.0000 10.0000 0.0000 0.0000 0.0000 0.0000 0.0000 20.0000 0.0000 0.0000 10.0000 0.0000 0.0000 0.0000 0.0000 0.0000 20.0000 0.0000 0.0000 10.0000 0.0000 0.0000 0.0000 0.0000 0.0000 20.0000 0.0000 0.0000 10.0000 0.0000 0.0000 0.0000 0.0000 0.0000 38.1585 -21.4999 57.5259 -402.6455 22.5098 -370.0038 0.0000 0.0000 0.0000 0.0000 0.0000 0.0000 10.0000 0.0000 0.0000 10.0000 0.0000 0.0000 0.0000 0.0000 0.0000 20.0000 0.0000 0.0000 10.0000 0.0000 0.0000 0.0000 0.0000 0.0000 20.0000 0.0000 0.0000 10.0000 0.0000 0.0000 0.0000 0.0000 0.0000 20.0000 0.0000 0.0000 10.0000 0.0000 0.0000 0.0000 0.0000 0.0000 20.0000 0.0000 0.0000 10.0000 0.0000 0.0000 0.0000 0.0000 0.0000 0.0000 0.0000 0.0000 0.0000 0.0000 0.0000 0.0000 0.0000 0.0000 0.0000 0.0000 0.0000 0.0000 0.0000 0.0000
0.0000 95.0000 0.0000 0.0000 0.0000 0.0000 0.0000 0.0000 0.0000 0.0000 0.0000 0.0000 0.0000 0.0000 0.0000 0.0000 0.0000 0.0000 0.0000 0.0000 0.0000 0.0000 0.0000 0.0000 -6.8315 -5.9042 -81.6538 1.4446 1.1948 0.4965 0.0000 0.0000 0.0000 0.0000 0.0000 0.0000 10.0000 0.0000 0.0000 10.0000 0.0000 0.0000 0.0000 0.0000 0.0000 20.0000 0.0000 0.0000 10.0000 0.0000 0.0000 0.0000 0.0000 0.0000 20.0000 0.0000 0.0000 10.0000 0.0000 0.0000 0.0000 0.0000 0.0000 20.0000 0.0000 0.0000 10.0000 0.0000 0.0000 0.0000 0.0000 0.0000 20.0000 0.0000 0.0000 10.0000 0.0000 0.0000 0.0000 0.0000 0.0000 43.6909 -19.9313 47.3352 -412.0995 20.4531 -372.6855 0.0000 0.0000 0.0000 0.0000 0.0000 0.0000 10.0000 0.0000 0.0000 10.0000 0.0000 0.0000 0.0000 0.0000 0.0000 20.0000 0.0000 0.0000 10.0000 0.0000 0.0000 0.0000 0.0000 0.0000 20.0000 0.0000 0.0000 10.0000 0.0000 0.0000 0.0000 0.0000 0.0000 20.0000 0.0000 0.0000 10.0000 0.0000 0.0000 0.0000 0.0000 0.0000 20.0000 0.0000 0.0000 10.0000 0.0000 0.0000 0.0000 0.0000 0.0000 0.0000 0.0000 0.0000 0.0000 0.0000 0.0000 0.0000 0.0000 0.0000 0.0000 0.0000 0.0000 0.0000 0.0000 0.0000
0.0000 95.0000 0.0000 0.0000 0.0000 0.0000 0.0000 0.0000 0.0000 0.0000 0.0000 0.0000 0.0000 0.0000 0.0000 0.0000 0.0000 0.0000 0.0000 0.0000 0.0000 0.0000 0.0000 0.0000 -7.2491 -6.1637 -80.7254 1.3421 1.1349 0.1169 0.0000 0.0000 0.0000 0.0000 0.0000 0.0000 10.0000 0.0000 0.0000 10.0000 0.0000 0.0000 0.0000 0.0000 0.0000 20.0000 0.0000 0.0000 10.0000 0.0000 0.0000 0.0000 0.0000 0.0000 20.0000 0.0000 0.0000 10.0000 0.0000 0.0000 0.0000 0.0000 0.0000 20.0000 0.0000 0.0000 10.0000 0.0000 0.0000 0.0000 0.0000 0.0000 20.0000 0.0000 0.0000 10.0000 0.0000 0.0000 0.0000 0.0000 0.0000 42.8863 -19.5029 47.2643 -408.6409 20.9354 -370.0633 0.0000 0.0000 0.0000 0.0000 0.0000 0.0000 10.0000 0.0000 0.0000 10.0000 0.0000 0.0000 0.0000 0.0000 0.0000 20.0000 0.0000 0.0000 10.0000 0.0000 0.0000 0.0000 0.0000 0.0000 20.0000 0.0000 0.0000 10.0000 0.0000 0.0000 0.0000 0.0000 0.0000 20.0000 0.0000 0.0000 10.0000 0.0000 0.0000 0.0000 0.0000 0.0000 20.0000 0.0000 0.0000 10.0000 0.0000 0.0000 0.0000 0.0000 0.0000 0.0000 0.0000 0.0000 0.0000 0.0000 0.0000 0.0000 0.0000 0.0000 0.0000 0.0000 0.0000 0.0000 0.0000 0.0000
0.0000 95.0000 0.0000 0.0000 0.0000 0.0000 0.0000 0.0000 0.0000 0.0000 0.0000 0.0000 0.0000 0.0000 0.0000 0.0000 0.0000 0.0000 0.0000 0.0000 0.0000 0.0000 0.0000 0.0000 -7.5343 -6.3365 -80.1051 1.3750 1.1576 0.0632 0.0000 0.0000 0.0000 0.0000 0.0000 0.0000 10.0000 0.0000 0.0000 10.0000 0.0000 0.0000 0.0000 0.0000 0.0000 20.0000 0.0000 0.0000 10.0000 0.0000 0.0000 0.0000 0.0000 0.0000 20.0000 0.0000 0.0000 10.0000 0.0000 0.0000 0.0000 0.0000 0.0000 20.0000 0.0000 0.0000 10.0000 0.0000 0.0000 0.0000 0.0000 0.0000 20.0000 0.0000 0.0000 10.0000 0.0000 0.0000 0.0000 0.0000 0.0000 42.5107 -19.1623 46.9164 -406.9088 21.0273 -368.6306 0.0000 0.0000 0.0000 0.0000 0.0000 0.0000 10.0000 0.0000 0.0000 10.0000 0.0000 0.0000 0.0000 0.0000 0.0000 20.0000 0.0000 0.0000 10.0000 0.0000 0.0000 0.0000 0.0000 0.0000 20.0000 0.0000 0.0000 10.0000 0.0000 0.0000 0.0000 0.0000 0.0000 20.0000 0.0000 0.0000 10.0000 0.0000 0.0000 0.0000 0.0000 0.0000 20.0000 0.0000 0.0000 10.0000 0.0000 0.0000 0.0000 0.0000 0.0000 0.0000 0.0000 0.0000 0.0000 0.0000 0.0000 0.0000 0.0000 0.0000 0.0000 0.0000 0.0000 0.0000 0.0000 0.0000
0.0000 95.0000 0.0000 0.0000 0.0000 0.0000 0.0000 0.0000 0.0000 0.0000 0.0000 0.0000 0.0000 0.0000 0.0000 0.0000 0.0000 0.0000 0.0000 0.0000 0.0000 0.0000 0.0000 0.0000 -8.3528 -7.0257 -80.1065 2.7748 1.9627 2.4258 0.0000 0.0000 0.0000 0.0000 0.0000 0.0000 10.0000 0.0000 0.0000 10.0000 0.0000 0.0000 0.0000 0.0000 0.0000 20.0000 0.0000 0.0000 10.0000 0.0000 0.0000 0.0000 0.0000 0.0000 20.0000 0.0000 0.0000 10.0000 0.0000 0.0000 0.0000 0.0000 0.0000 20.0000 0.0000 0.0000 10.0000 0.0000 0.0000 0.0000 0.0000 0.0000 20.0000 0.0000 0.0000 10.0000 0.0000 0.0000 0.0000 0.0000 0.0000 40.4431 -19.3347 49.6366 -402.8943 21.5798 -366.7481 0.0000 0.0000 0.0000 0.0000 0.0000 0.0000 10.0000 0.0000 0.0000 10.0000 0.0000 0.0000 0.0000 0.0000 0.0000 20.0000 0.0000 0.0000 10.0000 0.0000 0.0000 0.0000 0.0000 0.0000 20.0000 0.0000 0.0000 10.0000 0.0000 0.0000 0.0000 0.0000 0.0000 20.0000 0.0000 0.0000 10.0000 0.0000 0.0000 0.0000 0.0000 0.0000 20.0000 0.0000 0.0000 10.0000 0.0000 0.0000 0.0000 0.0000 0.0000 0.0000 0.0000 0.0000 0.0000 0.0000 0.0000 0.0000 0.0000 0.0000 0.0000 0.0000 0.0000 0.0000 0.0000 0.0000
0.0000 95.0000 0.0000 0.0000 0.0000 0.0000 0.0000 0.0000 0.0000 0.0000 0.0000 0.0000 0.0000 0.0000 0.0000 0.0000 0.0000 0.0000 0.0000 0.0000 0.0000 0.0000 0.0000 0.0000 -8.8863 -7.4687 -80.0595 3.7115 2.7556 2.1872 0.0000 0.0000 0.0000 0.0000 0.0000 0.0000 10.0000 0.0000 0.0000 10.0000 0.0000 0.0000 0.0000 0.0000 0.0000 20.0000 0.0000 0.0000 10.0000 0.0000 0.0000 0.0000 0.0000 0.0000 20.0000 0.0000 0.0000 10.0000 0.0000 0.0000 0.0000 0.0000 0.0000 20.0000 0.0000 0.0000 10.0000 0.0000 0.0000 0.0000 0.0000 0.0000 20.0000 0.0000 0.0000 10.0000 0.0000 0.0000 0.0000 0.0000 0.0000 39.7330 -19.1759 50.1114 -401.3261 21.6688 -365.6986 0.0000 0.0000 0.0000 0.0000 0.0000 0.0000 10.0000 0.0000 0.0000 10.0000 0.0000 0.0000 0.0000 0.0000 0.0000 20.0000 0.0000 0.0000 10.0000 0.0000 0.0000 0.0000 0.0000 0.0000 20.0000 0.0000 0.0000 10.0000 0.0000 0.0000 0.0000 0.0000 0.0000 20.0000 0.0000 0.0000 10.0000 0.0000 0.0000 0.0000 0.0000 0.0000 20.0000 0.0000 0.0000 10.0000 0.0000 0.0000 0.0000 0.0000 0.0000 0.0000 0.0000 0.0000 0.0000 0.0000 0.0000 0.0000 0.0000 0.0000 0.0000 0.0000 0.0000 0.0000 0.0000 0.0000
0.0000 95.0000 0.0000 0.0000 0.0000 0.0000 0.0000 0.0000 0.0000 0.0000 0.0000 0.0000 0.0000 0.0000 0.0000 0.0000 0.0000 0.0000 0.0000 0.0000 0.0000 0.0000 0.0000 0.0000 -8.8416 -7.4467 -80.1782 3.6182 2.6613 2.3215 0.0000 0.0000 0.0000 0.0000 0.0000 0.0000 10.0000 0.0000 0.0000 10.0000 0.0000 0.0000 0.0000 0.0000 0.0000 20.0000 0.0000 0.0000 10.0000 0.0000 0.0000 0.0000 0.0000 0.0000 20.0000 0.0000 0.0000 10.0000 0.0000 0.0000 0.0000 0.0000 0.0000 20.0000 0.0000 0.0000 10.0000 0.0000 0.0000 0.0000 0.0000 0.0000 20.0000 0.0000 0.0000 10.0000 0.0000 0.0000 0.0000 0.0000 0.0000 39.3438 -19.0481 50.2814 -400.3252 21.6149 -365.0464 0.0000 0.0000 0.0000 0.0000 0.0000 0.0000 10.0000 0.0000 0.0000 10.0000 0.0000 0.0000 0.0000 0.0000 0.0000 20.0000 0.0000 0.0000 10.0000 0.0000 0.0000 0.0000 0.0000 0.0000 20.0000 0.0000 0.0000 10.0000 0.0000 0.0000 0.0000 0.0000 0.0000 20.0000 0.0000 0.0000 10.0000 0.0000 0.0000 0.0000 0.0000 0.0000 20.0000 0.0000 0.0000 10.0000 0.0000 0.0000 0.0000 0.0000 0.0000 0.0000 0.0000 0.0000 0.0000 0.0000 0.0000 0.0000 0.0000 0.0000 0.0000 0.0000 0.0000 0.0000 0.0000 0.0000
0.0000 95.0000 0.0000 0.0000 0.0000 0.0000 0.0000 0.0000 0.0000 0.0000 0.0000 0.0000 0.0000 0.0000 0.0000 0.0000 0.0000 0.0000 0.0000 0.0000 0.0000 0.0000 0.0000 0.0000 -9.1856 -7.6271 -79.3703 4.0618 2.9249 2.5747 0.0000 0.0000 0.0000 0.0000 0.0000 0.0000 10.0000 0.0000 0.0000 10.0000 0.0000 0.0000 0.0000 0.0000 0.0000 20.0000 0.0000 0.0000 10.0000 0.0000 0.0000 0.0000 0.0000 0.0000 20.0000 0.0000 0.0000 10.0000 0.0000 0.0000 0.0000 0.0000 0.0000 20.0000 0.0000 0.0000 10.0000 0.0000 0.0000 0.0000 0.0000 0.0000 20.0000 0.0000 0.0000 10.0000 0.0000 0.0000 0.0000 0.0000 0.0000 40.6607 -19.0149 48.6471 -400.6716 22.2586 -364.0199 0.0000 0.0000 0.0000 0.0000 0.0000 0.0000 10.0000 0.0000 0.0000 10.0000 0.0000 0.0000 0.0000 0.0000 0.0000 20.0000 0.0000 0.0000 10.0000 0.0000 0.0000 0.0000 0.0000 0.0000 20.0000 0.0000 0.0000 10.0000 0.0000 0.0000 0.0000 0.0000 0.0000 20.0000 0.0000 0.0000 10.0000 0.0000 0.0000 0.0000 0.0000 0.0000 20.0000 0.0000 0.0000 10.0000 0.0000 0.0000 0.0000 0.0000 0.0000 0.0000 0.0000 0.0000 0.0000 0.0000 0.0000 0.0000 0.0000 0.0000 0.0000 0.0000 0.0000 0.0000 0.0000 0.0000
0.0000 95.0000 0.0000 0.0000 0.0000 0.0000 0.0000 0.0000 0.0000 0.0000 0.0000 0.0000 0.0000 0.0000 0.0000 0.0000 0.0000 0.0000 0.0000 0.0000 0.0000 0.0000 0.0000 0.0000 -9.2467 -7.4273 -77.5021 4.0655 3.0721 1.2650 0.0000 0.0000 0.0000 0.0000 0.0000 0.0000 10.0000 0.0000 0.0000 10.0000 0.0000 0.0000 0.0000 0.0000 0.0000 20.0000 0.0000 0.0000 10.0000 0.0000 0.0000 0.0000 0.0000 0.0000 20.0000 0.0000 0.0000 10.0000 0.0000 0.0000 0.0000 0.0000 0.0000 20.0000 0.0000 0.0000 10.0000 0.0000 0.0000 0.0000 0.0000 0.0000 20.0000 0.0000 0.0000 10.0000 0.0000 0.0000 0.0000 0.0000 0.0000 46.9108 -16.8508 37.6977 -408.9049 20.1876 -365.6669 0.0000 0.0000 0.0000 0.0000 0.0000 0.0000 10.0000 0.0000 0.0000 10.0000 0.0000 0.0000 0.0000 0.0000 0.0000 20.0000 0.0000 0.0000 10.0000 0.0000 0.0000 0.0000 0.0000 0.0000 20.0000 0.0000 0.0000 10.0000 0.0000 0.0000 0.0000 0.0000 0.0000 20.0000 0.0000 0.0000 10.0000 0.0000 0.0000 0.0000 0.0000 0.0000 20.0000 0.0000 0.0000 10.0000 0.0000 0.0000 0.0000 0.0000 0.0000 0.0000 0.0000 0.0000 0.0000 0.0000 0.0000 0.0000 0.0000 0.0000 0.0000 0.0000 0.0000 0.0000 0.0000 0.0000
0.0000 95.0000 0.0000 0.0000 0.0000 0.0000 0.0000 0.0000 0.0000 0.0000 0.0000 0.0000 0.0000 0.0000 0.0000 0.0000 0.0000 0.0000 0.0000 0.0000 0.0000 0.0000 0.0000 0.0000 -9.3880 -7.3568 -76.1195 4.2664 3.3370 0.2952 0.0000 0.0000 0.0000 0.0000 0.0000 0.0000 10.0000 0.0000 0.0000 10.0000 0.0000 0.0000 0.0000 0.0000 0.0000 20.0000 0.0000 0.0000 10.0000 0.0000 0.0000 0.0000 0.0000 0.0000 20.0000 0.0000 0.0000 10.0000 0.0000 0.0000 0.0000 0.0000 0.0000 20.0000 0.0000 0.0000 10.0000 0.0000 0.0000 0.0000 0.0000 0.0000 20.0000 0.0000 0.0000 10.0000 0.0000 0.0000 0.0000 0.0000 0.0000 50.5929 -14.4524 30.0352 -413.5999 19.3184 -364.5273 0.0000 0.0000 0.0000 0.0000 0.0000 0.0000 10.0000 0.0000 0.0000 10.0000 0.0000 0.0000 0.0000 0.0000 0.0000 20.0000 0.0000 0.0000 10.0000 0.0000 0.0000 0.0000 0.0000 0.0000 20.0000 0.0000 0.0000 10.0000 0.0000 0.0000 0.0000 0.0000 0.0000 20.0000 0.0000 0.0000 10.0000 0.0000 0.0000 0.0000 0.0000 0.0000 20.0000 0.0000 0.0000 10.0000 0.0000 0.0000 0.0000 0.0000 0.0000 0.0000 0.0000 0.0000 0.0000 0.0000 0.0000 0.0000 0.0000 0.0000 0.0000 0.0000 0.0000 0.0000 0.0000 0.0000
0.0000 95.0000 0.0000 0.0000 0.0000 0.0000 0.0000 0.0000 0.0000 0.0000 0.0000 0.0000 0.0000 0.0000 0.0000 0.0000 0.0000 0.0000 0.0000 0.0000 0.0000 0.0000 0.0000 0.0000 -9.1708 -7.2329 -76.4795 4.1279 3.4532 -0.7849 0.0000 0.0000 0.0000 0.0000 0.0000 0.0000 10.0000 0.0000 0.0000 10.0000 0.0000 0.0000 0.0000 0.0000 0.0000 20.0000 0.0000 0.0000 10.0000 0.0000 0.0000 0.0000 0.0000 0.0000 20.0000 0.0000 0.0000 10.0000 0.0000 0.0000 0.0000 0.0000 0.0000 20.0000 0.0000 0.0000 10.0000 0.0000 0.0000 0.0000 0.0000 0.0000 20.0000 0.0000 0.0000 10.0000 0.0000 0.0000 0.0000 0.0000 0.0000 52.8220 -10.8557 21.6619 -418.5602 14.5244 -364.6027 0.0000 0.0000 0.0000 0.0000 0.0000 0.0000 10.0000 0.0000 0.0000 10.0000 0.0000 0.0000 0.0000 0.0000 0.0000 20.0000 0.0000 0.0000 10.0000 0.0000 0.0000 0.0000 0.0000 0.0000 20.0000 0.0000 0.0000 10.0000 0.0000 0.0000 0.0000 0.0000 0.0000 20.0000 0.0000 0.0000 10.0000 0.0000 0.0000 0.0000 0.0000 0.0000 20.0000 0.0000 0.0000 10.0000 0.0000 0.0000 0.0000 0.0000 0.0000 0.0000 0.0000 0.0000 0.0000 0.0000 0.0000 0.0000 0.0000 0.0000 0.0000 0.0000 0.0000 0.0000 0.0000 0.0000
0.0000 95.0000 0.0000 0.0000 0.0000 0.0000 0.0000 0.0000 0.0000 0.0000 0.0000 0.0000 0.0000 0.0000 0.0000 0.0000 0.0000 0.0000 0.0000 0.0000 0.0000 0.0000 0.0000 0.0000 -9.0697 -7.0313 -75.5230 3.8801 2.9358 0.6247 0.0000 0.0000 0.0000 0.0000 0.0000 0.0000 10.0000 0.0000 0.0000 10.0000 0.0000 0.0000 0.0000 0.0000 0.0000 20.0000 0.0000 0.0000 10.0000 0.0000 0.0000 0.0000 0.0000 0.0000 20.0000 0.0000 0.0000 10.0000 0.0000 0.0000 0.0000 0.0000 0.0000 20.0000 0.0000 0.0000 10.0000 0.0000 0.0000 0.0000 0.0000 0.0000 20.0000 0.0000 0.0000 10.0000 0.0000 0.0000 0.0000 0.0000 0.0000 53.7062 -7.6435 15.0324 -420.9452 5.6496 -366.5402 0.0000 0.0000 0.0000 0.0000 0.0000 0.0000 10.0000 0.0000 0.0000 10.0000 0.0000 0.0000 0.0000 0.0000 0.0000 20.0000 0.0000 0.0000 10.0000 0.0000 0.0000 0.0000 0.0000 0.0000 20.0000 0.0000 0.0000 10.0000 0.0000 0.0000 0.0000 0.0000 0.0000 20.0000 0.0000 0.0000 10.0000 0.0000 0.0000 0.0000 0.0000 0.0000 20.0000 0.0000 0.0000 10.0000 0.0000 0.0000 0.0000 0.0000 0.0000 0.0000 0.0000 0.0000 0.0000 0.0000 0.0000 0.0000 0.0000 0.0000 0.0000 0.0000 0.0000 0.0000 0.0000 0.0000
0.0000 95.0000 0.0000 0.0000 0.0000 0.0000 0.0000 0.0000 0.0000 0.0000 0.0000 0.0000 0.0000 0.0000 0.0000 0.0000 0.0000 0.0000 0.0000 0.0000 0.0000 0.0000 0.0000 0.0000 -9.1805 -7.0548 -75.0324 3.8340 2.7131 1.5175 0.0000 0.0000 0.0000 0.0000 0.0000 0.0000 10.0000 0.0000 0.0000 10.0000 0.0000 0.0000 0.0000 0.0000 0.0000 20.0000 0.0000 0.0000 10.0000 0.0000 0.0000 0.0000 0.0000 0.0000 20.0000 0.0000 0.0000 10.0000 0.0000 0.0000 0.0000 0.0000 0.0000 20.0000 0.0000 0.0000 10.0000 0.0000 0.0000 0.0000 0.0000 0.0000 20.0000 0.0000 0.0000 10.0000 0.0000 0.0000 0.0000 0.0000 0.0000 53.5649 -3.6358 7.1962 -421.4200 -3.4880 -367.1018 0.0000 0.0000 0.0000 0.0000 0.0000 0.0000 10.0000 0.0000 0.0000 10.0000 0.0000 0.0000 0.0000 0.0000 0.0000 20.0000 0.0000 0.0000 10.0000 0.0000 0.0000 0.0000 0.0000 0.0000 20.0000 0.0000 0.0000 10.0000 0.0000 0.0000 0.0000 0.0000 0.0000 20.0000 0.0000 0.0000 10.0000 0.0000 0.0000 0.0000 0.0000 0.0000 20.0000 0.0000 0.0000 10.0000 0.0000 0.0000 0.0000 0.0000 0.0000 0.0000 0.0000 0.0000 0.0000 0.0000 0.0000 0.0000 0.0000 0.0000 0.0000 0.0000 0.0000 0.0000 0.0000 0.0000
0.0000 95.0000 0.0000 0.0000 0.0000 0.0000 0.0000 0.0000 0.0000 0.0000 0.0000 0.0000 0.0000 0.0000 0.0000 0.0000 0.0000 0.0000 0.0000 0.0000 0.0000 0.0000 0.0000 0.0000 -9.2622 -7.1052 -74.9347 4.0410 3.0272 0.6313 0.0000 0.0000 0.0000 0.0000 0.0000 0.0000 10.0000 0.0000 0.0000 10.0000 0.0000 0.0000 0.0000 0.0000 0.0000 20.0000 0.0000 0.0000 10.0000 0.0000 0.0000 0.0000 0.0000 0.0000 20.0000 0.0000 0.0000 10.0000 0.0000 0.0000 0.0000 0.0000 0.0000 20.0000 0.0000 0.0000 10.0000 0.0000 0.0000 0.0000 0.0000 0.0000 20.0000 0.0000 0.0000 10.0000 0.0000 0.0000 0.0000 0.0000 0.0000 51.8787 -3.0607 6.2874 -421.6239 4.1114 -361.5909 0.0000 0.0000 0.0000 0.0000 0.0000 0.0000 10.0000 0.0000 0.0000 10.0000 0.0000 0.0000 0.0000 0.0000 0.0000 20.0000 0.0000 0.0000 10.0000 0.0000 0.0000 0.0000 0.0000 0.0000 20.0000 0.0000 0.0000 10.0000 0.0000 0.0000 0.0000 0.0000 0.0000 20.0000 0.0000 0.0000 10.0000 0.0000 0.0000 0.0000 0.0000 0.0000 20.0000 0.0000 0.0000 10.0000 0.0000 0.0000 0.0000 0.0000 0.0000 0.0000 0.0000 0.0000 0.0000 0.0000 0.0000 0.0000 0.0000 0.0000 0.0000 0.0000 0.0000 0.0000 0.0000 0.0000
0.0000 95.0000 0.0000 0.0000 0.0000 0.0000 0.0000 0.0000 0.0000 0.0000 0.0000 0.0000 0.0000 0.0000 0.0000 0.0000 0.0000 0.0000 0.0000 0.0000 0.0000 0.0000 0.0000 0.0000 -10.3899 -7.1043 -68.6483 2.5757 -0.3312 13.6136 0.0000 0.0000 0.0000 0.0000 0.0000 0.0000 10.0000 0.0000 0.0000 10.0000 0.0000 0.0000 0.0000 0.0000 0.0000 20.0000 0.0000 0.0000 10.0000 0.0000 0.0000 0.0000 0.0000 0.0000 20.0000 0.0000 0.0000 10.0000 0.0000 0.0000 0.0000 0.0000 0.0000 20.0000 0.0000 0.0000 10.0000 0.0000 0.0000 0.0000 0.0000 0.0000 20.0000 0.0000 0.0000 10.0000 0.0000 0.0000 0.0000 0.0000 0.0000 51.6936 -3.9211 8.0840 -416.6355 12.9787 -355.9314 0.0000 0.0000 0.0000 0.0000 0.0000 0.0000 10.0000 0.0000 0.0000 10.0000 0.0000 0.0000 0.0000 0.0000 0.0000 20.0000 0.0000 0.0000 10.0000 0.0000 0.0000 0.0000 0.0000 0.0000 20.0000 0.0000 0.0000 10.0000 0.0000 0.0000 0.0000 0.0000 0.0000 20.0000 0.0000 0.0000 10.0000 0.0000 0.0000 0.0000 0.0000 0.0000 20.0000 0.0000 0.0000 10.0000 0.0000 0.0000 0.0000 0.0000 0.0000 0.0000 0.0000 0.0000 0.0000 0.0000 0.0000 0.0000 0.0000 0.0000 0.0000 0.0000 0.0000 0.0000 0.0000 0.0000
0.0000 95.0000 0.0000 0.0000 0.0000 0.0000 0.0000 0.0000 0.0000 0.0000 0.0000 0.0000 0.0000 0.0000 0.0000 0.0000 0.0000 0.0000 0.0000 0.0000 0.0000 0.0000 0.0000 0.0000 -12.5658 -5.1509 -44.4445 1.6066 -4.3596 38.0635 0.0000 0.0000 0.0000 0.0000 0.0000 0.0000 10.0000 0.0000 0.0000 10.0000 0.0000 0.0000 0.0000 0.0000 0.0000 20.0000 0.0000 0.0000 10.0000 0.0000 0.0000 0.0000 0.0000 0.0000 20.0000 0.0000 0.0000 10.0000 0.0000 0.0000 0.0000 0.0000 0.0000 20.0000 0.0000 0.0000 10.0000 0.0000 0.0000 0.0000 0.0000 0.0000 20.0000 0.0000 0.0000 10.0000 0.0000 0.0000 0.0000 0.0000 0.0000 51.6279 -5.3396 11.0125 -410.6335 19.4733 -351.2164 0.0000 0.0000 0.0000 0.0000 0.0000 0.0000 10.0000 0.0000 0.0000 10.0000 0.0000 0.0000 0.0000 0.0000 0.0000 20.0000 0.0000 0.0000 10.0000 0.0000 0.0000 0.0000 0.0000 0.0000 20.0000 0.0000 0.0000 10.0000 0.0000 0.0000 0.0000 0.0000 0.0000 20.0000 0.0000 0.0000 10.0000 0.0000 0.0000 0.0000 0.0000 0.0000 20.0000 0.0000 0.0000 10.0000 0.0000 0.0000 0.0000 0.0000 0.0000 0.0000 0.0000 0.0000 0.0000 0.0000 0.0000 0.0000 0.0000 0.0000 0.0000 0.0000 0.0000 0.0000 0.0000 0.0000
0.0000 95.0000 0.0000 0.0000 0.0000 0.0000 0.0000 0.0000 0.0000 0.0000 0.0000 0.0000 0.0000 0.0000 0.0000 0.0000 0.0000 0.0000 0.0000 0.0000 0.0000 0.0000 0.0000 0.0000 -9.5909 0.0366 0.4359 0.5472 0.8401 -9.4758 0.0000 0.0000 0.0000 0.0000 0.0000 0.0000 10.0000 0.0000 0.0000 10.0000 0.0000 0.0000 0.0000 0.0000 0.0000 20.0000 0.0000 0.0000 10.0000 0.0000 0.0000 0.0000 0.0000 0.0000 20.0000 0.0000 0.0000 10.0000 0.0000 0.0000 0.0000 0.0000 0.0000 20.0000 0.0000 0.0000 10.0000 0.0000 0.0000 0.0000 0.0000 0.0000 20.0000 0.0000 0.0000 10.0000 0.0000 0.0000 0.0000 0.0000 0.0000 51.5998 -6.3771 13.1474 -405.8467 23.0618 -347.7406 0.0000 0.0000 0.0000 0.0000 0.0000 0.0000 10.0000 0.0000 0.0000 10.0000 0.0000 0.0000 0.0000 0.0000 0.0000 20.0000 0.0000 0.0000 10.0000 0.0000 0.0000 0.0000 0.0000 0.0000 20.0000 0.0000 0.0000 10.0000 0.0000 0.0000 0.0000 0.0000 0.0000 20.0000 0.0000 0.0000 10.0000 0.0000 0.0000 0.0000 0.0000 0.0000 20.0000 0.0000 0.0000 10.0000 0.0000 0.0000 0.0000 0.0000 0.0000 0.0000 0.0000 0.0000 0.0000 0.0000 0.0000 0.0000 0.0000 0.0000 0.0000 0.0000 0.0000 0.0000 0.0000 0.0000
0.0000 95.0000 0.0000 0.0000 0.0000 0.0000 0.0000 0.0000 0.0000 0.0000 0.0000 0.0000 0.0000 0.0000 0.0000 0.0000 0.0000 0.0000 0.0000 0.0000 0.0000 0.0000 0.0000 0.0000 -4.2614 0.2432 6.5289 -3.5934 0.3023 -16.6481 0.0000 0.0000 0.0000 0.0000 0.0000 0.0000 10.0000 0.0000 0.0000 10.0000 0.0000 0.0000 0.0000 0.0000 0.0000 20.0000 0.0000 0.0000 10.0000 0.0000 0.0000 0.0000 0.0000 0.0000 20.0000 0.0000 0.0000 10.0000 0.0000 0.0000 0.0000 0.0000 0.0000 20.0000 0.0000 0.0000 10.0000 0.0000 0.0000 0.0000 0.0000 0.0000 20.0000 0.0000 0.0000 10.0000 0.0000 0.0000 0.0000 0.0000 0.0000 51.5546 -7.2222 14.8904 -401.7971 26.6331 -343.7550 0.0000 0.0000 0.0000 0.0000 0.0000 0.0000 10.0000 0.0000 0.0000 10.0000 0.0000 0.0000 0.0000 0.0000 0.0000 20.0000 0.0000 0.0000 10.0000 0.0000 0.0000 0.0000 0.0000 0.0000 20.0000 0.0000 0.0000 10.0000 0.0000 0.0000 0.0000 0.0000 0.0000 20.0000 0.0000 0.0000 10.0000 0.0000 0.0000 0.0000 0.0000 0.0000 20.0000 0.0000 0.0000 10.0000 0.0000 0.0000 0.0000 0.0000 0.0000 0.0000 0.0000 0.0000 0.0000 0.0000 0.0000 0.0000 0.0000 0.0000 0.0000 0.0000 0.0000 0.0000 0.0000 0.0000
0.0000 95.0000 0.0000 0.0000 0.0000 0.0000 0.0000 0.0000 0.0000 0.0000 0.0000 0.0000 0.0000 0.0000 0.0000 0.0000 0.0000 0.0000 0.0000 0.0000 0.0000 0.0000 0.0000 0.0000 -1.1582 0.0750 7.4090 -6.2719 -0.3892 -17.7761 0.0000 0.0000 0.0000 0.0000 0.0000 0.0000 10.0000 0.0000 0.0000 10.0000 0.0000 0.0000 0.0000 0.0000 0.0000 20.0000 0.0000 0.0000 10.0000 0.0000 0.0000 0.0000 0.0000 0.0000 20.0000 0.0000 0.0000 10.0000 0.0000 0.0000 0.0000 0.0000 0.0000 20.0000 0.0000 0.0000 10.0000 0.0000 0.0000 0.0000 0.0000 0.0000 20.0000 0.0000 0.0000 10.0000 0.0000 0.0000 0.0000 0.0000 0.0000 51.3521 -8.1526 16.8638 -398.8487 28.9132 -341.1660 0.0000 0.0000 0.0000 0.0000 0.0000 0.0000 10.0000 0.0000 0.0000 10.0000 0.0000 0.0000 0.0000 0.0000 0.0000 20.0000 0.0000 0.0000 10.0000 0.0000 0.0000 0.0000 0.0000 0.0000 20.0000 0.0000 0.0000 10.0000 0.0000 0.0000 0.0000 0.0000 0.0000 20.0000 0.0000 0.0000 10.0000 0.0000 0.0000 0.0000 0.0000 0.0000 20.0000 0.0000 0.0000 10.0000 0.0000 0.0000 0.0000 0.0000 0.0000 0.0000 0.0000 0.0000 0.0000 0.0000 0.0000 0.0000 0.0000 0.0000 0.0000 0.0000 0.0000 0.0000 0.0000 0.0000
0.0000 95.0000 0.0000 0.0000 0.0000 0.0000 0.0000 0.0000 0.0000 0.0000 0.0000 0.0000 0.0000 0.0000 0.0000 0.0000 0.0000 0.0000 0.0000 0.0000 0.0000 0.0000 0.0000 0.0000 0.4346 -0.0299 7.8719 -7.9508 -0.7915 -18.2326 0.0000 0.0000 0.0000 0.0000 0.0000 0.0000 10.0000 0.0000 0.0000 10.0000 0.0000 0.0000 0.0000 0.0000 0.0000 20.0000 0.0000 0.0000 10.0000 0.0000 0.0000 0.0000 0.0000 0.0000 20.0000 0.0000 0.0000 10.0000 0.0000 0.0000 0.0000 0.0000 0.0000 20.0000 0.0000 0.0000 10.0000 0.0000 0.0000 0.0000 0.0000 0.0000 20.0000 0.0000 0.0000 10.0000 0.0000 0.0000 0.0000 0.0000 0.0000 51.0162 -9.1091 18.9561 -396.7953 30.2374 -339.7854 0.0000 0.0000 0.0000 0.0000 0.0000 0.0000 10.0000 0.0000 0.0000 10.0000 0.0000 0.0000 0.0000 0.0000 0.0000 20.0000 0.0000 0.0000 10.0000 0.0000 0.0000 0.0000 0.0000 0.0000 20.0000 0.0000 0.0000 10.0000 0.0000 0.0000 0.0000 0.0000 0.0000 20.0000 0.0000 0.0000 10.0000 0.0000 0.0000 0.0000 0.0000 0.0000 20.0000 0.0000 0.0000 10.0000 0.0000 0.0000 0.0000 0.0000 0.0000 0.0000 0.0000 0.0000 0.0000 0.0000 0.0000 0.0000 0.0000 0.0000 0.0000 0.0000 0.0000 0.0000 0.0000 0.0000
0.0000 95.0000 0.0000 0.0000 0.0000 0.0000 0.0000 0.0000 0.0000 0.0000 0.0000 0.0000 0.0000 0.0000 0.0000 0.0000 0.0000 0.0000 0.0000 0.0000 0.0000 0.0000 0.0000 0.0000 1.0611 -0.0747 8.0491 -8.9683 -0.9813 -18.3545 0.0000 0.0000 0.0000 0.0000 0.0000 0.0000 10.0000 0.0000 0.0000 10.0000 0.0000 0.0000 0.0000 0.0000 0.0000 20.0000 0.0000 0.0000 10.0000 0.0000 0.0000 0.0000 0.0000 0.0000 20.0000 0.0000 0.0000 10.0000 0.0000 0.0000 0.0000 0.0000 0.0000 20.0000 0.0000 0.0000 10.0000 0.0000 0.0000 0.0000 0.0000 0.0000 20.0000 0.0000 0.0000 10.0000 0.0000 0.0000 0.0000 0.0000 0.0000 50.5730 -10.0525 21.0924 -395.3547 30.9433 -339.2461 0.0000 0.0000 0.0000 0.0000 0.0000 0.0000 10.0000 0.0000 0.0000 10.0000 0.0000 0.0000 0.0000 0.0000 0.0000 20.0000 0.0000 0.0000 10.0000 0.0000 0.0000 0.0000 0.0000 0.0000 20.0000 0.0000 0.0000 10.0000 0.0000 0.0000 0.0000 0.0000 0.0000 20.0000 0.0000 0.0000 10.0000 0.0000 0.0000 0.0000 0.0000 0.0000 20.0000 0.0000 0.0000 10.0000 0.0000 0.0000 0.0000 0.0000 0.0000 0.0000 0.0000 0.0000 0.0000 0.0000 0.0000 0.0000 0.0000 0.0000 0.0000 0.0000 0.0000 0.0000 0.0000 0.0000
0.0000 95.0000 0.0000 0.0000 0.0000 0.0000 0.0000 0.0000 0.0000 0.0000 0.0000 0.0000 0.0000 0.0000 0.0000 0.0000 0.0000 0.0000 0.0000 0.0000 0.0000 0.0000 0.0000 0.0000 1.0966 -0.0774 8.0704 -9.5745 -1.0383 -18.3323 0.0000 0.0000 0.0000 0.0000 0.0000 0.0000 10.0000 0.0000 0.0000 10.0000 0.0000 0.0000 0.0000 0.0000 0.0000 20.0000 0.0000 0.0000 10.0000 0.0000 0.0000 0.0000 0.0000 0.0000 20.0000 0.0000 0.0000 10.0000 0.0000 0.0000 0.0000 0.0000 0.0000 20.0000 0.0000 0.0000 10.0000 0.0000 0.0000 0.0000 0.0000 0.0000 20.0000 0.0000 0.0000 10.0000 0.0000 0.0000 0.0000 0.0000 0.0000 50.0450 -10.9599 23.2279 -394.2994 31.2663 -339.2335 0.0000 0.0000 0.0000 0.0000 0.0000 0.0000 10.0000 0.0000 0.0000 10.0000 0.0000 0.0000 0.0000 0.0000 0.0000 20.0000 0.0000 0.0000 10.0000 0.0000 0.0000 0.0000 0.0000 0.0000 20.0000 0.0000 0.0000 10.0000 0.0000 0.0000 0.0000 0.0000 0.0000 20.0000 0.0000 0.0000 10.0000 0.0000 0.0000 0.0000 0.0000 0.0000 20.0000 0.0000 0.0000 10.0000 0.0000 0.0000 0.0000 0.0000 0.0000 0.0000 0.0000 0.0000 0.0000 0.0000 0.0000 0.0000 0.0000 0.0000 0.0000 0.0000 0.0000 0.0000 0.0000 0.0000
0.0000 95.0000 0.0000 0.0000 0.0000 0.0000 0.0000 0.0000 0.0000 0.0000 0.0000 0.0000 0.0000 0.0000 0.0000 0.0000 0.0000 0.0000 0.0000 0.0000 0.0000 0.0000 0.0000 0.0000 0.7963 -0.0558 8.0137 -9.9499 -1.0216 -18.2556 0.0000 0.0000 0.0000 0.0000 0.0000 0.0000 10.0000 0.0000 0.0000 10.0000 0.0000 0.0000 0.0000 0.0000 0.0000 20.0000 0.0000 0.0000 10.0000 0.0000 0.0000 0.0000 0.0000 0.0000 20.0000 0.0000 0.0000 10.0000 0.0000 0.0000 0.0000 0.0000 0.0000 20.0000 0.0000 0.0000 10.0000 0.0000 0.0000 0.0000 0.0000 0.0000 20.0000 0.0000 0.0000 10.0000 0.0000 0.0000 0.0000 0.0000 0.0000 49.4498 -11.8201 25.3395 -393.4768 31.3528 -339.5313 0.0000 0.0000 0.0000 0.0000 0.0000 0.0000 10.0000 0.0000 0.0000 10.0000 0.0000 0.0000 0.0000 0.0000 0.0000 20.0000 0.0000 0.0000 10.0000 0.0000 0.0000 0.0000 0.0000 0.0000 20.0000 0.0000 0.0000 10.0000 0.0000 0.0000 0.0000 0.0000 0.0000 20.0000 0.0000 0.0000 10.0000 0.0000 0.0000 0.0000 0.0000 0.0000 20.0000 0.0000 0.0000 10.0000 0.0000 0.0000 0.0000 0.0000 0.0000 0.0000 0.0000 0.0000 0.0000 0.0000 0.0000 0.0000 0.0000 0.0000 0.0000 0.0000 0.0000 0.0000 0.0000 0.0000
0.0000 95.0000 0.0000 0.0000 0.0000 0.0000 0.0000 0.0000 0.0000 0.0000 0.0000 0.0000 0.0000 0.0000 0.0000 0.0000 0.0000 0.0000 0.0000 0.0000 0.0000 0.0000 0.0000 0.0000 0.3098 -0.0215 7.9214 -10.2007 -0.9661 -18.1647 0.0000 0.0000 0.0000 0.0000 0.0000 0.0000 10.0000 0.0000 0.0000 10.0000 0.0000 0.0000 0.0000 0.0000 0.0000 20.0000 0.0000 0.0000 10.0000 0.0000 0.0000 0.0000 0.0000 0.0000 20.0000 0.0000 0.0000 10.0000 0.0000 0.0000 0.0000 0.0000 0.0000 20.0000 0.0000 0.0000 10.0000 0.0000 0.0000 0.0000 0.0000 0.0000 20.0000 0.0000 0.0000 10.0000 0.0000 0.0000 0.0000 0.0000 0.0000 48.7997 -12.6286 27.4177 -392.7915 31.2903 -340.0048 0.0000 0.0000 0.0000 0.0000 0.0000 0.0000 10.0000 0.0000 0.0000 10.0000 0.0000 0.0000 0.0000 0.0000 0.0000 20.0000 0.0000 0.0000 10.0000 0.0000 0.0000 0.0000 0.0000 0.0000 20.0000 0.0000 0.0000 10.0000 0.0000 0.0000 0.0000 0.0000 0.0000 20.0000 0.0000 0.0000 10.0000 0.0000 0.0000 0.0000 0.0000 0.0000 20.0000 0.0000 0.0000 10.0000 0.0000 0.0000 0.0000 0.0000 0.0000 0.0000 0.0000 0.0000 0.0000 0.0000 0.0000 0.0000 0.0000 0.0000 0.0000 0.0000 0.0000 0.0000 0.0000 0.0000
0.0000 95.0000 0.0000 0.0000 0.0000 0.0000 0.0000 0.0000 0.0000 0.0000 0.0000 0.0000 0.0000 0.0000 0.0000 0.0000 0.0000 0.0000 0.0000 0.0000 0.0000 0.0000 0.0000 0.0000 -0.2726 0.0186 7.8158 -10.3909 -0.8922 -18.0768 0.0000 0.0000 0.0000 0.0000 0.0000 0.0000 10.0000 0.0000 0.0000 10.0000 0.0000 0.0000 0.0000 0.0000 0.0000 20.0000 0.0000 0.0000 10.0000 0.0000 0.0000 0.0000 0.0000 0.0000 20.0000 0.0000 0.0000 10.0000 0.0000 0.0000 0.0000 0.0000 0.0000 20.0000 0.0000 0.0000 10.0000 0.0000 0.0000 0.0000 0.0000 0.0000 20.0000 0.0000 0.0000 10.0000 0.0000 0.0000 0.0000 0.0000 0.0000 48.1030 -13.3849 29.4607 -392.1864 31.1297 -340.5746 0.0000 0.0000 0.0000 0.0000 0.0000 0.0000 10.0000 0.0000 0.0000 10.0000 0.0000 0.0000 0.0000 0.0000 0.0000 20.0000 0.0000 0.0000 10.0000 0.0000 0.0000 0.0000 0.0000 0.0000 20.0000 0.0000 0.0000 10.0000 0.0000 0.0000 0.0000 0.0000 0.0000 20.0000 0.0000 0.0000 10.0000 0.0000 0.0000 0.0000 0.0000 0.0000 20.0000 0.0000 0.0000 10.0000 0.0000 0.0000 0.0000 0.0000 0.0000 0.0000 0.0000 0.0000 0.0000 0.0000 0.0000 0.0000 0.0000 0.0000 0.0000 0.0000 0.0000 0.0000 0.0000 0.0000
0.0000 95.0000 0.0000 0.0000 0.0000 0.0000 0.0000 0.0000 0.0000 0.0000 0.0000 0.0000 0.0000 0.0000 0.0000 0.0000 0.0000 0.0000 0.0000 0.0000 0.0000 0.0000 0.0000 0.0000 -0.8979 0.0605 7.7082 -10.6381 -0.8185 -17.9966 0.0000 0.0000 0.0000 0.0000 0.0000 0.0000 10.0000 0.0000 0.0000 10.0000 0.0000 0.0000 0.0000 0.0000 0.0000 20.0000 0.0000 0.0000 10.0000 0.0000 0.0000 0.0000 0.0000 0.0000 20.0000 0.0000 0.0000 10.0000 0.0000 0.0000 0.0000 0.0000 0.0000 20.0000 0.0000 0.0000 10.0000 0.0000 0.0000 0.0000 0.0000 0.0000 20.0000 0.0000 0.0000 10.0000 0.0000 0.0000 0.0000 0.0000 0.0000 47.3699 -14.0924 31.4732 -391.6384 30.8978 -341.2103 0.0000 0.0000 0.0000 0.0000 0.0000 0.0000 10.0000 0.0000 0.0000 10.0000 0.0000 0.0000 0.0000 0.0000 0.0000 20.0000 0.0000 0.0000 10.0000 0.0000 0.0000 0.0000 0.0000 0.0000 20.0000 0.0000 0.0000 10.0000 0.0000 0.0000 0.0000 0.0000 0.0000 20.0000 0.0000 0.0000 10.0000 0.0000 0.0000 0.0000 0.0000 0.0000 20.0000 0.0000 0.0000 10.0000 0.0000 0.0000 0.0000 0.0000 0.0000 0.0000 0.0000 0.0000 0.0000 0.0000 0.0000 0.0000 0.0000 0.0000 0.0000 0.0000 0.0000 0.0000 0.0000 0.0000
0.0000 95.0000 0.0000 0.0000 0.0000 0.0000 0.0000 0.0000 0.0000 0.0000 0.0000 0.0000 0.0000 0.0000 0.0000 0.0000 0.0000 0.0000 0.0000 0.0000 0.0000 0.0000 0.0000 0.0000 -1.5821 0.1051 7.6042 -10.9104 -0.7393 -17.9263 0.0000 0.0000 0.0000 0.0000 0.0000 0.0000 10.0000 0.0000 0.0000 10.0000 0.0000 0.0000 0.0000 0.0000 0.0000 20.0000 0.0000 0.0000 10.0000 0.0000 0.0000 0.0000 0.0000 0.0000 20.0000 0.0000 0.0000 10.0000 0.0000 0.0000 0.0000 0.0000 0.0000 20.0000 0.0000 0.0000 10.0000 0.0000 0.0000 0.0000 0.0000 0.0000 20.0000 0.0000 0.0000 10.0000 0.0000 0.0000 0.0000 0.0000 0.0000 46.6073 -14.7551 33.4610 -391.1351 30.6093 -341.8989 0.0000 0.0000 0.0000 0.0000 0.0000 0.0000 10.0000 0.0000 0.0000 10.0000 0.0000 0.0000 0.0000 0.0000 0.0000 20.0000 0.0000 0.0000 10.0000 0.0000 0.0000 0.0000 0.0000 0.0000 20.0000 0.0000 0.0000 10.0000 0.0000 0.0000 0.0000 0.0000 0.0000 20.0000 0.0000 0.0000 10.0000 0.0000 0.0000 0.0000 0.0000 0.0000 20.0000 0.0000 0.0000 10.0000 0.0000 0.0000 0.0000 0.0000 0.0000 0.0000 0.0000 0.0000 0.0000 0.0000 0.0000 0.0000 0.0000 0.0000 0.0000 0.0000 0.0000 0.0000 0.0000 0.0000
0.0000 95.0000 0.0000 0.0000 0.0000 0.0000 0.0000 0.0000 0.0000 0.0000 0.0000 0.0000 0.0000 0.0000 0.0000 0.0000 0.0000 0.0000 0.0000 0.0000 0.0000 0.0000 0.0000 0.0000 -2.3066 0.1513 7.5061 -11.1795 -0.6547 -17.8662 0.0000 0.0000 0.0000 0.0000 0.0000 0.0000 10.0000 0.0000 0.0000 10.0000 0.0000 0.0000 0.0000 0.0000 0.0000 20.0000 0.0000 0.0000 10.0000 0.0000 0.0000 0.0000 0.0000 0.0000 20.0000 0.0000 0.0000 10.0000 0.0000 0.0000 0.0000 0.0000 0.0000 20.0000 0.0000 0.0000 10.0000 0.0000 0.0000 0.0000 0.0000 0.0000 20.0000 0.0000 0.0000 10.0000 0.0000 0.0000 0.0000 0.0000 0.0000 45.8149 -15.3731 35.4263 -390.6578 30.2757 -342.6182 0.0000 0.0000 0.0000 0.0000 0.0000 0.0000 10.0000 0.0000 0.0000 10.0000 0.0000 0.0000 0.0000 0.0000 0.0000 20.0000 0.0000 0.0000 10.0000 0.0000 0.0000 0.0000 0.0000 0.0000 20.0000 0.0000 0.0000 10.0000 0.0000 0.0000 0.0000 0.0000 0.0000 20.0000 0.0000 0.0000 10.0000 0.0000 0.0000 0.0000 0.0000 0.0000 20.0000 0.0000 0.0000 10.0000 0.0000 0.0000 0.0000 0.0000 0.0000 0.0000 0.0000 0.0000 0.0000 0.0000 0.0000 0.0000 0.0000 0.0000 0.0000 0.0000 0.0000 0.0000 0.0000 0.0000
0.0000 95.0000 0.0000 0.0000 0.0000 0.0000 0.0000 0.0000 0.0000 0.0000 0.0000 0.0000 0.0000 0.0000 0.0000 0.0000 0.0000 0.0000 0.0000 0.0000 0.0000 0.0000 0.0000 0.0000 -3.0428 0.1972 7.4150 -11.4542 -0.5697 -17.8154 0.0000 0.0000 0.0000 0.0000 0.0000 0.0000 10.0000 0.0000 0.0000 10.0000 0.0000 0.0000 0.0000 0.0000 0.0000 20.0000 0.0000 0.0000 10.0000 0.0000 0.0000 0.0000 0.0000 0.0000 20.0000 0.0000 0.0000 10.0000 0.0000 0.0000 0.0000 0.0000 0.0000 20.0000 0.0000 0.0000 10.0000 0.0000 0.0000 0.0000 0.0000 0.0000 20.0000 0.0000 0.0000 10.0000 0.0000 0.0000 0.0000 0.0000 0.0000 44.9880 -15.9453 37.3733 -390.1814 29.8969 -343.3500 0.0000 0.0000 0.0000 0.0000 0.0000 0.0000 10.0000 0.0000 0.0000 10.0000 0.0000 0.0000 0.0000 0.0000 0.0000 20.0000 0.0000 0.0000 10.0000 0.0000 0.0000 0.0000 0.0000 0.0000 20.0000 0.0000 0.0000 10.0000 0.0000 0.0000 0.0000 0.0000 0.0000 20.0000 0.0000 0.0000 10.0000 0.0000 0.0000 0.0000 0.0000 0.0000 20.0000 0.0000 0.0000 10.0000 0.0000 0.0000 0.0000 0.0000 0.0000 0.0000 0.0000 0.0000 0.0000 0.0000 0.0000 0.0000 0.0000 0.0000 0.0000 0.0000 0.0000 0.0000 0.0000 0.0000
0.0000 95.0000 0.0000 0.0000 0.0000 0.0000 0.0000 0.0000 0.0000 0.0000 0.0000 0.0000 0.0000 0.0000 0.0000 0.0000 0.0000 0.0000 0.0000 0.0000 0.0000 0.0000 0.0000 0.0000 -3.7706 0.2416 7.3311 -11.7395 -0.4877 -17.7726 0.0000 0.0000 0.0000 0.0000 0.0000 0.0000 10.0000 0.0000 0.0000 10.0000 0.0000 0.0000 0.0000 0.0000 0.0000 20.0000 0.0000 0.0000 10.0000 0.0000 0.0000 0.0000 0.0000 0.0000 20.0000 0.0000 0.0000 10.0000 0.0000 0.0000 0.0000 0.0000 0.0000 20.0000 0.0000 0.0000 10.0000 0.0000 0.0000 0.0000 0.0000 0.0000 20.0000 0.0000 0.0000 10.0000 0.0000 0.0000 0.0000 0.0000 0.0000 44.1265 -16.4710 39.3029 -389.6964 29.4775 -344.0835 0.0000 0.0000 0.0000 0.0000 0.0000 0.0000 10.0000 0.0000 0.0000 10.0000 0.0000 0.0000 0.0000 0.0000 0.0000 20.0000 0.0000 0.0000 10.0000 0.0000 0.0000 0.0000 0.0000 0.0000 20.0000 0.0000 0.0000 10.0000 0.0000 0.0000 0.0000 0.0000 0.0000 20.0000 0.0000 0.0000 10.0000 0.0000 0.0000 0.0000 0.0000 0.0000 20.0000 0.0000 0.0000 10.0000 0.0000 0.0000 0.0000 0.0000 0.0000 0.0000 0.0000 0.0000 0.0000 0.0000 0.0000 0.0000 0.0000 0.0000 0.0000 0.0000 0.0000 0.0000 0.0000 0.0000
0.0000 95.0000 0.0000 0.0000 0.0000 0.0000 0.0000 0.0000 0.0000 0.0000 0.0000 0.0000 0.0000 0.0000 0.0000 0.0000 0.0000 0.0000 0.0000 0.0000 0.0000 0.0000 0.0000 0.0000 -4.4773 0.2840 7.2540 -12.0376 -0.4106 -17.7366 0.0000 0.0000 0.0000 0.0000 0.0000 0.0000 10.0000 0.0000 0.0000 10.0000 0.0000 0.0000 0.0000 0.0000 0.0000 20.0000 0.0000 0.0000 10.0000 0.0000 0.0000 0.0000 0.0000 0.0000 20.0000 0.0000 0.0000 10.0000 0.0000 0.0000 0.0000 0.0000 0.0000 20.0000 0.0000 0.0000 10.0000 0.0000 0.0000 0.0000 0.0000 0.0000 20.0000 0.0000 0.0000 10.0000 0.0000 0.0000 0.0000 0.0000 0.0000 43.2334 -16.9495 41.2136 -389.2084 29.0284 -344.8140 0.0000 0.0000 0.0000 0.0000 0.0000 0.0000 10.0000 0.0000 0.0000 10.0000 0.0000 0.0000 0.0000 0.0000 0.0000 20.0000 0.0000 0.0000 10.0000 0.0000 0.0000 0.0000 0.0000 0.0000 20.0000 0.0000 0.0000 10.0000 0.0000 0.0000 0.0000 0.0000 0.0000 20.0000 0.0000 0.0000 10.0000 0.0000 0.0000 0.0000 0.0000 0.0000 20.0000 0.0000 0.0000 10.0000 0.0000 0.0000 0.0000 0.0000 0.0000 0.0000 0.0000 0.0000 0.0000 0.0000 0.0000 0.0000 0.0000 0.0000 0.0000 0.0000 0.0000 0.0000 0.0000 0.0000
0.0000 95.0000 0.0000 0.0000 0.0000 0.0000 0.0000 0.0000 0.0000 0.0000 0.0000 0.0000 0.0000 0.0000 0.0000 0.0000 0.0000 0.0000 0.0000 0.0000 0.0000 0.0000 0.0000 0.0000 -5.1551 0.3238 7.1831 -12.3493 -0.3396 -17.7063 0.0000 0.0000 0.0000 0.0000 0.0000 0.0000 10.0000 0.0000 0.0000 10.0000 0.0000 0.0000 0.0000 0.0000 0.0000 20.0000 0.0000 0.0000 10.0000 0.0000 0.0000 0.0000 0.0000 0.0000 20.0000 0.0000 0.0000 10.0000 0.0000 0.0000 0.0000 0.0000 0.0000 20.0000 0.0000 0.0000 10.0000 0.0000 0.0000 0.0000 0.0000 0.0000 20.0000 0.0000 0.0000 10.0000 0.0000 0.0000 0.0000 0.0000 0.0000 42.3123 -17.3801 43.1032 -388.7192 28.5571 -345.5370 0.0000 0.0000 0.0000 0.0000 0.0000 0.0000 10.0000 0.0000 0.0000 10.0000 0.0000 0.0000 0.0000 0.0000 0.0000 20.0000 0.0000 0.0000 10.0000 0.0000 0.0000 0.0000 0.0000 0.0000 20.0000 0.0000 0.0000 10.0000 0.0000 0.0000 0.0000 0.0000 0.0000 20.0000 0.0000 0.0000 10.0000 0.0000 0.0000 0.0000 0.0000 0.0000 20.0000 0.0000 0.0000 10.0000 0.0000 0.0000 0.0000 0.0000 0.0000 0.0000 0.0000 0.0000 0.0000 0.0000 0.0000 0.0000 0.0000 0.0000 0.0000 0.0000 0.0000 0.0000 0.0000 0.0000
0.0000 95.0000 0.0000 0.0000 0.0000 0.0000 0.0000 0.0000 0.0000 0.0000 0.0000 0.0000 0.0000 0.0000 0.0000 0.0000 0.0000 0.0000 0.0000 0.0000 0.0000 0.0000 0.0000 0.0000 -5.7996 0.3610 7.1179 -12.6743 -0.2753 -17.6809 0.0000 0.0000 0.0000 0.0000 0.0000 0.0000 10.0000 0.0000 0.0000 10.0000 0.0000 0.0000 0.0000 0.0000 0.0000 20.0000 0.0000 0.0000 10.0000 0.0000 0.0000 0.0000 0.0000 0.0000 20.0000 0.0000 0.0000 10.0000 0.0000 0.0000 0.0000 0.0000 0.0000 20.0000 0.0000 0.0000 10.0000 0.0000 0.0000 0.0000 0.0000 0.0000 20.0000 0.0000 0.0000 10.0000 0.0000 0.0000 0.0000 0.0000 0.0000 41.3671 -17.7627 44.9689 -388.2252 28.0665 -346.2476 0.0000 0.0000 0.0000 0.0000 0.0000 0.0000 10.0000 0.0000 0.0000 10.0000 0.0000 0.0000 0.0000 0.0000 0.0000 20.0000 0.0000 0.0000 10.0000 0.0000 0.0000 0.0000 0.0000 0.0000 20.0000 0.0000 0.0000 10.0000 0.0000 0.0000 0.0000 0.0000 0.0000 20.0000 0.0000 0.0000 10.0000 0.0000 0.0000 0.0000 0.0000 0.0000 20.0000 0.0000 0.0000 10.0000 0.0000 0.0000 0.0000 0.0000 0.0000 0.0000 0.0000 0.0000 0.0000 0.0000 0.0000 0.0000 0.0000 0.0000 0.0000 0.0000 0.0000 0.0000 0.0000 0.0000
0.0000 95.0000 0.0000 0.0000 0.0000 0.0000 0.0000 0.0000 0.0000 0.0000 0.0000 0.0000 0.0000 0.0000 0.0000 0.0000 0.0000 0.0000 0.0000 0.0000 0.0000 0.0000 0.0000 0.0000 -6.4093 0.3957 7.0578 -13.0119 -0.2176 -17.6596 0.0000 0.0000 0.0000 0.0000 0.0000 0.0000 10.0000 0.0000 0.0000 10.0000 0.0000 0.0000 0.0000 0.0000 0.0000 20.0000 0.0000 0.0000 10.0000 0.0000 0.0000 0.0000 0.0000 0.0000 20.0000 0.0000 0.0000 10.0000 0.0000 0.0000 0.0000 0.0000 0.0000 20.0000 0.0000 0.0000 10.0000 0.0000 0.0000 0.0000 0.0000 0.0000 20.0000 0.0000 0.0000 10.0000 0.0000 0.0000 0.0000 0.0000 0.0000 40.4021 -18.0974 46.8079 -387.7244 27.5595 -346.9422 0.0000 0.0000 0.0000 0.0000 0.0000 0.0000 10.0000 0.0000 0.0000 10.0000 0.0000 0.0000 0.0000 0.0000 0.0000 20.0000 0.0000 0.0000 10.0000 0.0000 0.0000 0.0000 0.0000 0.0000 20.0000 0.0000 0.0000 10.0000 0.0000 0.0000 0.0000 0.0000 0.0000 20.0000 0.0000 0.0000 10.0000 0.0000 0.0000 0.0000 0.0000 0.0000 20.0000 0.0000 0.0000 10.0000 0.0000 0.0000 0.0000 0.0000 0.0000 0.0000 0.0000 0.0000 0.0000 0.0000 0.0000 0.0000 0.0000 0.0000 0.0000 0.0000 0.0000 0.0000 0.0000 0.0000
0.0000 95.0000 0.0000 0.0000 0.0000 0.0000 0.0000 0.0000 0.0000 0.0000 0.0000 0.0000 0.0000 0.0000 0.0000 0.0000 0.0000 0.0000 0.0000 0.0000 0.0000 0.0000 0.0000 0.0000 -6.9841 0.4278 7.0023 -13.3611 -0.1666 -17.6418 0.0000 0.0000 0.0000 0.0000 0.0000 0.0000 10.0000 0.0000 0.0000 10.0000 0.0000 0.0000 0.0000 0.0000 0.0000 20.0000 0.0000 0.0000 10.0000 0.0000 0.0000 0.0000 0.0000 0.0000 20.0000 0.0000 0.0000 10.0000 0.0000 0.0000 0.0000 0.0000 0.0000 20.0000 0.0000 0.0000 10.0000 0.0000 0.0000 0.0000 0.0000 0.0000 20.0000 0.0000 0.0000 10.0000 0.0000 0.0000 0.0000 0.0000 0.0000 39.4216 -18.3846 48.6171 -387.2160 27.0389 -347.6180 0.0000 0.0000 0.0000 0.0000 0.0000 0.0000 10.0000 0.0000 0.0000 10.0000 0.0000 0.0000 0.0000 0.0000 0.0000 20.0000 0.0000 0.0000 10.0000 0.0000 0.0000 0.0000 0.0000 0.0000 20.0000 0.0000 0.0000 10.0000 0.0000 0.0000 0.0000 0.0000 0.0000 20.0000 0.0000 0.0000 10.0000 0.0000 0.0000 0.0000 0.0000 0.0000 20.0000 0.0000 0.0000 10.0000 0.0000 0.0000 0.0000 0.0000 0.0000 0.0000 0.0000 0.0000 0.0000 0.0000 0.0000 0.0000 0.0000 0.0000 0.0000 0.0000 0.0000 0.0000 0.0000 0.0000
0.0000 95.0000 0.0000 0.0000 0.0000 0.0000 0.0000 0.0000 0.0000 0.0000 0.0000 0.0000 0.0000 0.0000 0.0000 0.0000 0.0000 0.0000 0.0000 0.0000 0.0000 0.0000 0.0000 0.0000 -7.5250 0.4577 6.9510 -13.7206 -0.1218 -17.6269 0.0000 0.0000 0.0000 0.0000 0.0000 0.0000 10.0000 0.0000 0.0000 10.0000 0.0000 0.0000 0.0000 0.0000 0.0000 20.0000 0.0000 0.0000 10.0000 0.0000 0.0000 0.0000 0.0000 0.0000 20.0000 0.0000 0.0000 10.0000 0.0000 0.0000 0.0000 0.0000 0.0000 20.0000 0.0000 0.0000 10.0000 0.0000 0.0000 0.0000 0.0000 0.0000 20.0000 0.0000 0.0000 10.0000 0.0000 0.0000 0.0000 0.0000 0.0000 38.4299 -18.6252 50.3937 -386.6996 26.5072 -348.2732 0.0000 0.0000 0.0000 0.0000 0.0000 0.0000 10.0000 0.0000 0.0000 10.0000 0.0000 0.0000 0.0000 0.0000 0.0000 20.0000 0.0000 0.0000 10.0000 0.0000 0.0000 0.0000 0.0000 0.0000 20.0000 0.0000 0.0000 10.0000 0.0000 0.0000 0.0000 0.0000 0.0000 20.0000 0.0000 0.0000 10.0000 0.0000 0.0000 0.0000 0.0000 0.0000 20.0000 0.0000 0.0000 10.0000 0.0000 0.0000 0.0000 0.0000 0.0000 0.0000 0.0000 0.0000 0.0000 0.0000 0.0000 0.0000 0.0000 0.0000 0.0000 0.0000 0.0000 0.0000 0.0000 0.0000
0.0000 95.0000 0.0000 0.0000 0.0000 0.0000 0.0000 0.0000 0.0000 0.0000 0.0000 0.0000 0.0000 0.0000 0.0000 0.0000 0.0000 0.0000 0.0000 0.0000 0.0000 0.0000 0.0000 0.0000 -8.0336 0.4853 6.9034 -14.0891 -0.0829 -17.6146 0.0000 0.0000 0.0000 0.0000 0.0000 0.0000 10.0000 0.0000 0.0000 10.0000 0.0000 0.0000 0.0000 0.0000 0.0000 20.0000 0.0000 0.0000 10.0000 0.0000 0.0000 0.0000 0.0000 0.0000 20.0000 0.0000 0.0000 10.0000 0.0000 0.0000 0.0000 0.0000 0.0000 20.0000 0.0000 0.0000 10.0000 0.0000 0.0000 0.0000 0.0000 0.0000 20.0000 0.0000 0.0000 10.0000 0.0000 0.0000 0.0000 0.0000 0.0000 37.4314 -18.8203 52.1348 -386.1757 25.9666 -348.9065 0.0000 0.0000 0.0000 0.0000 0.0000 0.0000 10.0000 0.0000 0.0000 10.0000 0.0000 0.0000 0.0000 0.0000 0.0000 20.0000 0.0000 0.0000 10.0000 0.0000 0.0000 0.0000 0.0000 0.0000 20.0000 0.0000 0.0000 10.0000 0.0000 0.0000 0.0000 0.0000 0.0000 20.0000 0.0000 0.0000 10.0000 0.0000 0.0000 0.0000 0.0000 0.0000 20.0000 0.0000 0.0000 10.0000 0.0000 0.0000 0.0000 0.0000 0.0000 0.0000 0.0000 0.0000 0.0000 0.0000 0.0000 0.0000 0.0000 0.0000 0.0000 0.0000 0.0000 0.0000 0.0000 0.0000
0.0000 95.0000 0.0000 0.0000 0.0000 0.0000 0.0000 0.0000 0.0000 0.0000 0.0000 0.0000 0.0000 0.0000 0.0000 0.0000 0.0000 0.0000 0.0000 0.0000 0.0000 0.0000 0.0000 0.0000 -8.5119 0.5110 6.8592 -14.4655 -0.0494 -17.6045 0.0000 0.0000 0.0000 0.0000 0.0000 0.0000 10.0000 0.0000 0.0000 10.0000 0.0000 0.0000 0.0000 0.0000 0.0000 20.0000 0.0000 0.0000 10.0000 0.0000 0.0000 0.0000 0.0000 0.0000 20.0000 0.0000 0.0000 10.0000 0.0000 0.0000 0.0000 0.0000 0.0000 20.0000 0.0000 0.0000 10.0000 0.0000 0.0000 0.0000 0.0000 0.0000 20.0000 0.0000 0.0000 10.0000 0.0000 0.0000 0.0000 0.0000 0.0000 36.4299 -18.9713 53.8381 -385.6452 25.4195 -349.5170 0.0000 0.0000 0.0000 0.0000 0.0000 0.0000 10.0000 0.0000 0.0000 10.0000 0.0000 0.0000 0.0000 0.0000 0.0000 20.0000 0.0000 0.0000 10.0000 0.0000 0.0000 0.0000 0.0000 0.0000 20.0000 0.0000 0.0000 10.0000 0.0000 0.0000 0.0000 0.0000 0.0000 20.0000 0.0000 0.0000 10.0000 0.0000 0.0000 0.0000 0.0000 0.0000 20.0000 0.0000 0.0000 10.0000 0.0000 0.0000 0.0000 0.0000 0.0000 0.0000 0.0000 0.0000 0.0000 0.0000 0.0000 0.0000 0.0000 0.0000 0.0000 0.0000 0.0000 0.0000 0.0000 0.0000
0.0000 95.0000 0.0000 0.0000 0.0000 0.0000 0.0000 0.0000 0.0000 0.0000 0.0000 0.0000 0.0000 0.0000 0.0000 0.0000 0.0000 0.0000 0.0000 0.0000 0.0000 0.0000 0.0000 0.0000 -8.9620 0.5349 6.8180 -14.8484 -0.0208 -17.5962 0.0000 0.0000 0.0000 0.0000 0.0000 0.0000 10.0000 0.0000 0.0000 10.0000 0.0000 0.0000 0.0000 0.0000 0.0000 20.0000 0.0000 0.0000 10.0000 0.0000 0.0000 0.0000 0.0000 0.0000 20.0000 0.0000 0.0000 10.0000 0.0000 0.0000 0.0000 0.0000 0.0000 20.0000 0.0000 0.0000 10.0000 0.0000 0.0000 0.0000 0.0000 0.0000 20.0000 0.0000 0.0000 10.0000 0.0000 0.0000 0.0000 0.0000 0.0000 35.4293 -19.0801 55.5014 -385.1090 24.8678 -350.1044 0.0000 0.0000 0.0000 0.0000 0.0000 0.0000 10.0000 0.0000 0.0000 10.0000 0.0000 0.0000 0.0000 0.0000 0.0000 20.0000 0.0000 0.0000 10.0000 0.0000 0.0000 0.0000 0.0000 0.0000 20.0000 0.0000 0.0000 10.0000 0.0000 0.0000 0.0000 0.0000 0.0000 20.0000 0.0000 0.0000 10.0000 0.0000 0.0000 0.0000 0.0000 0.0000 20.0000 0.0000 0.0000 10.0000 0.0000 0.0000 0.0000 0.0000 0.0000 0.0000 0.0000 0.0000 0.0000 0.0000 0.0000 0.0000 0.0000 0.0000 0.0000 0.0000 0.0000 0.0000 0.0000 0.0000
0.0000 95.0000 0.0000 0.0000 0.0000 0.0000 0.0000 0.0000 0.0000 0.0000 0.0000 0.0000 0.0000 0.0000 0.0000 0.0000 0.0000 0.0000 0.0000 0.0000 0.0000 0.0000 0.0000 0.0000 -9.3859 0.5572 6.7797 -15.2366 0.0032 -17.5894 0.0000 0.0000 0.0000 0.0000 0.0000 0.0000 10.0000 0.0000 0.0000 10.0000 0.0000 0.0000 0.0000 0.0000 0.0000 20.0000 0.0000 0.0000 10.0000 0.0000 0.0000 0.0000 0.0000 0.0000 20.0000 0.0000 0.0000 10.0000 0.0000 0.0000 0.0000 0.0000 0.0000 20.0000 0.0000 0.0000 10.0000 0.0000 0.0000 0.0000 0.0000 0.0000 20.0000 0.0000 0.0000 10.0000 0.0000 0.0000 0.0000 0.0000 0.0000 34.4330 -19.1484 57.1227 -384.5685 24.3135 -350.6685 0.0000 0.0000 0.0000 0.0000 0.0000 0.0000 10.0000 0.0000 0.0000 10.0000 0.0000 0.0000 0.0000 0.0000 0.0000 20.0000 0.0000 0.0000 10.0000 0.0000 0.0000 0.0000 0.0000 0.0000 20.0000 0.0000 0.0000 10.0000 0.0000 0.0000 0.0000 0.0000 0.0000 20.0000 0.0000 0.0000 10.0000 0.0000 0.0000 0.0000 0.0000 0.0000 20.0000 0.0000 0.0000 10.0000 0.0000 0.0000 0.0000 0.0000 0.0000 0.0000 0.0000 0.0000 0.0000 0.0000 0.0000 0.0000 0.0000 0.0000 0.0000 0.0000 0.0000 0.0000 0.0000 0.0000
0.0000 95.0000 0.0000 0.0000 0.0000 0.0000 0.0000 0.0000 0.0000 0.0000 0.0000 0.0000 0.0000 0.0000 0.0000 0.0000 0.0000 0.0000 0.0000 0.0000 0.0000 0.0000 0.0000 0.0000 -9.7857 0.5780 6.7438 -15.6290 0.0231 -17.5840 0.0000 0.0000 0.0000 0.0000 0.0000 0.0000 10.0000 0.0000 0.0000 10.0000 0.0000 0.0000 0.0000 0.0000 0.0000 20.0000 0.0000 0.0000 10.0000 0.0000 0.0000 0.0000 0.0000 0.0000 20.0000 0.0000 0.0000 10.0000 0.0000 0.0000 0.0000 0.0000 0.0000 20.0000 0.0000 0.0000 10.0000 0.0000 0.0000 0.0000 0.0000 0.0000 20.0000 0.0000 0.0000 10.0000 0.0000 0.0000 0.0000 0.0000 0.0000 33.4441 -19.1783 58.7006 -384.0248 23.7582 -351.2095 0.0000 0.0000 0.0000 0.0000 0.0000 0.0000 10.0000 0.0000 0.0000 10.0000 0.0000 0.0000 0.0000 0.0000 0.0000 20.0000 0.0000 0.0000 10.0000 0.0000 0.0000 0.0000 0.0000 0.0000 20.0000 0.0000 0.0000 10.0000 0.0000 0.0000 0.0000 0.0000 0.0000 20.0000 0.0000 0.0000 10.0000 0.0000 0.0000 0.0000 0.0000 0.0000 20.0000 0.0000 0.0000 10.0000 0.0000 0.0000 0.0000 0.0000 0.0000 0.0000 0.0000 0.0000 0.0000 0.0000 0.0000 0.0000 0.0000 0.0000 0.0000 0.0000 0.0000 0.0000 0.0000 0.0000
0.0000 95.0000 0.0000 0.0000 0.0000 0.0000 0.0000 0.0000 0.0000 0.0000 0.0000 0.0000 0.0000 0.0000 0.0000 0.0000 0.0000 0.0000 0.0000 0.0000 0.0000 0.0000 0.0000 0.0000 -10.1632 0.5974 6.7102 -16.0246 0.0393 -17.5797 0.0000 0.0000 0.0000 0.0000 0.0000 0.0000 10.0000 0.0000 0.0000 10.0000 0.0000 0.0000 0.0000 0.0000 0.0000 20.0000 0.0000 0.0000 10.0000 0.0000 0.0000 0.0000 0.0000 0.0000 20.0000 0.0000 0.0000 10.0000 0.0000 0.0000 0.0000 0.0000 0.0000 20.0000 0.0000 0.0000 10.0000 0.0000 0.0000 0.0000 0.0000 0.0000 20.0000 0.0000 0.0000 10.0000 0.0000 0.0000 0.0000 0.0000 0.0000 32.4655 -19.1721 60.2339 -383.4793 23.2034 -351.7278 0.0000 0.0000 0.0000 0.0000 0.0000 0.0000 10.0000 0.0000 0.0000 10.0000 0.0000 0.0000 0.0000 0.0000 0.0000 20.0000 0.0000 0.0000 10.0000 0.0000 0.0000 0.0000 0.0000 0.0000 20.0000 0.0000 0.0000 10.0000 0.0000 0.0000 0.0000 0.0000 0.0000 20.0000 0.0000 0.0000 10.0000 0.0000 0.0000 0.0000 0.0000 0.0000 20.0000 0.0000 0.0000 10.0000 0.0000 0.0000 0.0000 0.0000 0.0000 0.0000 0.0000 0.0000 0.0000 0.0000 0.0000 0.0000 0.0000 0.0000 0.0000 0.0000 0.0000 0.0000 0.0000 0.0000
0.0000 95.0000 0.0000 0.0000 0.0000 0.0000 0.0000 0.0000 0.0000 0.0000 0.0000 0.0000 0.0000 0.0000 0.0000 0.0000 0.0000 0.0000 0.0000 0.0000 0.0000 0.0000 0.0000 0.0000 -10.5202 0.6156 6.6788 -16.4223 0.0521 -17.5762 0.0000 0.0000 0.0000 0.0000 0.0000 0.0000 10.0000 0.0000 0.0000 10.0000 0.0000 0.0000 0.0000 0.0000 0.0000 20.0000 0.0000 0.0000 10.0000 0.0000 0.0000 0.0000 0.0000 0.0000 20.0000 0.0000 0.0000 10.0000 0.0000 0.0000 0.0000 0.0000 0.0000 20.0000 0.0000 0.0000 10.0000 0.0000 0.0000 0.0000 0.0000 0.0000 20.0000 0.0000 0.0000 10.0000 0.0000 0.0000 0.0000 0.0000 0.0000 31.4997 -19.1321 61.7217 -382.9332 22.6505 -352.2237 0.0000 0.0000 0.0000 0.0000 0.0000 0.0000 10.0000 0.0000 0.0000 10.0000 0.0000 0.0000 0.0000 0.0000 0.0000 20.0000 0.0000 0.0000 10.0000 0.0000 0.0000 0.0000 0.0000 0.0000 20.0000 0.0000 0.0000 10.0000 0.0000 0.0000 0.0000 0.0000 0.0000 20.0000 0.0000 0.0000 10.0000 0.0000 0.0000 0.0000 0.0000 0.0000 20.0000 0.0000 0.0000 10.0000 0.0000 0.0000 0.0000 0.0000 0.0000 0.0000 0.0000 0.0000 0.0000 0.0000 0.0000 0.0000 0.0000 0.0000 0.0000 0.0000 0.0000 0.0000 0.0000 0.0000
0.0000 95.0000 0.0000 0.0000 0.0000 0.0000 0.0000 0.0000 0.0000 0.0000 0.0000 0.0000 0.0000 0.0000 0.0000 0.0000 0.0000 0.0000 0.0000 0.0000 0.0000 0.0000 0.0000 0.0000 -10.8583 0.6327 6.6492 -16.8213 0.0620 -17.5736 0.0000 0.0000 0.0000 0.0000 0.0000 0.0000 10.0000 0.0000 0.0000 10.0000 0.0000 0.0000 0.0000 0.0000 0.0000 20.0000 0.0000 0.0000 10.0000 0.0000 0.0000 0.0000 0.0000 0.0000 20.0000 0.0000 0.0000 10.0000 0.0000 0.0000 0.0000 0.0000 0.0000 20.0000 0.0000 0.0000 10.0000 0.0000 0.0000 0.0000 0.0000 0.0000 20.0000 0.0000 0.0000 10.0000 0.0000 0.0000 0.0000 0.0000 0.0000 30.5487 -19.0605 63.1635 -382.3877 22.1007 -352.6980 0.0000 0.0000 0.0000 0.0000 0.0000 0.0000 10.0000 0.0000 0.0000 10.0000 0.0000 0.0000 0.0000 0.0000 0.0000 20.0000 0.0000 0.0000 10.0000 0.0000 0.0000 0.0000 0.0000 0.0000 20.0000 0.0000 0.0000 10.0000 0.0000 0.0000 0.0000 0.0000 0.0000 20.0000 0.0000 0.0000 10.0000 0.0000 0.0000 0.0000 0.0000 0.0000 20.0000 0.0000 0.0000 10.0000 0.0000 0.0000 0.0000 0.0000 0.0000 0.0000 0.0000 0.0000 0.0000 0.0000 0.0000 0.0000 0.0000 0.0000 0.0000 0.0000 0.0000 0.0000 0.0000 0.0000
0.0000 95.0000 0.0000 0.0000 0.0000 0.0000 0.0000 0.0000 0.0000 0.0000 0.0000 0.0000 0.0000 0.0000 0.0000 0.0000 0.0000 0.0000 0.0000 0.0000 0.0000 0.0000 0.0000 0.0000 -12.3204 0.6988 6.4675 -19.2844 0.0840 -16.5455 0.0000 0.0000 0.0000 0.0000 0.0000 0.0000 10.0000 0.0000 0.0000 10.0000 0.0000 0.0000 0.0000 0.0000 0.0000 20.0000 0.0000 0.0000 10.0000 0.0000 0.0000 0.0000 0.0000 0.0000 20.0000 0.0000 0.0000 10.0000 0.0000 0.0000 0.0000 0.0000 0.0000 20.0000 0.0000 0.0000 10.0000 0.0000 0.0000 0.0000 0.0000 0.0000 20.0000 0.0000 0.0000 10.0000 0.0000 0.0000 0.0000 0.0000 0.0000 43.0688 -15.1760 37.3086 -392.4626 14.8784 -360.3005 0.0000 0.0000 0.0000 0.0000 0.0000 0.0000 10.0000 0.0000 0.0000 10.0000 0.0000 0.0000 0.0000 0.0000 0.0000 20.0000 0.0000 0.0000 10.0000 0.0000 0.0000 0.0000 0.0000 0.0000 20.0000 0.0000 0.0000 10.0000 0.0000 0.0000 0.0000 0.0000 0.0000 20.0000 0.0000 0.0000 10.0000 0.0000 0.0000 0.0000 0.0000 0.0000 20.0000 0.0000 0.0000 10.0000 0.0000 0.0000 0.0000 0.0000 0.0000 0.0000 0.0000 0.0000 0.0000 0.0000 0.0000 0.0000 0.0000 0.0000 0.0000 0.0000 0.0000 0.0000 0.0000 0.0000
0.0000 95.0000 0.0000 0.0000 0.0000 0.0000 0.0000 0.0000 0.0000 0.0000 0.0000 0.0000 0.0000 0.0000 0.0000 0.0000 0.0000 0.0000 0.0000 0.0000 0.0000 0.0000 0.0000 0.0000 -12.5699 0.7084 6.4256 -20.2660 0.0393 -16.3483 0.0000 0.0000 0.0000 0.0000 0.0000 0.0000 10.0000 0.0000 0.0000 10.0000 0.0000 0.0000 0.0000 0.0000 0.0000 20.0000 0.0000 0.0000 10.0000 0.0000 0.0000 0.0000 0.0000 0.0000 20.0000 0.0000 0.0000 10.0000 0.0000 0.0000 0.0000 0.0000 0.0000 20.0000 0.0000 0.0000 10.0000 0.0000 0.0000 0.0000 0.0000 0.0000 20.0000 0.0000 0.0000 10.0000 0.0000 0.0000 0.0000 0.0000 0.0000 46.8064 -1.5696 3.6256 -396.7588 3.1145 -358.3882 0.0000 0.0000 0.0000 0.0000 0.0000 0.0000 10.0000 0.0000 0.0000 10.0000 0.0000 0.0000 0.0000 0.0000 0.0000 20.0000 0.0000 0.0000 10.0000 0.0000 0.0000 0.0000 0.0000 0.0000 20.0000 0.0000 0.0000 10.0000 0.0000 0.0000 0.0000 0.0000 0.0000 20.0000 0.0000 0.0000 10.0000 0.0000 0.0000 0.0000 0.0000 0.0000 20.0000 0.0000 0.0000 10.0000 0.0000 0.0000 0.0000 0.0000 0.0000 0.0000 0.0000 0.0000 0.0000 0.0000 0.0000 0.0000 0.0000 0.0000 0.0000 0.0000 0.0000 0.0000 0.0000 0.0000
0.0000 95.0000 0.0000 0.0000 0.0000 0.0000 0.0000 0.0000 0.0000 0.0000 0.0000 0.0000 0.0000 0.0000 0.0000 0.0000 0.0000 0.0000 0.0000 0.0000 0.0000 0.0000 0.0000 0.0000 -15.8865 -0.6338 -4.5401 -16.3486 -0.6777 -6.3122 0.0000 0.0000 0.0000 0.0000 0.0000 0.0000 10.0000 0.0000 0.0000 10.0000 0.0000 0.0000 0.0000 0.0000 0.0000 20.0000 0.0000 0.0000 10.0000 0.0000 0.0000 0.0000 0.0000 0.0000 20.0000 0.0000 0.0000 10.0000 0.0000 0.0000 0.0000 0.0000 0.0000 20.0000 0.0000 0.0000 10.0000 0.0000 0.0000 0.0000 0.0000 0.0000 20.0000 0.0000 0.0000 10.0000 0.0000 0.0000 0.0000 0.0000 0.0000 40.1452 2.1966 -6.0068 -392.8892 6.8161 -347.7428 0.0000 0.0000 0.0000 0.0000 0.0000 0.0000 10.0000 0.0000 0.0000 10.0000 0.0000 0.0000 0.0000 0.0000 0.0000 20.0000 0.0000 0.0000 10.0000 0.0000 0.0000 0.0000 0.0000 0.0000 20.0000 0.0000 0.0000 10.0000 0.0000 0.0000 0.0000 0.0000 0.0000 20.0000 0.0000 0.0000 10.0000 0.0000 0.0000 0.0000 0.0000 0.0000 20.0000 0.0000 0.0000 10.0000 0.0000 0.0000 0.0000 0.0000 0.0000 0.0000 0.0000 0.0000 0.0000 0.0000 0.0000 0.0000 0.0000 0.0000 0.0000 0.0000 0.0000 0.0000 0.0000 0.0000
0.0000 95.0000 0.0000 0.0000 0.0000 0.0000 0.0000 0.0000 0.0000 0.0000 0.0000 0.0000 0.0000 0.0000 0.0000 0.0000 0.0000 0.0000 0.0000 0.0000 0.0000 0.0000 0.0000 0.0000 -16.6204 -4.1607 -27.9309 -7.6580 -0.1345 -20.3848 0.0000 0.0000 0.0000 0.0000 0.0000 0.0000 10.0000 0.0000 0.0000 10.0000 0.0000 0.0000 0.0000 0.0000 0.0000 20.0000 0.0000 0.0000 10.0000 0.0000 0.0000 0.0000 0.0000 0.0000 20.0000 0.0000 0.0000 10.0000 0.0000 0.0000 0.0000 0.0000 0.0000 20.0000 0.0000 0.0000 10.0000 0.0000 0.0000 0.0000 0.0000 0.0000 20.0000 0.0000 0.0000 10.0000 0.0000 0.0000 0.0000 0.0000 0.0000 36.1695 2.0443 -6.2548 -390.6616 5.9353 -347.8398 0.0000 0.0000 0.0000 0.0000 0.0000 0.0000 10.0000 0.0000 0.0000 10.0000 0.0000 0.0000 0.0000 0.0000 0.0000 20.0000 0.0000 0.0000 10.0000 0.0000 0.0000 0.0000 0.0000 0.0000 20.0000 0.0000 0.0000 10.0000 0.0000 0.0000 0.0000 0.0000 0.0000 20.0000 0.0000 0.0000 10.0000 0.0000 0.0000 0.0000 0.0000 0.0000 20.0000 0.0000 0.0000 10.0000 0.0000 0.0000 0.0000 0.0000 0.0000 0.0000 0.0000 0.0000 0.0000 0.0000 0.0000 0.0000 0.0000 0.0000 0.0000 0.0000 0.0000 0.0000 0.0000 0.0000
0.0000 95.0000 0.0000 0.0000 0.0000 0.0000 0.0000 0.0000 0.0000 0.0000 0.0000 0.0000 0.0000 0.0000 0.0000 0.0000 0.0000 0.0000 0.0000 0.0000 0.0000 0.0000 0.0000 0.0000 -16.2197 -5.5769 -37.7415 -4.7650 0.3987 -17.2281 0.0000 0.0000 0.0000 0.0000 0.0000 0.0000 10.0000 0.0000 0.0000 10.0000 0.0000 0.0000 0.0000 0.0000 0.0000 20.0000 0.0000 0.0000 10.0000 0.0000 0.0000 0.0000 0.0000 0.0000 20.0000 0.0000 0.0000 10.0000 0.0000 0.0000 0.0000 0.0000 0.0000 20.0000 0.0000 0.0000 10.0000 0.0000 0.0000 0.0000 0.0000 0.0000 20.0000 0.0000 0.0000 10.0000 0.0000 0.0000 0.0000 0.0000 0.0000 33.6052 1.9408 -6.4209 -388.6865 5.4957 -347.6904 0.0000 0.0000 0.0000 0.0000 0.0000 0.0000 10.0000 0.0000 0.0000 10.0000 0.0000 0.0000 0.0000 0.0000 0.0000 20.0000 0.0000 0.0000 10.0000 0.0000 0.0000 0.0000 0.0000 0.0000 20.0000 0.0000 0.0000 10.0000 0.0000 0.0000 0.0000 0.0000 0.0000 20.0000 0.0000 0.0000 10.0000 0.0000 0.0000 0.0000 0.0000 0.0000 20.0000 0.0000 0.0000 10.0000 0.0000 0.0000 0.0000 0.0000 0.0000 0.0000 0.0000 0.0000 0.0000 0.0000 0.0000 0.0000 0.0000 0.0000 0.0000 0.0000 0.0000 0.0000 0.0000 0.0000
0.0000 95.0000 0.0000 0.0000 0.0000 0.0000 0.0000 0.0000 0.0000 0.0000 0.0000 0.0000 0.0000 0.0000 0.0000 0.0000 0.0000 0.0000 0.0000 0.0000 0.0000 0.0000 0.0000 0.0000 -16.8802 -2.5166 -16.8405 -9.9505 -0.7249 -12.1279 0.0000 0.0000 0.0000 0.0000 0.0000 0.0000 10.0000 0.0000 0.0000 10.0000 0.0000 0.0000 0.0000 0.0000 0.0000 20.0000 0.0000 0.0000 10.0000 0.0000 0.0000 0.0000 0.0000 0.0000 20.0000 0.0000 0.0000 10.0000 0.0000 0.0000 0.0000 0.0000 0.0000 20.0000 0.0000 0.0000 10.0000 0.0000 0.0000 0.0000 0.0000 0.0000 20.0000 0.0000 0.0000 10.0000 0.0000 0.0000 0.0000 0.0000 0.0000 32.8003 1.8637 -6.3265 -386.4794 5.2773 -347.6689 0.0000 0.0000 0.0000 0.0000 0.0000 0.0000 10.0000 0.0000 0.0000 10.0000 0.0000 0.0000 0.0000 0.0000 0.0000 20.0000 0.0000 0.0000 10.0000 0.0000 0.0000 0.0000 0.0000 0.0000 20.0000 0.0000 0.0000 10.0000 0.0000 0.0000 0.0000 0.0000 0.0000 20.0000 0.0000 0.0000 10.0000 0.0000 0.0000 0.0000 0.0000 0.0000 20.0000 0.0000 0.0000 10.0000 0.0000 0.0000 0.0000 0.0000 0.0000 0.0000 0.0000 0.0000 0.0000 0.0000 0.0000 0.0000 0.0000 0.0000 0.0000 0.0000 0.0000 0.0000 0.0000 0.0000
0.0000 95.0000 0.0000 0.0000 0.0000 0.0000 0.0000 0.0000 0.0000 0.0000 0.0000 0.0000 0.0000 0.0000 0.0000 0.0000 0.0000 0.0000 0.0000 0.0000 0.0000 0.0000 0.0000 0.0000 -18.0347 -1.2652 -7.9599 -12.1557 -1.1829 6.3579 0.0000 0.0000 0.0000 0.0000 0.0000 0.0000 10.0000 0.0000 0.0000 10.0000 0.0000 0.0000 0.0000 0.0000 0.0000 20.0000 0.0000 0.0000 10.0000 0.0000 0.0000 0.0000 0.0000 0.0000 20.0000 0.0000 0.0000 10.0000 0.0000 0.0000 0.0000 0.0000 0.0000 20.0000 0.0000 0.0000 10.0000 0.0000 0.0000 0.0000 0.0000 0.0000 20.0000 0.0000 0.0000 10.0000 0.0000 0.0000 0.0000 0.0000 0.0000 35.6152 1.9339 -6.0156 -388.0445 5.2569 -348.6251 0.0000 0.0000 0.0000 0.0000 0.0000 0.0000 10.0000 0.0000 0.0000 10.0000 0.0000 0.0000 0.0000 0.0000 0.0000 20.0000 0.0000 0.0000 10.0000 0.0000 0.0000 0.0000 0.0000 0.0000 20.0000 0.0000 0.0000 10.0000 0.0000 0.0000 0.0000 0.0000 0.0000 20.0000 0.0000 0.0000 10.0000 0.0000 0.0000 0.0000 0.0000 0.0000 20.0000 0.0000 0.0000 10.0000 0.0000 0.0000 0.0000 0.0000 0.0000 0.0000 0.0000 0.0000 0.0000 0.0000 0.0000 0.0000 0.0000 0.0000 0.0000 0.0000 0.0000 0.0000 0.0000 0.0000
0.0000 95.0000 0.0000 0.0000 0.0000 0.0000 0.0000 0.0000 0.0000 0.0000 0.0000 0.0000 0.0000 0.0000 0.0000 0.0000 0.0000 0.0000 0.0000 0.0000 0.0000 0.0000 0.0000 0.0000 -18.6800 0.4654 2.8291 -12.7059 0.8008 -9.2511 0.0000 0.0000 0.0000 0.0000 0.0000 0.0000 10.0000 0.0000 0.0000 10.0000 0.0000 0.0000 0.0000 0.0000 0.0000 20.0000 0.0000 0.0000 10.0000 0.0000 0.0000 0.0000 0.0000 0.0000 20.0000 0.0000 0.0000 10.0000 0.0000 0.0000 0.0000 0.0000 0.0000 20.0000 0.0000 0.0000 10.0000 0.0000 0.0000 0.0000 0.0000 0.0000 20.0000 0.0000 0.0000 10.0000 0.0000 0.0000 0.0000 0.0000 0.0000 38.9117 3.3101 -9.3521 -389.4422 6.6071 -345.7777 0.0000 0.0000 0.0000 0.0000 0.0000 0.0000 10.0000 0.0000 0.0000 10.0000 0.0000 0.0000 0.0000 0.0000 0.0000 20.0000 0.0000 0.0000 10.0000 0.0000 0.0000 0.0000 0.0000 0.0000 20.0000 0.0000 0.0000 10.0000 0.0000 0.0000 0.0000 0.0000 0.0000 20.0000 0.0000 0.0000 10.0000 0.0000 0.0000 0.0000 0.0000 0.0000 20.0000 0.0000 0.0000 10.0000 0.0000 0.0000 0.0000 0.0000 0.0000 0.0000 0.0000 0.0000 0.0000 0.0000 0.0000 0.0000 0.0000 0.0000 0.0000 0.0000 0.0000 0.0000 0.0000 0.0000
0.0000 95.0000 0.0000 0.0000 0.0000 0.0000 0.0000 0.0000 0.0000 0.0000 0.0000 0.0000 0.0000 0.0000 0.0000 0.0000 0.0000 0.0000 0.0000 0.0000 0.0000 0.0000 0.0000 0.0000 -18.9482 0.3882 2.3257 -13.4080 0.6991 -8.7450 0.0000 0.0000 0.0000 0.0000 0.0000 0.0000 10.0000 0.0000 0.0000 10.0000 0.0000 0.0000 0.0000 0.0000 0.0000 20.0000 0.0000 0.0000 10.0000 0.0000 0.0000 0.0000 0.0000 0.0000 20.0000 0.0000 0.0000 10.0000 0.0000 0.0000 0.0000 0.0000 0.0000 20.0000 0.0000 0.0000 10.0000 0.0000 0.0000 0.0000 0.0000 0.0000 20.0000 0.0000 0.0000 10.0000 0.0000 0.0000 0.0000 0.0000 0.0000 41.4458 2.2785 -6.0178 -393.0008 -1.6765 -359.1838 0.0000 0.0000 0.0000 0.0000 0.0000 0.0000 10.0000 0.0000 0.0000 10.0000 0.0000 0.0000 0.0000 0.0000 0.0000 20.0000 0.0000 0.0000 10.0000 0.0000 0.0000 0.0000 0.0000 0.0000 20.0000 0.0000 0.0000 10.0000 0.0000 0.0000 0.0000 0.0000 0.0000 20.0000 0.0000 0.0000 10.0000 0.0000 0.0000 0.0000 0.0000 0.0000 20.0000 0.0000 0.0000 10.0000 0.0000 0.0000 0.0000 0.0000 0.0000 0.0000 0.0000 0.0000 0.0000 0.0000 0.0000 0.0000 0.0000 0.0000 0.0000 0.0000 0.0000 0.0000 0.0000 0.0000
0.0000 95.0000 0.0000 0.0000 0.0000 0.0000 0.0000 0.0000 0.0000 0.0000 0.0000 0.0000 0.0000 0.0000 0.0000 0.0000 0.0000 0.0000 0.0000 0.0000 0.0000 0.0000 0.0000 0.0000 -18.8944 -0.9691 -5.8193 -13.9934 -1.4392 16.7739 0.0000 0.0000 0.0000 0.0000 0.0000 0.0000 10.0000 0.0000 0.0000 10.0000 0.0000 0.0000 0.0000 0.0000 0.0000 20.0000 0.0000 0.0000 10.0000 0.0000 0.0000 0.0000 0.0000 0.0000 20.0000 0.0000 0.0000 10.0000 0.0000 0.0000 0.0000 0.0000 0.0000 20.0000 0.0000 0.0000 10.0000 0.0000 0.0000 0.0000 0.0000 0.0000 20.0000 0.0000 0.0000 10.0000 0.0000 0.0000 0.0000 0.0000 0.0000 42.8236 2.4708 -6.2957 -397.4108 -2.9006 -360.0704 0.0000 0.0000 0.0000 0.0000 0.0000 0.0000 10.0000 0.0000 0.0000 10.0000 0.0000 0.0000 0.0000 0.0000 0.0000 20.0000 0.0000 0.0000 10.0000 0.0000 0.0000 0.0000 0.0000 0.0000 20.0000 0.0000 0.0000 10.0000 0.0000 0.0000 0.0000 0.0000 0.0000 20.0000 0.0000 0.0000 10.0000 0.0000 0.0000 0.0000 0.0000 0.0000 20.0000 0.0000 0.0000 10.0000 0.0000 0.0000 0.0000 0.0000 0.0000 0.0000 0.0000 0.0000 0.0000 0.0000 0.0000 0.0000 0.0000 0.0000 0.0000 0.0000 0.0000 0.0000 0.0000 0.0000
0.0000 95.0000 0.0000 0.0000 0.0000 0.0000 0.0000 0.0000 0.0000 0.0000 0.0000 0.0000 0.0000 0.0000 0.0000 0.0000 0.0000 0.0000 0.0000 0.0000 0.0000 0.0000 0.0000 0.0000 -17.4167 -3.3511 -21.6240 -14.9267 -3.2040 14.8504 0.0000 0.0000 0.0000 0.0000 0.0000 0.0000 10.0000 0.0000 0.0000 10.0000 0.0000 0.0000 0.0000 0.0000 0.0000 20.0000 0.0000 0.0000 10.0000 0.0000 0.0000 0.0000 0.0000 0.0000 20.0000 0.0000 0.0000 10.0000 0.0000 0.0000 0.0000 0.0000 0.0000 20.0000 0.0000 0.0000 10.0000 0.0000 0.0000 0.0000 0.0000 0.0000 20.0000 0.0000 0.0000 10.0000 0.0000 0.0000 0.0000 0.0000 0.0000 43.3841 3.8143 -9.5699 -402.9982 7.8988 -346.0593 0.0000 0.0000 0.0000 0.0000 0.0000 0.0000 10.0000 0.0000 0.0000 10.0000 0.0000 0.0000 0.0000 0.0000 0.0000 20.0000 0.0000 0.0000 10.0000 0.0000 0.0000 0.0000 0.0000 0.0000 20.0000 0.0000 0.0000 10.0000 0.0000 0.0000 0.0000 0.0000 0.0000 20.0000 0.0000 0.0000 10.0000 0.0000 0.0000 0.0000 0.0000 0.0000 20.0000 0.0000 0.0000 10.0000 0.0000 0.0000 0.0000 0.0000 0.0000 0.0000 0.0000 0.0000 0.0000 0.0000 0.0000 0.0000 0.0000 0.0000 0.0000 0.0000 0.0000 0.0000 0.0000 0.0000
0.0000 95.0000 0.0000 0.0000 0.0000 0.0000 0.0000 0.0000 0.0000 0.0000 0.0000 0.0000 0.0000 0.0000 0.0000 0.0000 0.0000 0.0000 0.0000 0.0000 0.0000 0.0000 0.0000 0.0000 -12.5382 -5.3506 -46.0848 -10.5315 -4.5472 2.3043 0.0000 0.0000 0.0000 0.0000 0.0000 0.0000 10.0000 0.0000 0.0000 10.0000 0.0000 0.0000 0.0000 0.0000 0.0000 20.0000 0.0000 0.0000 10.0000 0.0000 0.0000 0.0000 0.0000 0.0000 20.0000 0.0000 0.0000 10.0000 0.0000 0.0000 0.0000 0.0000 0.0000 20.0000 0.0000 0.0000 10.0000 0.0000 0.0000 0.0000 0.0000 0.0000 20.0000 0.0000 0.0000 10.0000 0.0000 0.0000 0.0000 0.0000 0.0000 42.6670 6.2395 -15.8891 -408.5099 10.9518 -339.4459 0.0000 0.0000 0.0000 0.0000 0.0000 0.0000 10.0000 0.0000 0.0000 10.0000 0.0000 0.0000 0.0000 0.0000 0.0000 20.0000 0.0000 0.0000 10.0000 0.0000 0.0000 0.0000 0.0000 0.0000 20.0000 0.0000 0.0000 10.0000 0.0000 0.0000 0.0000 0.0000 0.0000 20.0000 0.0000 0.0000 10.0000 0.0000 0.0000 0.0000 0.0000 0.0000 20.0000 0.0000 0.0000 10.0000 0.0000 0.0000 0.0000 0.0000 0.0000 0.0000 0.0000 0.0000 0.0000 0.0000 0.0000 0.0000 0.0000 0.0000 0.0000 0.0000 0.0000 0.0000 0.0000 0.0000
0.0000 95.0000 0.0000 0.0000 0.0000 0.0000 0.0000 0.0000 0.0000 0.0000 0.0000 0.0000 0.0000 0.0000 0.0000 0.0000 0.0000 0.0000 0.0000 0.0000 0.0000 0.0000 0.0000 0.0000 -9.8844 -5.6485 -59.4099 -4.2625 -2.1373 -4.6348 0.0000 0.0000 0.0000 0.0000 0.0000 0.0000 10.0000 0.0000 0.0000 10.0000 0.0000 0.0000 0.0000 0.0000 0.0000 20.0000 0.0000 0.0000 10.0000 0.0000 0.0000 0.0000 0.0000 0.0000 20.0000 0.0000 0.0000 10.0000 0.0000 0.0000 0.0000 0.0000 0.0000 20.0000 0.0000 0.0000 10.0000 0.0000 0.0000 0.0000 0.0000 0.0000 20.0000 0.0000 0.0000 10.0000 0.0000 0.0000 0.0000 0.0000 0.0000 48.5074 5.5943 -12.3783 -418.9108 10.5813 -343.9253 0.0000 0.0000 0.0000 0.0000 0.0000 0.0000 10.0000 0.0000 0.0000 10.0000 0.0000 0.0000 0.0000 0.0000 0.0000 20.0000 0.0000 0.0000 10.0000 0.0000 0.0000 0.0000 0.0000 0.0000 20.0000 0.0000 0.0000 10.0000 0.0000 0.0000 0.0000 0.0000 0.0000 20.0000 0.0000 0.0000 10.0000 0.0000 0.0000 0.0000 0.0000 0.0000 20.0000 0.0000 0.0000 10.0000 0.0000 0.0000 0.0000 0.0000 0.0000 0.0000 0.0000 0.0000 0.0000 0.0000 0.0000 0.0000 0.0000 0.0000 0.0000 0.0000 0.0000 0.0000 0.0000 0.0000
0.0000 95.0000 0.0000 0.0000 0.0000 0.0000 0.0000 0.0000 0.0000 0.0000 0.0000 0.0000 0.0000 0.0000 0.0000 0.0000 0.0000 0.0000 0.0000 0.0000 0.0000 0.0000 0.0000 0.0000 -7.2519 -5.2582 -71.8559 -2.0348 -1.2930 -2.6586 0.0000 0.0000 0.0000 0.0000 0.0000 0.0000 10.0000 0.0000 0.0000 10.0000 0.0000 0.0000 0.0000 0.0000 0.0000 20.0000 0.0000 0.0000 10.0000 0.0000 0.0000 0.0000 0.0000 0.0000 20.0000 0.0000 0.0000 10.0000 0.0000 0.0000 0.0000 0.0000 0.0000 20.0000 0.0000 0.0000 10.0000 0.0000 0.0000 0.0000 0.0000 0.0000 20.0000 0.0000 0.0000 10.0000 0.0000 0.0000 0.0000 0.0000 0.0000 55.5449 -7.4396 14.0755 -424.5457 19.6641 -358.6071 0.0000 0.0000 0.0000 0.0000 0.0000 0.0000 10.0000 0.0000 0.0000 10.0000 0.0000 0.0000 0.0000 0.0000 0.0000 20.0000 0.0000 0.0000 10.0000 0.0000 0.0000 0.0000 0.0000 0.0000 20.0000 0.0000 0.0000 10.0000 0.0000 0.0000 0.0000 0.0000 0.0000 20.0000 0.0000 0.0000 10.0000 0.0000 0.0000 0.0000 0.0000 0.0000 20.0000 0.0000 0.0000 10.0000 0.0000 0.0000 0.0000 0.0000 0.0000 0.0000 0.0000 0.0000 0.0000 0.0000 0.0000 0.0000 0.0000 0.0000 0.0000 0.0000 0.0000 0.0000 0.0000 0.0000
0.0000 95.0000 0.0000 0.0000 0.0000 0.0000 0.0000 0.0000 0.0000 0.0000 0.0000 0.0000 0.0000 0.0000 0.0000 0.0000 0.0000 0.0000 0.0000 0.0000 0.0000 0.0000 0.0000 0.0000 -5.1145 -3.8842 -74.4140 -3.2224 -2.4379 -0.4511 0.0000 0.0000 0.0000 0.0000 0.0000 0.0000 10.0000 0.0000 0.0000 10.0000 0.0000 0.0000 0.0000 0.0000 0.0000 20.0000 0.0000 0.0000 10.0000 0.0000 0.0000 0.0000 0.0000 0.0000 20.0000 0.0000 0.0000 10.0000 0.0000 0.0000 0.0000 0.0000 0.0000 20.0000 0.0000 0.0000 10.0000 0.0000 0.0000 0.0000 0.0000 0.0000 20.0000 0.0000 0.0000 10.0000 0.0000 0.0000 0.0000 0.0000 0.0000 54.3671 -9.7448 18.8487 -425.9309 15.2632 -364.6669 0.0000 0.0000 0.0000 0.0000 0.0000 0.0000 10.0000 0.0000 0.0000 10.0000 0.0000 0.0000 0.0000 0.0000 0.0000 20.0000 0.0000 0.0000 10.0000 0.0000 0.0000 0.0000 0.0000 0.0000 20.0000 0.0000 0.0000 10.0000 0.0000 0.0000 0.0000 0.0000 0.0000 20.0000 0.0000 0.0000 10.0000 0.0000 0.0000 0.0000 0.0000 0.0000 20.0000 0.0000 0.0000 10.0000 0.0000 0.0000 0.0000 0.0000 0.0000 0.0000 0.0000 0.0000 0.0000 0.0000 0.0000 0.0000 0.0000 0.0000 0.0000 0.0000 0.0000 0.0000 0.0000 0.0000
0.0000 95.0000 0.0000 0.0000 0.0000 0.0000 0.0000 0.0000 0.0000 0.0000 0.0000 0.0000 0.0000 0.0000 0.0000 0.0000 0.0000 0.0000 0.0000 0.0000 0.0000 0.0000 0.0000 0.0000 -4.4128 -3.5019 -76.8583 -2.3409 -1.8345 -0.8424 0.0000 0.0000 0.0000 0.0000 0.0000 0.0000 10.0000 0.0000 0.0000 10.0000 0.0000 0.0000 0.0000 0.0000 0.0000 20.0000 0.0000 0.0000 10.0000 0.0000 0.0000 0.0000 0.0000 0.0000 20.0000 0.0000 0.0000 10.0000 0.0000 0.0000 0.0000 0.0000 0.0000 20.0000 0.0000 0.0000 10.0000 0.0000 0.0000 0.0000 0.0000 0.0000 20.0000 0.0000 0.0000 10.0000 0.0000 0.0000 0.0000 0.0000 0.0000 54.0342 -6.9896 13.6597 -428.7604 6.6864 -366.2306 0.0000 0.0000 0.0000 0.0000 0.0000 0.0000 10.0000 0.0000 0.0000 10.0000 0.0000 0.0000 0.0000 0.0000 0.0000 20.0000 0.0000 0.0000 10.0000 0.0000 0.0000 0.0000 0.0000 0.0000 20.0000 0.0000 0.0000 10.0000 0.0000 0.0000 0.0000 0.0000 0.0000 20.0000 0.0000 0.0000 10.0000 0.0000 0.0000 0.0000 0.0000 0.0000 20.0000 0.0000 0.0000 10.0000 0.0000 0.0000 0.0000 0.0000 0.0000 0.0000 0.0000 0.0000 0.0000 0.0000 0.0000 0.0000 0.0000 0.0000 0.0000 0.0000 0.0000 0.0000 0.0000 0.0000
0.0000 95.0000 0.0000 0.0000 0.0000 0.0000 0.0000 0.0000 0.0000 0.0000 0.0000 0.0000 0.0000 0.0000 0.0000 0.0000 0.0000 0.0000 0.0000 0.0000 0.0000 0.0000 0.0000 0.0000 -4.2185 -3.4182 -78.0262 -1.9323 -1.5247 -1.2820 0.0000 0.0000 0.0000 0.0000 0.0000 0.0000 10.0000 0.0000 0.0000 10.0000 0.0000 0.0000 0.0000 0.0000 0.0000 20.0000 0.0000 0.0000 10.0000 0.0000 0.0000 0.0000 0.0000 0.0000 20.0000 0.0000 0.0000 10.0000 0.0000 0.0000 0.0000 0.0000 0.0000 20.0000 0.0000 0.0000 10.0000 0.0000 0.0000 0.0000 0.0000 0.0000 20.0000 0.0000 0.0000 10.0000 0.0000 0.0000 0.0000 0.0000 0.0000 53.3779 -3.9139 7.7768 -429.8087 1.9060 -364.6308 0.0000 0.0000 0.0000 0.0000 0.0000 0.0000 10.0000 0.0000 0.0000 10.0000 0.0000 0.0000 0.0000 0.0000 0.0000 20.0000 0.0000 0.0000 10.0000 0.0000 0.0000 0.0000 0.0000 0.0000 20.0000 0.0000 0.0000 10.0000 0.0000 0.0000 0.0000 0.0000 0.0000 20.0000 0.0000 0.0000 10.0000 0.0000 0.0000 0.0000 0.0000 0.0000 20.0000 0.0000 0.0000 10.0000 0.0000 0.0000 0.0000 0.0000 0.0000 0.0000 0.0000 0.0000 0.0000 0.0000 0.0000 0.0000 0.0000 0.0000 0.0000 0.0000 0.0000 0.0000 0.0000 0.0000
0.0000 95.0000 0.0000 0.0000 0.0000 0.0000 0.0000 0.0000 0.0000 0.0000 0.0000 0.0000 0.0000 0.0000 0.0000 0.0000 0.0000 0.0000 0.0000 0.0000 0.0000 0.0000 0.0000 0.0000 -5.1201 -4.1998 -78.7099 -0.9556 -0.7808 -0.0834 0.0000 0.0000 0.0000 0.0000 0.0000 0.0000 10.0000 0.0000 0.0000 10.0000 0.0000 0.0000 0.0000 0.0000 0.0000 20.0000 0.0000 0.0000 10.0000 0.0000 0.0000 0.0000 0.0000 0.0000 20.0000 0.0000 0.0000 10.0000 0.0000 0.0000 0.0000 0.0000 0.0000 20.0000 0.0000 0.0000 10.0000 0.0000 0.0000 0.0000 0.0000 0.0000 20.0000 0.0000 0.0000 10.0000 0.0000 0.0000 0.0000 0.0000 0.0000 52.7894 -7.2784 14.6058 -426.2579 10.8017 -364.0350 0.0000 0.0000 0.0000 0.0000 0.0000 0.0000 10.0000 0.0000 0.0000 10.0000 0.0000 0.0000 0.0000 0.0000 0.0000 20.0000 0.0000 0.0000 10.0000 0.0000 0.0000 0.0000 0.0000 0.0000 20.0000 0.0000 0.0000 10.0000 0.0000 0.0000 0.0000 0.0000 0.0000 20.0000 0.0000 0.0000 10.0000 0.0000 0.0000 0.0000 0.0000 0.0000 20.0000 0.0000 0.0000 10.0000 0.0000 0.0000 0.0000 0.0000 0.0000 0.0000 0.0000 0.0000 0.0000 0.0000 0.0000 0.0000 0.0000 0.0000 0.0000 0.0000 0.0000 0.0000 0.0000 0.0000
0.0000 95.0000 0.0000 0.0000 0.0000 0.0000 0.0000 0.0000 0.0000 0.0000 0.0000 0.0000 0.0000 0.0000 0.0000 0.0000 0.0000 0.0000 0.0000 0.0000 0.0000 0.0000 0.0000 0.0000 -5.7669 -4.7046 -78.3978 -0.7381 -0.5787 -0.3468 0.0000 0.0000 0.0000 0.0000 0.0000 0.0000 10.0000 0.0000 0.0000 10.0000 0.0000 0.0000 0.0000 0.0000 0.0000 20.0000 0.0000 0.0000 10.0000 0.0000 0.0000 0.0000 0.0000 0.0000 20.0000 0.0000 0.0000 10.0000 0.0000 0.0000 0.0000 0.0000 0.0000 20.0000 0.0000 0.0000 10.0000 0.0000 0.0000 0.0000 0.0000 0.0000 20.0000 0.0000 0.0000 10.0000 0.0000 0.0000 0.0000 0.0000 0.0000 50.3128 -12.3227 25.8908 -418.3509 22.0924 -361.8309 0.0000 0.0000 0.0000 0.0000 0.0000 0.0000 10.0000 0.0000 0.0000 10.0000 0.0000 0.0000 0.0000 0.0000 0.0000 20.0000 0.0000 0.0000 10.0000 0.0000 0.0000 0.0000 0.0000 0.0000 20.0000 0.0000 0.0000 10.0000 0.0000 0.0000 0.0000 0.0000 0.0000 20.0000 0.0000 0.0000 10.0000 0.0000 0.0000 0.0000 0.0000 0.0000 20.0000 0.0000 0.0000 10.0000 0.0000 0.0000 0.0000 0.0000 0.0000 0.0000 0.0000 0.0000 0.0000 0.0000 0.0000 0.0000 0.0000 0.0000 0.0000 0.0000 0.0000 0.0000 0.0000 0.0000
0.0000 95.0000 0.0000 0.0000 0.0000 0.0000 0.0000 0.0000 0.0000 0.0000 0.0000 0.0000 0.0000 0.0000 0.0000 0.0000 0.0000 0.0000 0.0000 0.0000 0.0000 0.0000 0.0000 0.0000 -6.3021 -5.1459 -78.4472 -0.4712 -0.3624 -0.2823 0.0000 0.0000 0.0000 0.0000 0.0000 0.0000 10.0000 0.0000 0.0000 10.0000 0.0000 0.0000 0.0000 0.0000 0.0000 20.0000 0.0000 0.0000 10.0000 0.0000 0.0000 0.0000 0.0000 0.0000 20.0000 0.0000 0.0000 10.0000 0.0000 0.0000 0.0000 0.0000 0.0000 20.0000 0.0000 0.0000 10.0000 0.0000 0.0000 0.0000 0.0000 0.0000 20.0000 0.0000 0.0000 10.0000 0.0000 0.0000 0.0000 0.0000 0.0000 47.5164 -15.0529 33.4147 -411.8615 24.4544 -361.3131 0.0000 0.0000 0.0000 0.0000 0.0000 0.0000 10.0000 0.0000 0.0000 10.0000 0.0000 0.0000 0.0000 0.0000 0.0000 20.0000 0.0000 0.0000 10.0000 0.0000 0.0000 0.0000 0.0000 0.0000 20.0000 0.0000 0.0000 10.0000 0.0000 0.0000 0.0000 0.0000 0.0000 20.0000 0.0000 0.0000 10.0000 0.0000 0.0000 0.0000 0.0000 0.0000 20.0000 0.0000 0.0000 10.0000 0.0000 0.0000 0.0000 0.0000 0.0000 0.0000 0.0000 0.0000 0.0000 0.0000 0.0000 0.0000 0.0000 0.0000 0.0000 0.0000 0.0000 0.0000 0.0000 0.0000
0.0000 95.0000 0.0000 0.0000 0.0000 0.0000 0.0000 0.0000 0.0000 0.0000 0.0000 0.0000 0.0000 0.0000 0.0000 0.0000 0.0000 0.0000 0.0000 0.0000 0.0000 0.0000 0.0000 0.0000 -7.3893 -6.0051 -78.1736 0.8053 0.5264 1.1218 0.0000 0.0000 0.0000 0.0000 0.0000 0.0000 10.0000 0.0000 0.0000 10.0000 0.0000 0.0000 0.0000 0.0000 0.0000 20.0000 0.0000 0.0000 10.0000 0.0000 0.0000 0.0000 0.0000 0.0000 20.0000 0.0000 0.0000 10.0000 0.0000 0.0000 0.0000 0.0000 0.0000 20.0000 0.0000 0.0000 10.0000 0.0000 0.0000 0.0000 0.0000 0.0000 20.0000 0.0000 0.0000 10.0000 0.0000 0.0000 0.0000 0.0000 0.0000 47.3858 -15.5370 34.5394 -409.7219 25.1138 -360.3222 0.0000 0.0000 0.0000 0.0000 0.0000 0.0000 10.0000 0.0000 0.0000 10.0000 0.0000 0.0000 0.0000 0.0000 0.0000 20.0000 0.0000 0.0000 10.0000 0.0000 0.0000 0.0000 0.0000 0.0000 20.0000 0.0000 0.0000 10.0000 0.0000 0.0000 0.0000 0.0000 0.0000 20.0000 0.0000 0.0000 10.0000 0.0000 0.0000 0.0000 0.0000 0.0000 20.0000 0.0000 0.0000 10.0000 0.0000 0.0000 0.0000 0.0000 0.0000 0.0000 0.0000 0.0000 0.0000 0.0000 0.0000 0.0000 0.0000 0.0000 0.0000 0.0000 0.0000 0.0000 0.0000 0.0000
0.0000 95.0000 0.0000 0.0000 0.0000 0.0000 0.0000 0.0000 0.0000 0.0000 0.0000 0.0000 0.0000 0.0000 0.0000 0.0000 0.0000 0.0000 0.0000 0.0000 0.0000 0.0000 0.0000 0.0000 -7.9839 -6.5074 -78.3340 1.7253 1.1098 2.2158 0.0000 0.0000 0.0000 0.0000 0.0000 0.0000 10.0000 0.0000 0.0000 10.0000 0.0000 0.0000 0.0000 0.0000 0.0000 20.0000 0.0000 0.0000 10.0000 0.0000 0.0000 0.0000 0.0000 0.0000 20.0000 0.0000 0.0000 10.0000 0.0000 0.0000 0.0000 0.0000 0.0000 20.0000 0.0000 0.0000 10.0000 0.0000 0.0000 0.0000 0.0000 0.0000 20.0000 0.0000 0.0000 10.0000 0.0000 0.0000 0.0000 0.0000 0.0000 43.9277 -17.4074 41.5730 -404.5335 24.9318 -360.7865 0.0000 0.0000 0.0000 0.0000 0.0000 0.0000 10.0000 0.0000 0.0000 10.0000 0.0000 0.0000 0.0000 0.0000 0.0000 20.0000 0.0000 0.0000 10.0000 0.0000 0.0000 0.0000 0.0000 0.0000 20.0000 0.0000 0.0000 10.0000 0.0000 0.0000 0.0000 0.0000 0.0000 20.0000 0.0000 0.0000 10.0000 0.0000 0.0000 0.0000 0.0000 0.0000 20.0000 0.0000 0.0000 10.0000 0.0000 0.0000 0.0000 0.0000 0.0000 0.0000 0.0000 0.0000 0.0000 0.0000 0.0000 0.0000 0.0000 0.0000 0.0000 0.0000 0.0000 0.0000 0.0000 0.0000
0.0000 95.0000 0.0000 0.0000 0.0000 0.0000 0.0000 0.0000 0.0000 0.0000 0.0000 0.0000 0.0000 0.0000 0.0000 0.0000 0.0000 0.0000 0.0000 0.0000 0.0000 0.0000 0.0000 0.0000 -8.3393 -6.7741 -78.1406 2.3751 1.4977 2.9539 0.0000 0.0000 0.0000 0.0000 0.0000 0.0000 10.0000 0.0000 0.0000 10.0000 0.0000 0.0000 0.0000 0.0000 0.0000 20.0000 0.0000 0.0000 10.0000 0.0000 0.0000 0.0000 0.0000 0.0000 20.0000 0.0000 0.0000 10.0000 0.0000 0.0000 0.0000 0.0000 0.0000 20.0000 0.0000 0.0000 10.0000 0.0000 0.0000 0.0000 0.0000 0.0000 20.0000 0.0000 0.0000 10.0000 0.0000 0.0000 0.0000 0.0000 0.0000 42.4361 -18.0697 44.5445 -402.3606 24.5283 -361.0950 0.0000 0.0000 0.0000 0.0000 0.0000 0.0000 10.0000 0.0000 0.0000 10.0000 0.0000 0.0000 0.0000 0.0000 0.0000 20.0000 0.0000 0.0000 10.0000 0.0000 0.0000 0.0000 0.0000 0.0000 20.0000 0.0000 0.0000 10.0000 0.0000 0.0000 0.0000 0.0000 0.0000 20.0000 0.0000 0.0000 10.0000 0.0000 0.0000 0.0000 0.0000 0.0000 20.0000 0.0000 0.0000 10.0000 0.0000 0.0000 0.0000 0.0000 0.0000 0.0000 0.0000 0.0000 0.0000 0.0000 0.0000 0.0000 0.0000 0.0000 0.0000 0.0000 0.0000 0.0000 0.0000 0.0000
0.0000 95.0000 0.0000 0.0000 0.0000 0.0000 0.0000 0.0000 0.0000 0.0000 0.0000 0.0000 0.0000 0.0000 0.0000 0.0000 0.0000 0.0000 0.0000 0.0000 0.0000 0.0000 0.0000 0.0000 -8.5685 -6.8521 -77.2596 3.0420 2.1086 2.1383 0.0000 0.0000 0.0000 0.0000 0.0000 0.0000 10.0000 0.0000 0.0000 10.0000 0.0000 0.0000 0.0000 0.0000 0.0000 20.0000 0.0000 0.0000 10.0000 0.0000 0.0000 0.0000 0.0000 0.0000 20.0000 0.0000 0.0000 10.0000 0.0000 0.0000 0.0000 0.0000 0.0000 20.0000 0.0000 0.0000 10.0000 0.0000 0.0000 0.0000 0.0000 0.0000 20.0000 0.0000 0.0000 10.0000 0.0000 0.0000 0.0000 0.0000 0.0000 46.1268 -16.5791 37.7809 -407.1221 24.2688 -361.2075 0.0000 0.0000 0.0000 0.0000 0.0000 0.0000 10.0000 0.0000 0.0000 10.0000 0.0000 0.0000 0.0000 0.0000 0.0000 20.0000 0.0000 0.0000 10.0000 0.0000 0.0000 0.0000 0.0000 0.0000 20.0000 0.0000 0.0000 10.0000 0.0000 0.0000 0.0000 0.0000 0.0000 20.0000 0.0000 0.0000 10.0000 0.0000 0.0000 0.0000 0.0000 0.0000 20.0000 0.0000 0.0000 10.0000 0.0000 0.0000 0.0000 0.0000 0.0000 0.0000 0.0000 0.0000 0.0000 0.0000 0.0000 0.0000 0.0000 0.0000 0.0000 0.0000 0.0000 0.0000 0.0000 0.0000
0.0000 95.0000 0.0000 0.0000 0.0000 0.0000 0.0000 0.0000 0.0000 0.0000 0.0000 0.0000 0.0000 0.0000 0.0000 0.0000 0.0000 0.0000 0.0000 0.0000 0.0000 0.0000 0.0000 0.0000 -9.2062 -7.2467 -76.3705 3.4260 2.8306 -0.5338 0.0000 0.0000 0.0000 0.0000 0.0000 0.0000 10.0000 0.0000 0.0000 10.0000 0.0000 0.0000 0.0000 0.0000 0.0000 20.0000 0.0000 0.0000 10.0000 0.0000 0.0000 0.0000 0.0000 0.0000 20.0000 0.0000 0.0000 10.0000 0.0000 0.0000 0.0000 0.0000 0.0000 20.0000 0.0000 0.0000 10.0000 0.0000 0.0000 0.0000 0.0000 0.0000 20.0000 0.0000 0.0000 10.0000 0.0000 0.0000 0.0000 0.0000 0.0000 52.3501 -10.8767 21.9239 -418.9789 11.2781 -366.9703 0.0000 0.0000 0.0000 0.0000 0.0000 0.0000 10.0000 0.0000 0.0000 10.0000 0.0000 0.0000 0.0000 0.0000 0.0000 20.0000 0.0000 0.0000 10.0000 0.0000 0.0000 0.0000 0.0000 0.0000 20.0000 0.0000 0.0000 10.0000 0.0000 0.0000 0.0000 0.0000 0.0000 20.0000 0.0000 0.0000 10.0000 0.0000 0.0000 0.0000 0.0000 0.0000 20.0000 0.0000 0.0000 10.0000 0.0000 0.0000 0.0000 0.0000 0.0000 0.0000 0.0000 0.0000 0.0000 0.0000 0.0000 0.0000 0.0000 0.0000 0.0000 0.0000 0.0000 0.0000 0.0000 0.0000
0.0000 95.0000 0.0000 0.0000 0.0000 0.0000 0.0000 0.0000 0.0000 0.0000 0.0000 0.0000 0.0000 0.0000 0.0000 0.0000 0.0000 0.0000 0.0000 0.0000 0.0000 0.0000 0.0000 0.0000 -9.4700 -7.3630 -75.6806 3.2789 3.1252 -2.9335 0.0000 0.0000 0.0000 0.0000 0.0000 0.0000 10.0000 0.0000 0.0000 10.0000 0.0000 0.0000 0.0000 0.0000 0.0000 20.0000 0.0000 0.0000 10.0000 0.0000 0.0000 0.0000 0.0000 0.0000 20.0000 0.0000 0.0000 10.0000 0.0000 0.0000 0.0000 0.0000 0.0000 20.0000 0.0000 0.0000 10.0000 0.0000 0.0000 0.0000 0.0000 0.0000 20.0000 0.0000 0.0000 10.0000 0.0000 0.0000 0.0000 0.0000 0.0000 54.6588 -3.0139 5.8282 -423.4734 -5.7264 -367.4583 0.0000 0.0000 0.0000 0.0000 0.0000 0.0000 10.0000 0.0000 0.0000 10.0000 0.0000 0.0000 0.0000 0.0000 0.0000 20.0000 0.0000 0.0000 10.0000 0.0000 0.0000 0.0000 0.0000 0.0000 20.0000 0.0000 0.0000 10.0000 0.0000 0.0000 0.0000 0.0000 0.0000 20.0000 0.0000 0.0000 10.0000 0.0000 0.0000 0.0000 0.0000 0.0000 20.0000 0.0000 0.0000 10.0000 0.0000 0.0000 0.0000 0.0000 0.0000 0.0000 0.0000 0.0000 0.0000 0.0000 0.0000 0.0000 0.0000 0.0000 0.0000 0.0000 0.0000 0.0000 0.0000 0.0000
0.0000 95.0000 0.0000 0.0000 0.0000 0.0000 0.0000 0.0000 0.0000 0.0000 0.0000 0.0000 0.0000 0.0000 0.0000 0.0000 0.0000 0.0000 0.0000 0.0000 0.0000 0.0000 0.0000 0.0000 -9.6959 -7.5852 -76.0217 3.6761 3.6304 -3.6408 0.0000 0.0000 0.0000 0.0000 0.0000 0.0000 10.0000 0.0000 0.0000 10.0000 0.0000 0.0000 0.0000 0.0000 0.0000 20.0000 0.0000 0.0000 10.0000 0.0000 0.0000 0.0000 0.0000 0.0000 20.0000 0.0000 0.0000 10.0000 0.0000 0.0000 0.0000 0.0000 0.0000 20.0000 0.0000 0.0000 10.0000 0.0000 0.0000 0.0000 0.0000 0.0000 20.0000 0.0000 0.0000 10.0000 0.0000 0.0000 0.0000 0.0000 0.0000 53.6780 2.2631 -4.4710 -423.8777 7.3645 -352.4277 0.0000 0.0000 0.0000 0.0000 0.0000 0.0000 10.0000 0.0000 0.0000 10.0000 0.0000 0.0000 0.0000 0.0000 0.0000 20.0000 0.0000 0.0000 10.0000 0.0000 0.0000 0.0000 0.0000 0.0000 20.0000 0.0000 0.0000 10.0000 0.0000 0.0000 0.0000 0.0000 0.0000 20.0000 0.0000 0.0000 10.0000 0.0000 0.0000 0.0000 0.0000 0.0000 20.0000 0.0000 0.0000 10.0000 0.0000 0.0000 0.0000 0.0000 0.0000 0.0000 0.0000 0.0000 0.0000 0.0000 0.0000 0.0000 0.0000 0.0000 0.0000 0.0000 0.0000 0.0000 0.0000 0.0000
0.0000 95.0000 0.0000 0.0000 0.0000 0.0000 0.0000 0.0000 0.0000 0.0000 0.0000 0.0000 0.0000 0.0000 0.0000 0.0000 0.0000 0.0000 0.0000 0.0000 0.0000 0.0000 0.0000 0.0000 -9.9963 -7.6759 -74.9819 3.6751 3.6012 -3.7318 0.0000 0.0000 0.0000 0.0000 0.0000 0.0000 10.0000 0.0000 0.0000 10.0000 0.0000 0.0000 0.0000 0.0000 0.0000 20.0000 0.0000 0.0000 10.0000 0.0000 0.0000 0.0000 0.0000 0.0000 20.0000 0.0000 0.0000 10.0000 0.0000 0.0000 0.0000 0.0000 0.0000 20.0000 0.0000 0.0000 10.0000 0.0000 0.0000 0.0000 0.0000 0.0000 20.0000 0.0000 0.0000 10.0000 0.0000 0.0000 0.0000 0.0000 0.0000 49.5579 7.1557 -15.4276 -419.5856 12.5337 -340.6922 0.0000 0.0000 0.0000 0.0000 0.0000 0.0000 10.0000 0.0000 0.0000 10.0000 0.0000 0.0000 0.0000 0.0000 0.0000 20.0000 0.0000 0.0000 10.0000 0.0000 0.0000 0.0000 0.0000 0.0000 20.0000 0.0000 0.0000 10.0000 0.0000 0.0000 0.0000 0.0000 0.0000 20.0000 0.0000 0.0000 10.0000 0.0000 0.0000 0.0000 0.0000 0.0000 20.0000 0.0000 0.0000 10.0000 0.0000 0.0000 0.0000 0.0000 0.0000 0.0000 0.0000 0.0000 0.0000 0.0000 0.0000 0.0000 0.0000 0.0000 0.0000 0.0000 0.0000 0.0000 0.0000 0.0000
0.0000 95.0000 0.0000 0.0000 0.0000 0.0000 0.0000 0.0000 0.0000 0.0000 0.0000 0.0000 0.0000 0.0000 0.0000 0.0000 0.0000 0.0000 0.0000 0.0000 0.0000 0.0000 0.0000 0.0000 -9.8871 -7.5913 -74.9774 3.4818 3.4000 -3.5690 0.0000 0.0000 0.0000 0.0000 0.0000 0.0000 10.0000 0.0000 0.0000 10.0000 0.0000 0.0000 0.0000 0.0000 0.0000 20.0000 0.0000 0.0000 10.0000 0.0000 0.0000 0.0000 0.0000 0.0000 20.0000 0.0000 0.0000 10.0000 0.0000 0.0000 0.0000 0.0000 0.0000 20.0000 0.0000 0.0000 10.0000 0.0000 0.0000 0.0000 0.0000 0.0000 20.0000 0.0000 0.0000 10.0000 0.0000 0.0000 0.0000 0.0000 0.0000 49.5790 2.8386 -6.1416 -420.1436 8.5294 -349.8366 0.0000 0.0000 0.0000 0.0000 0.0000 0.0000 10.0000 0.0000 0.0000 10.0000 0.0000 0.0000 0.0000 0.0000 0.0000 20.0000 0.0000 0.0000 10.0000 0.0000 0.0000 0.0000 0.0000 0.0000 20.0000 0.0000 0.0000 10.0000 0.0000 0.0000 0.0000 0.0000 0.0000 20.0000 0.0000 0.0000 10.0000 0.0000 0.0000 0.0000 0.0000 0.0000 20.0000 0.0000 0.0000 10.0000 0.0000 0.0000 0.0000 0.0000 0.0000 0.0000 0.0000 0.0000 0.0000 0.0000 0.0000 0.0000 0.0000 0.0000 0.0000 0.0000 0.0000 0.0000 0.0000 0.0000
0.0000 95.0000 0.0000 0.0000 0.0000 0.0000 0.0000 0.0000 0.0000 0.0000 0.0000 0.0000 0.0000 0.0000 0.0000 0.0000 0.0000 0.0000 0.0000 0.0000 0.0000 0.0000 0.0000 0.0000 -9.3586 -7.1503 -74.7109 2.8540 2.8836 -3.8565 0.0000 0.0000 0.0000 0.0000 0.0000 0.0000 10.0000 0.0000 0.0000 10.0000 0.0000 0.0000 0.0000 0.0000 0.0000 20.0000 0.0000 0.0000 10.0000 0.0000 0.0000 0.0000 0.0000 0.0000 20.0000 0.0000 0.0000 10.0000 0.0000 0.0000 0.0000 0.0000 0.0000 20.0000 0.0000 0.0000 10.0000 0.0000 0.0000 0.0000 0.0000 0.0000 20.0000 0.0000 0.0000 10.0000 0.0000 0.0000 0.0000 0.0000 0.0000 46.7749 7.4112 -17.0339 -418.2742 12.4345 -339.0593 0.0000 0.0000 0.0000 0.0000 0.0000 0.0000 10.0000 0.0000 0.0000 10.0000 0.0000 0.0000 0.0000 0.0000 0.0000 20.0000 0.0000 0.0000 10.0000 0.0000 0.0000 0.0000 0.0000 0.0000 20.0000 0.0000 0.0000 10.0000 0.0000 0.0000 0.0000 0.0000 0.0000 20.0000 0.0000 0.0000 10.0000 0.0000 0.0000 0.0000 0.0000 0.0000 20.0000 0.0000 0.0000 10.0000 0.0000 0.0000 0.0000 0.0000 0.0000 0.0000 0.0000 0.0000 0.0000 0.0000 0.0000 0.0000 0.0000 0.0000 0.0000 0.0000 0.0000 0.0000 0.0000 0.0000
0.0000 95.0000 0.0000 0.0000 0.0000 0.0000 0.0000 0.0000 0.0000 0.0000 0.0000 0.0000 0.0000 0.0000 0.0000 0.0000 0.0000 0.0000 0.0000 0.0000 0.0000 0.0000 0.0000 0.0000 -10.7975 -7.2957 -68.0074 1.6896 0.2963 5.5530 0.0000 0.0000 0.0000 0.0000 0.0000 0.0000 10.0000 0.0000 0.0000 10.0000 0.0000 0.0000 0.0000 0.0000 0.0000 20.0000 0.0000 0.0000 10.0000 0.0000 0.0000 0.0000 0.0000 0.0000 20.0000 0.0000 0.0000 10.0000 0.0000 0.0000 0.0000 0.0000 0.0000 20.0000 0.0000 0.0000 10.0000 0.0000 0.0000 0.0000 0.0000 0.0000 20.0000 0.0000 0.0000 10.0000 0.0000 0.0000 0.0000 0.0000 0.0000 51.5106 1.6288 -3.3754 -420.1035 7.9978 -352.2864 0.0000 0.0000 0.0000 0.0000 0.0000 0.0000 10.0000 0.0000 0.0000 10.0000 0.0000 0.0000 0.0000 0.0000 0.0000 20.0000 0.0000 0.0000 10.0000 0.0000 0.0000 0.0000 0.0000 0.0000 20.0000 0.0000 0.0000 10.0000 0.0000 0.0000 0.0000 0.0000 0.0000 20.0000 0.0000 0.0000 10.0000 0.0000 0.0000 0.0000 0.0000 0.0000 20.0000 0.0000 0.0000 10.0000 0.0000 0.0000 0.0000 0.0000 0.0000 0.0000 0.0000 0.0000 0.0000 0.0000 0.0000 0.0000 0.0000 0.0000 0.0000 0.0000 0.0000 0.0000 0.0000 0.0000
0.0000 95.0000 0.0000 0.0000 0.0000 0.0000 0.0000 0.0000 0.0000 0.0000 0.0000 0.0000 0.0000 0.0000 0.0000 0.0000 0.0000 0.0000 0.0000 0.0000 0.0000 0.0000 0.0000 0.0000 -10.7260 -6.9548 -65.8307 2.7018 0.2811 9.3622 0.0000 0.0000 0.0000 0.0000 0.0000 0.0000 10.0000 0.0000 0.0000 10.0000 0.0000 0.0000 0.0000 0.0000 0.0000 20.0000 0.0000 0.0000 10.0000 0.0000 0.0000 0.0000 0.0000 0.0000 20.0000 0.0000 0.0000 10.0000 0.0000 0.0000 0.0000 0.0000 0.0000 20.0000 0.0000 0.0000 10.0000 0.0000 0.0000 0.0000 0.0000 0.0000 20.0000 0.0000 0.0000 10.0000 0.0000 0.0000 0.0000 0.0000 0.0000 52.9744 -4.1158 8.2489 -410.9284 32.2743 -339.9657 0.0000 0.0000 0.0000 0.0000 0.0000 0.0000 10.0000 0.0000 0.0000 10.0000 0.0000 0.0000 0.0000 0.0000 0.0000 20.0000 0.0000 0.0000 10.0000 0.0000 0.0000 0.0000 0.0000 0.0000 20.0000 0.0000 0.0000 10.0000 0.0000 0.0000 0.0000 0.0000 0.0000 20.0000 0.0000 0.0000 10.0000 0.0000 0.0000 0.0000 0.0000 0.0000 20.0000 0.0000 0.0000 10.0000 0.0000 0.0000 0.0000 0.0000 0.0000 0.0000 0.0000 0.0000 0.0000 0.0000 0.0000 0.0000 0.0000 0.0000 0.0000 0.0000 0.0000 0.0000 0.0000 0.0000
0.0000 95.0000 0.0000 0.0000 0.0000 0.0000 0.0000 0.0000 0.0000 0.0000 0.0000 0.0000 0.0000 0.0000 0.0000 0.0000 0.0000 0.0000 0.0000 0.0000 0.0000 0.0000 0.0000 0.0000 -10.6382 -6.6716 -64.0965 3.5071 0.5139 10.4362 0.0000 0.0000 0.0000 0.0000 0.0000 0.0000 10.0000 0.0000 0.0000 10.0000 0.0000 0.0000 0.0000 0.0000 0.0000 20.0000 0.0000 0.0000 10.0000 0.0000 0.0000 0.0000 0.0000 0.0000 20.0000 0.0000 0.0000 10.0000 0.0000 0.0000 0.0000 0.0000 0.0000 20.0000 0.0000 0.0000 10.0000 0.0000 0.0000 0.0000 0.0000 0.0000 20.0000 0.0000 0.0000 10.0000 0.0000 0.0000 0.0000 0.0000 0.0000 52.4737 -7.9743 16.0990 -403.5457 38.1843 -335.9474 0.0000 0.0000 0.0000 0.0000 0.0000 0.0000 10.0000 0.0000 0.0000 10.0000 0.0000 0.0000 0.0000 0.0000 0.0000 20.0000 0.0000 0.0000 10.0000 0.0000 0.0000 0.0000 0.0000 0.0000 20.0000 0.0000 0.0000 10.0000 0.0000 0.0000 0.0000 0.0000 0.0000 20.0000 0.0000 0.0000 10.0000 0.0000 0.0000 0.0000 0.0000 0.0000 20.0000 0.0000 0.0000 10.0000 0.0000 0.0000 0.0000 0.0000 0.0000 0.0000 0.0000 0.0000 0.0000 0.0000 0.0000 0.0000 0.0000 0.0000 0.0000 0.0000 0.0000 0.0000 0.0000 0.0000
0.0000 95.0000 0.0000 0.0000 0.0000 0.0000 0.0000 0.0000 0.0000 0.0000 0.0000 0.0000 0.0000 0.0000 0.0000 0.0000 0.0000 0.0000 0.0000 0.0000 0.0000 0.0000 0.0000 0.0000 -10.6419 -6.5122 -62.8366 3.9808 0.7788 10.0563 0.0000 0.0000 0.0000 0.0000 0.0000 0.0000 10.0000 0.0000 0.0000 10.0000 0.0000 0.0000 0.0000 0.0000 0.0000 20.0000 0.0000 0.0000 10.0000 0.0000 0.0000 0.0000 0.0000 0.0000 20.0000 0.0000 0.0000 10.0000 0.0000 0.0000 0.0000 0.0000 0.0000 20.0000 0.0000 0.0000 10.0000 0.0000 0.0000 0.0000 0.0000 0.0000 20.0000 0.0000 0.0000 10.0000 0.0000 0.0000 0.0000 0.0000 0.0000 51.5180 -10.2894 21.1380 -399.9393 39.1441 -335.4852 0.0000 0.0000 0.0000 0.0000 0.0000 0.0000 10.0000 0.0000 0.0000 10.0000 0.0000 0.0000 0.0000 0.0000 0.0000 20.0000 0.0000 0.0000 10.0000 0.0000 0.0000 0.0000 0.0000 0.0000 20.0000 0.0000 0.0000 10.0000 0.0000 0.0000 0.0000 0.0000 0.0000 20.0000 0.0000 0.0000 10.0000 0.0000 0.0000 0.0000 0.0000 0.0000 20.0000 0.0000 0.0000 10.0000 0.0000 0.0000 0.0000 0.0000 0.0000 0.0000 0.0000 0.0000 0.0000 0.0000 0.0000 0.0000 0.0000 0.0000 0.0000 0.0000 0.0000 0.0000 0.0000 0.0000
0.0000 95.0000 0.0000 0.0000 0.0000 0.0000 0.0000 0.0000 0.0000 0.0000 0.0000 0.0000 0.0000 0.0000 0.0000 0.0000 0.0000 0.0000 0.0000 0.0000 0.0000 0.0000 0.0000 0.0000 -10.7923 -6.4860 -61.9141 4.2424 1.0123 9.1440 0.0000 0.0000 0.0000 0.0000 0.0000 0.0000 10.0000 0.0000 0.0000 10.0000 0.0000 0.0000 0.0000 0.0000 0.0000 20.0000 0.0000 0.0000 10.0000 0.0000 0.0000 0.0000 0.0000 0.0000 20.0000 0.0000 0.0000 10.0000 0.0000 0.0000 0.0000 0.0000 0.0000 20.0000 0.0000 0.0000 10.0000 0.0000 0.0000 0.0000 0.0000 0.0000 20.0000 0.0000 0.0000 10.0000 0.0000 0.0000 0.0000 0.0000 0.0000 50.6147 -11.6891 24.4294 -397.9698 39.0729 -335.7636 0.0000 0.0000 0.0000 0.0000 0.0000 0.0000 10.0000 0.0000 0.0000 10.0000 0.0000 0.0000 0.0000 0.0000 0.0000 20.0000 0.0000 0.0000 10.0000 0.0000 0.0000 0.0000 0.0000 0.0000 20.0000 0.0000 0.0000 10.0000 0.0000 0.0000 0.0000 0.0000 0.0000 20.0000 0.0000 0.0000 10.0000 0.0000 0.0000 0.0000 0.0000 0.0000 20.0000 0.0000 0.0000 10.0000 0.0000 0.0000 0.0000 0.0000 0.0000 0.0000 0.0000 0.0000 0.0000 0.0000 0.0000 0.0000 0.0000 0.0000 0.0000 0.0000 0.0000 0.0000 0.0000 0.0000
0.0000 95.0000 0.0000 0.0000 0.0000 0.0000 0.0000 0.0000 0.0000 0.0000 0.0000 0.0000 0.0000 0.0000 0.0000 0.0000 0.0000 0.0000 0.0000 0.0000 0.0000 0.0000 0.0000 0.0000 -11.0845 -6.5603 -61.1357 4.3880 1.2229 7.9934 0.0000 0.0000 0.0000 0.0000 0.0000 0.0000 10.0000 0.0000 0.0000 10.0000 0.0000 0.0000 0.0000 0.0000 0.0000 20.0000 0.0000 0.0000 10.0000 0.0000 0.0000 0.0000 0.0000 0.0000 20.0000 0.0000 0.0000 10.0000 0.0000 0.0000 0.0000 0.0000 0.0000 20.0000 0.0000 0.0000 10.0000 0.0000 0.0000 0.0000 0.0000 0.0000 20.0000 0.0000 0.0000 10.0000 0.0000 0.0000 0.0000 0.0000 0.0000 49.8509 -12.5818 26.6897 -396.7242 38.8073 -336.0970 0.0000 0.0000 0.0000 0.0000 0.0000 0.0000 10.0000 0.0000 0.0000 10.0000 0.0000 0.0000 0.0000 0.0000 0.0000 20.0000 0.0000 0.0000 10.0000 0.0000 0.0000 0.0000 0.0000 0.0000 20.0000 0.0000 0.0000 10.0000 0.0000 0.0000 0.0000 0.0000 0.0000 20.0000 0.0000 0.0000 10.0000 0.0000 0.0000 0.0000 0.0000 0.0000 20.0000 0.0000 0.0000 10.0000 0.0000 0.0000 0.0000 0.0000 0.0000 0.0000 0.0000 0.0000 0.0000 0.0000 0.0000 0.0000 0.0000 0.0000 0.0000 0.0000 0.0000 0.0000 0.0000 0.0000
0.0000 95.0000 0.0000 0.0000 0.0000 0.0000 0.0000 0.0000 0.0000 0.0000 0.0000 0.0000 0.0000 0.0000 0.0000 0.0000 0.0000 0.0000 0.0000 0.0000 0.0000 0.0000 0.0000 0.0000 -11.4871 -6.6990 -60.3887 4.4723 1.4273 6.7102 0.0000 0.0000 0.0000 0.0000 0.0000 0.0000 10.0000 0.0000 0.0000 10.0000 0.0000 0.0000 0.0000 0.0000 0.0000 20.0000 0.0000 0.0000 10.0000 0.0000 0.0000 0.0000 0.0000 0.0000 20.0000 0.0000 0.0000 10.0000 0.0000 0.0000 0.0000 0.0000 0.0000 20.0000 0.0000 0.0000 10.0000 0.0000 0.0000 0.0000 0.0000 0.0000 20.0000 0.0000 0.0000 10.0000 0.0000 0.0000 0.0000 0.0000 0.0000 49.2040 -13.1924 28.3473 -395.8389 38.5277 -336.3679 0.0000 0.0000 0.0000 0.0000 0.0000 0.0000 10.0000 0.0000 0.0000 10.0000 0.0000 0.0000 0.0000 0.0000 0.0000 20.0000 0.0000 0.0000 10.0000 0.0000 0.0000 0.0000 0.0000 0.0000 20.0000 0.0000 0.0000 10.0000 0.0000 0.0000 0.0000 0.0000 0.0000 20.0000 0.0000 0.0000 10.0000 0.0000 0.0000 0.0000 0.0000 0.0000 20.0000 0.0000 0.0000 10.0000 0.0000 0.0000 0.0000 0.0000 0.0000 0.0000 0.0000 0.0000 0.0000 0.0000 0.0000 0.0000 0.0000 0.0000 0.0000 0.0000 0.0000 0.0000 0.0000 0.0000
0.0000 95.0000 0.0000 0.0000 0.0000 0.0000 0.0000 0.0000 0.0000 0.0000 0.0000 0.0000 0.0000 0.0000 0.0000 0.0000 0.0000 0.0000 0.0000 0.0000 0.0000 0.0000 0.0000 0.0000 -11.9647 -6.8729 -59.6275 4.5198 1.6354 5.3451 0.0000 0.0000 0.0000 0.0000 0.0000 0.0000 10.0000 0.0000 0.0000 10.0000 0.0000 0.0000 0.0000 0.0000 0.0000 20.0000 0.0000 0.0000 10.0000 0.0000 0.0000 0.0000 0.0000 0.0000 20.0000 0.0000 0.0000 10.0000 0.0000 0.0000 0.0000 0.0000 0.0000 20.0000 0.0000 0.0000 10.0000 0.0000 0.0000 0.0000 0.0000 0.0000 20.0000 0.0000 0.0000 10.0000 0.0000 0.0000 0.0000 0.0000 0.0000 48.6371 -13.6417 29.6504 -395.1514 38.2633 -336.5825 0.0000 0.0000 0.0000 0.0000 0.0000 0.0000 10.0000 0.0000 0.0000 10.0000 0.0000 0.0000 0.0000 0.0000 0.0000 20.0000 0.0000 0.0000 10.0000 0.0000 0.0000 0.0000 0.0000 0.0000 20.0000 0.0000 0.0000 10.0000 0.0000 0.0000 0.0000 0.0000 0.0000 20.0000 0.0000 0.0000 10.0000 0.0000 0.0000 0.0000 0.0000 0.0000 20.0000 0.0000 0.0000 10.0000 0.0000 0.0000 0.0000 0.0000 0.0000 0.0000 0.0000 0.0000 0.0000 0.0000 0.0000 0.0000 0.0000 0.0000 0.0000 0.0000 0.0000 0.0000 0.0000 0.0000
0.0000 95.0000 0.0000 0.0000 0.0000 0.0000 0.0000 0.0000 0.0000 0.0000 0.0000 0.0000 0.0000 0.0000 0.0000 0.0000 0.0000 0.0000 0.0000 0.0000 0.0000 0.0000 0.0000 0.0000 -12.5193 -7.0785 -58.8348 4.5387 1.8490 3.9304 0.0000 0.0000 0.0000 0.0000 0.0000 0.0000 10.0000 0.0000 0.0000 10.0000 0.0000 0.0000 0.0000 0.0000 0.0000 20.0000 0.0000 0.0000 10.0000 0.0000 0.0000 0.0000 0.0000 0.0000 20.0000 0.0000 0.0000 10.0000 0.0000 0.0000 0.0000 0.0000 0.0000 20.0000 0.0000 0.0000 10.0000 0.0000 0.0000 0.0000 0.0000 0.0000 20.0000 0.0000 0.0000 10.0000 0.0000 0.0000 0.0000 0.0000 0.0000 48.1204 -13.9955 30.7430 -394.5805 38.0096 -336.7644 0.0000 0.0000 0.0000 0.0000 0.0000 0.0000 10.0000 0.0000 0.0000 10.0000 0.0000 0.0000 0.0000 0.0000 0.0000 20.0000 0.0000 0.0000 10.0000 0.0000 0.0000 0.0000 0.0000 0.0000 20.0000 0.0000 0.0000 10.0000 0.0000 0.0000 0.0000 0.0000 0.0000 20.0000 0.0000 0.0000 10.0000 0.0000 0.0000 0.0000 0.0000 0.0000 20.0000 0.0000 0.0000 10.0000 0.0000 0.0000 0.0000 0.0000 0.0000 0.0000 0.0000 0.0000 0.0000 0.0000 0.0000 0.0000 0.0000 0.0000 0.0000 0.0000 0.0000 0.0000 0.0000 0.0000
0.0000 95.0000 0.0000 0.0000 0.0000 0.0000 0.0000 0.0000 0.0000 0.0000 0.0000 0.0000 0.0000 0.0000 0.0000 0.0000 0.0000 0.0000 0.0000 0.0000 0.0000 0.0000 0.0000 0.0000 -13.1376 -7.3068 -58.0156 4.5145 2.0590 2.4963 0.0000 0.0000 0.0000 0.0000 0.0000 0.0000 10.0000 0.0000 0.0000 10.0000 0.0000 0.0000 0.0000 0.0000 0.0000 20.0000 0.0000 0.0000 10.0000 0.0000 0.0000 0.0000 0.0000 0.0000 20.0000 0.0000 0.0000 10.0000 0.0000 0.0000 0.0000 0.0000 0.0000 20.0000 0.0000 0.0000 10.0000 0.0000 0.0000 0.0000 0.0000 0.0000 20.0000 0.0000 0.0000 10.0000 0.0000 0.0000 0.0000 0.0000 0.0000 47.6332 -14.2906 31.7096 -394.0823 37.7582 -336.9328 0.0000 0.0000 0.0000 0.0000 0.0000 0.0000 10.0000 0.0000 0.0000 10.0000 0.0000 0.0000 0.0000 0.0000 0.0000 20.0000 0.0000 0.0000 10.0000 0.0000 0.0000 0.0000 0.0000 0.0000 20.0000 0.0000 0.0000 10.0000 0.0000 0.0000 0.0000 0.0000 0.0000 20.0000 0.0000 0.0000 10.0000 0.0000 0.0000 0.0000 0.0000 0.0000 20.0000 0.0000 0.0000 10.0000 0.0000 0.0000 0.0000 0.0000 0.0000 0.0000 0.0000 0.0000 0.0000 0.0000 0.0000 0.0000 0.0000 0.0000 0.0000 0.0000 0.0000 0.0000 0.0000 0.0000
0.0000 95.0000 0.0000 0.0000 0.0000 0.0000 0.0000 0.0000 0.0000 0.0000 0.0000 0.0000 0.0000 0.0000 0.0000 0.0000 0.0000 0.0000 0.0000 0.0000 0.0000 0.0000 0.0000 0.0000 -13.7918 -7.5428 -57.1855 4.4518 2.2657 1.0693 0.0000 0.0000 0.0000 0.0000 0.0000 0.0000 10.0000 0.0000 0.0000 10.0000 0.0000 0.0000 0.0000 0.0000 0.0000 20.0000 0.0000 0.0000 10.0000 0.0000 0.0000 0.0000 0.0000 0.0000 20.0000 0.0000 0.0000 10.0000 0.0000 0.0000 0.0000 0.0000 0.0000 20.0000 0.0000 0.0000 10.0000 0.0000 0.0000 0.0000 0.0000 0.0000 20.0000 0.0000 0.0000 10.0000 0.0000 0.0000 0.0000 0.0000 0.0000 47.1619 -14.5479 32.6004 -393.6309 37.5026 -337.0994 0.0000 0.0000 0.0000 0.0000 0.0000 0.0000 10.0000 0.0000 0.0000 10.0000 0.0000 0.0000 0.0000 0.0000 0.0000 20.0000 0.0000 0.0000 10.0000 0.0000 0.0000 0.0000 0.0000 0.0000 20.0000 0.0000 0.0000 10.0000 0.0000 0.0000 0.0000 0.0000 0.0000 20.0000 0.0000 0.0000 10.0000 0.0000 0.0000 0.0000 0.0000 0.0000 20.0000 0.0000 0.0000 10.0000 0.0000 0.0000 0.0000 0.0000 0.0000 0.0000 0.0000 0.0000 0.0000 0.0000 0.0000 0.0000 0.0000 0.0000 0.0000 0.0000 0.0000 0.0000 0.0000 0.0000
0.0000 95.0000 0.0000 0.0000 0.0000 0.0000 0.0000 0.0000 0.0000 0.0000 0.0000 0.0000 0.0000 0.0000 0.0000 0.0000 0.0000 0.0000 0.0000 0.0000 0.0000 0.0000 0.0000 0.0000 -14.4589 -7.7757 -56.3601 4.3559 2.4688 -0.3292 0.0000 0.0000 0.0000 0.0000 0.0000 0.0000 10.0000 0.0000 0.0000 10.0000 0.0000 0.0000 0.0000 0.0000 0.0000 20.0000 0.0000 0.0000 10.0000 0.0000 0.0000 0.0000 0.0000 0.0000 20.0000 0.0000 0.0000 10.0000 0.0000 0.0000 0.0000 0.0000 0.0000 20.0000 0.0000 0.0000 10.0000 0.0000 0.0000 0.0000 0.0000 0.0000 20.0000 0.0000 0.0000 10.0000 0.0000 0.0000 0.0000 0.0000 0.0000 46.6975 -14.7798 33.4459 -393.2104 37.2387 -337.2705 0.0000 0.0000 0.0000 0.0000 0.0000 0.0000 10.0000 0.0000 0.0000 10.0000 0.0000 0.0000 0.0000 0.0000 0.0000 20.0000 0.0000 0.0000 10.0000 0.0000 0.0000 0.0000 0.0000 0.0000 20.0000 0.0000 0.0000 10.0000 0.0000 0.0000 0.0000 0.0000 0.0000 20.0000 0.0000 0.0000 10.0000 0.0000 0.0000 0.0000 0.0000 0.0000 20.0000 0.0000 0.0000 10.0000 0.0000 0.0000 0.0000 0.0000 0.0000 0.0000 0.0000 0.0000 0.0000 0.0000 0.0000 0.0000 0.0000 0.0000 0.0000 0.0000 0.0000 0.0000 0.0000 0.0000
0.0000 95.0000 0.0000 0.0000 0.0000 0.0000 0.0000 0.0000 0.0000 0.0000 0.0000 0.0000 0.0000 0.0000 0.0000 0.0000 0.0000 0.0000 0.0000 0.0000 0.0000 0.0000 0.0000 0.0000 -15.1219 -7.9984 -55.5523 4.2324 2.6672 -1.6836 0.0000 0.0000 0.0000 0.0000 0.0000 0.0000 10.0000 0.0000 0.0000 10.0000 0.0000 0.0000 0.0000 0.0000 0.0000 20.0000 0.0000 0.0000 10.0000 0.0000 0.0000 0.0000 0.0000 0.0000 20.0000 0.0000 0.0000 10.0000 0.0000 0.0000 0.0000 0.0000 0.0000 20.0000 0.0000 0.0000 10.0000 0.0000 0.0000 0.0000 0.0000 0.0000 20.0000 0.0000 0.0000 10.0000 0.0000 0.0000 0.0000 0.0000 0.0000 46.2342 -14.9933 34.2649 -392.8105 36.9646 -337.4492 0.0000 0.0000 0.0000 0.0000 0.0000 0.0000 10.0000 0.0000 0.0000 10.0000 0.0000 0.0000 0.0000 0.0000 0.0000 20.0000 0.0000 0.0000 10.0000 0.0000 0.0000 0.0000 0.0000 0.0000 20.0000 0.0000 0.0000 10.0000 0.0000 0.0000 0.0000 0.0000 0.0000 20.0000 0.0000 0.0000 10.0000 0.0000 0.0000 0.0000 0.0000 0.0000 20.0000 0.0000 0.0000 10.0000 0.0000 0.0000 0.0000 0.0000 0.0000 0.0000 0.0000 0.0000 0.0000 0.0000 0.0000 0.0000 0.0000 0.0000 0.0000 0.0000 0.0000 0.0000 0.0000 0.0000
0.0000 95.0000 0.0000 0.0000 0.0000 0.0000 0.0000 0.0000 0.0000 0.0000 0.0000 0.0000 0.0000 0.0000 0.0000 0.0000 0.0000 0.0000 0.0000 0.0000 0.0000 0.0000 0.0000 0.0000 -15.7688 -8.2067 -54.7716 4.0931 2.8730 -3.0239 0.0000 0.0000 0.0000 0.0000 0.0000 0.0000 10.0000 0.0000 0.0000 10.0000 0.0000 0.0000 0.0000 0.0000 0.0000 20.0000 0.0000 0.0000 10.0000 0.0000 0.0000 0.0000 0.0000 0.0000 20.0000 0.0000 0.0000 10.0000 0.0000 0.0000 0.0000 0.0000 0.0000 20.0000 0.0000 0.0000 10.0000 0.0000 0.0000 0.0000 0.0000 0.0000 20.0000 0.0000 0.0000 10.0000 0.0000 0.0000 0.0000 0.0000 0.0000 45.7682 -15.1927 35.0689 -392.4243 36.6794 -337.6362 0.0000 0.0000 0.0000 0.0000 0.0000 0.0000 10.0000 0.0000 0.0000 10.0000 0.0000 0.0000 0.0000 0.0000 0.0000 20.0000 0.0000 0.0000 10.0000 0.0000 0.0000 0.0000 0.0000 0.0000 20.0000 0.0000 0.0000 10.0000 0.0000 0.0000 0.0000 0.0000 0.0000 20.0000 0.0000 0.0000 10.0000 0.0000 0.0000 0.0000 0.0000 0.0000 20.0000 0.0000 0.0000 10.0000 0.0000 0.0000 0.0000 0.0000 0.0000 0.0000 0.0000 0.0000 0.0000 0.0000 0.0000 0.0000 0.0000 0.0000 0.0000 0.0000 0.0000 0.0000 0.0000 0.0000
0.0000 95.0000 0.0000 0.0000 0.0000 0.0000 0.0000 0.0000 0.0000 0.0000 0.0000 0.0000 0.0000 0.0000 0.0000 0.0000 0.0000 0.0000 0.0000 0.0000 0.0000 0.0000 0.0000 0.0000 -16.3919 -8.3988 -54.0239 3.9514 3.1003 -4.3831 0.0000 0.0000 0.0000 0.0000 0.0000 0.0000 10.0000 0.0000 0.0000 10.0000 0.0000 0.0000 0.0000 0.0000 0.0000 20.0000 0.0000 0.0000 10.0000 0.0000 0.0000 0.0000 0.0000 0.0000 20.0000 0.0000 0.0000 10.0000 0.0000 0.0000 0.0000 0.0000 0.0000 20.0000 0.0000 0.0000 10.0000 0.0000 0.0000 0.0000 0.0000 0.0000 20.0000 0.0000 0.0000 10.0000 0.0000 0.0000 0.0000 0.0000 0.0000 45.2971 -15.3804 35.8651 -392.0472 36.3830 -337.8315 0.0000 0.0000 0.0000 0.0000 0.0000 0.0000 10.0000 0.0000 0.0000 10.0000 0.0000 0.0000 0.0000 0.0000 0.0000 20.0000 0.0000 0.0000 10.0000 0.0000 0.0000 0.0000 0.0000 0.0000 20.0000 0.0000 0.0000 10.0000 0.0000 0.0000 0.0000 0.0000 0.0000 20.0000 0.0000 0.0000 10.0000 0.0000 0.0000 0.0000 0.0000 0.0000 20.0000 0.0000 0.0000 10.0000 0.0000 0.0000 0.0000 0.0000 0.0000 0.0000 0.0000 0.0000 0.0000 0.0000 0.0000 0.0000 0.0000 0.0000 0.0000 0.0000 0.0000 0.0000 0.0000 0.0000
0.0000 95.0000 0.0000 0.0000 0.0000 0.0000 0.0000 0.0000 0.0000 0.0000 0.0000 0.0000 0.0000 0.0000 0.0000 0.0000 0.0000 0.0000 0.0000 0.0000 0.0000 0.0000 0.0000 0.0000 -16.9867 -8.5742 -53.3128 3.8079 3.3396 -5.7238 0.0000 0.0000 0.0000 0.0000 0.0000 0.0000 10.0000 0.0000 0.0000 10.0000 0.0000 0.0000 0.0000 0.0000 0.0000 20.0000 0.0000 0.0000 10.0000 0.0000 0.0000 0.0000 0.0000 0.0000 20.0000 0.0000 0.0000 10.0000 0.0000 0.0000 0.0000 0.0000 0.0000 20.0000 0.0000 0.0000 10.0000 0.0000 0.0000 0.0000 0.0000 0.0000 20.0000 0.0000 0.0000 10.0000 0.0000 0.0000 0.0000 0.0000 0.0000 44.8194 -15.5579 36.6579 -391.6758 36.0755 -338.0343 0.0000 0.0000 0.0000 0.0000 0.0000 0.0000 10.0000 0.0000 0.0000 10.0000 0.0000 0.0000 0.0000 0.0000 0.0000 20.0000 0.0000 0.0000 10.0000 0.0000 0.0000 0.0000 0.0000 0.0000 20.0000 0.0000 0.0000 10.0000 0.0000 0.0000 0.0000 0.0000 0.0000 20.0000 0.0000 0.0000 10.0000 0.0000 0.0000 0.0000 0.0000 0.0000 20.0000 0.0000 0.0000 10.0000 0.0000 0.0000 0.0000 0.0000 0.0000 0.0000 0.0000 0.0000 0.0000 0.0000 0.0000 0.0000 0.0000 0.0000 0.0000 0.0000 0.0000 0.0000 0.0000 0.0000
0.0000 95.0000 0.0000 0.0000 0.0000 0.0000 0.0000 0.0000 0.0000 0.0000 0.0000 0.0000 0.0000 0.0000 0.0000 0.0000 0.0000 0.0000 0.0000 0.0000 0.0000 0.0000 0.0000 0.0000 -17.5507 -8.7333 -52.6402 3.6625 3.5823 -7.0191 0.0000 0.0000 0.0000 0.0000 0.0000 0.0000 10.0000 0.0000 0.0000 10.0000 0.0000 0.0000 0.0000 0.0000 0.0000 20.0000 0.0000 0.0000 10.0000 0.0000 0.0000 0.0000 0.0000 0.0000 20.0000 0.0000 0.0000 10.0000 0.0000 0.0000 0.0000 0.0000 0.0000 20.0000 0.0000 0.0000 10.0000 0.0000 0.0000 0.0000 0.0000 0.0000 20.0000 0.0000 0.0000 10.0000 0.0000 0.0000 0.0000 0.0000 0.0000 44.3317 -15.7259 37.4519 -391.3014 35.7525 -338.2426 0.0000 0.0000 0.0000 0.0000 0.0000 0.0000 10.0000 0.0000 0.0000 10.0000 0.0000 0.0000 0.0000 0.0000 0.0000 20.0000 0.0000 0.0000 10.0000 0.0000 0.0000 0.0000 0.0000 0.0000 20.0000 0.0000 0.0000 10.0000 0.0000 0.0000 0.0000 0.0000 0.0000 20.0000 0.0000 0.0000 10.0000 0.0000 0.0000 0.0000 0.0000 0.0000 20.0000 0.0000 0.0000 10.0000 0.0000 0.0000 0.0000 0.0000 0.0000 0.0000 0.0000 0.0000 0.0000 0.0000 0.0000 0.0000 0.0000 0.0000 0.0000 0.0000 0.0000 0.0000 0.0000 0.0000
0.0000 95.0000 0.0000 0.0000 0.0000 0.0000 0.0000 0.0000 0.0000 0.0000 0.0000 0.0000 0.0000 0.0000 0.0000 0.0000 0.0000 0.0000 0.0000 0.0000 0.0000 0.0000 0.0000 0.0000 -18.0786 -8.8771 -52.0176 3.5105 3.8146 -8.2340 0.0000 0.0000 0.0000 0.0000 0.0000 0.0000 10.0000 0.0000 0.0000 10.0000 0.0000 0.0000 0.0000 0.0000 0.0000 20.0000 0.0000 0.0000 10.0000 0.0000 0.0000 0.0000 0.0000 0.0000 20.0000 0.0000 0.0000 10.0000 0.0000 0.0000 0.0000 0.0000 0.0000 20.0000 0.0000 0.0000 10.0000 0.0000 0.0000 0.0000 0.0000 0.0000 20.0000 0.0000 0.0000 10.0000 0.0000 0.0000 0.0000 0.0000 0.0000 43.8312 -15.8847 38.2513 -390.9201 35.4102 -338.4581 0.0000 0.0000 0.0000 0.0000 0.0000 0.0000 10.0000 0.0000 0.0000 10.0000 0.0000 0.0000 0.0000 0.0000 0.0000 20.0000 0.0000 0.0000 10.0000 0.0000 0.0000 0.0000 0.0000 0.0000 20.0000 0.0000 0.0000 10.0000 0.0000 0.0000 0.0000 0.0000 0.0000 20.0000 0.0000 0.0000 10.0000 0.0000 0.0000 0.0000 0.0000 0.0000 20.0000 0.0000 0.0000 10.0000 0.0000 0.0000 0.0000 0.0000 0.0000 0.0000 0.0000 0.0000 0.0000 0.0000 0.0000 0.0000 0.0000 0.0000 0.0000 0.0000 0.0000 0.0000 0.0000 0.0000
0.0000 95.0000 0.0000 0.0000 0.0000 0.0000 0.0000 0.0000 0.0000 0.0000 0.0000 0.0000 0.0000 0.0000 0.0000 0.0000 0.0000 0.0000 0.0000 0.0000 0.0000 0.0000 0.0000 0.0000 -18.5728 -9.0069 -51.4392 3.3537 4.0349 -9.3701 0.0000 0.0000 0.0000 0.0000 0.0000 0.0000 10.0000 0.0000 0.0000 10.0000 0.0000 0.0000 0.0000 0.0000 0.0000 20.0000 0.0000 0.0000 10.0000 0.0000 0.0000 0.0000 0.0000 0.0000 20.0000 0.0000 0.0000 10.0000 0.0000 0.0000 0.0000 0.0000 0.0000 20.0000 0.0000 0.0000 10.0000 0.0000 0.0000 0.0000 0.0000 0.0000 20.0000 0.0000 0.0000 10.0000 0.0000 0.0000 0.0000 0.0000 0.0000 43.3192 -16.0344 39.0552 -390.5419 35.0565 -338.6822 0.0000 0.0000 0.0000 0.0000 0.0000 0.0000 10.0000 0.0000 0.0000 10.0000 0.0000 0.0000 0.0000 0.0000 0.0000 20.0000 0.0000 0.0000 10.0000 0.0000 0.0000 0.0000 0.0000 0.0000 20.0000 0.0000 0.0000 10.0000 0.0000 0.0000 0.0000 0.0000 0.0000 20.0000 0.0000 0.0000 10.0000 0.0000 0.0000 0.0000 0.0000 0.0000 20.0000 0.0000 0.0000 10.0000 0.0000 0.0000 0.0000 0.0000 0.0000 0.0000 0.0000 0.0000 0.0000 0.0000 0.0000 0.0000 0.0000 0.0000 0.0000 0.0000 0.0000 0.0000 0.0000 0.0000
0.0000 95.0000 0.0000 0.0000 0.0000 0.0000 0.0000 0.0000 0.0000 0.0000 0.0000 0.0000 0.0000 0.0000 0.0000 0.0000 0.0000 0.0000 0.0000 0.0000 0.0000 0.0000 0.0000 0.0000 -19.0359 -9.1242 -50.8998 3.1933 4.2427 -10.4318 0.0000 0.0000 0.0000 0.0000 0.0000 0.0000 10.0000 0.0000 0.0000 10.0000 0.0000 0.0000 0.0000 0.0000 0.0000 20.0000 0.0000 0.0000 10.0000 0.0000 0.0000 0.0000 0.0000 0.0000 20.0000 0.0000 0.0000 10.0000 0.0000 0.0000 0.0000 0.0000 0.0000 20.0000 0.0000 0.0000 10.0000 0.0000 0.0000 0.0000 0.0000 0.0000 20.0000 0.0000 0.0000 10.0000 0.0000 0.0000 0.0000 0.0000 0.0000 42.7972 -16.1748 39.8627 -390.1657 34.6930 -338.9129 0.0000 0.0000 0.0000 0.0000 0.0000 0.0000 10.0000 0.0000 0.0000 10.0000 0.0000 0.0000 0.0000 0.0000 0.0000 20.0000 0.0000 0.0000 10.0000 0.0000 0.0000 0.0000 0.0000 0.0000 20.0000 0.0000 0.0000 10.0000 0.0000 0.0000 0.0000 0.0000 0.0000 20.0000 0.0000 0.0000 10.0000 0.0000 0.0000 0.0000 0.0000 0.0000 20.0000 0.0000 0.0000 10.0000 0.0000 0.0000 0.0000 0.0000 0.0000 0.0000 0.0000 0.0000 0.0000 0.0000 0.0000 0.0000 0.0000 0.0000 0.0000 0.0000 0.0000 0.0000 0.0000 0.0000
0.0000 95.0000 0.0000 0.0000 0.0000 0.0000 0.0000 0.0000 0.0000 0.0000 0.0000 0.0000 0.0000 0.0000 0.0000 0.0000 0.0000 0.0000 0.0000 0.0000 0.0000 0.0000 0.0000 0.0000 -19.4703 -9.2301 -50.3947 3.0306 4.4379 -11.4249 0.0000 0.0000 0.0000 0.0000 0.0000 0.0000 10.0000 0.0000 0.0000 10.0000 0.0000 0.0000 0.0000 0.0000 0.0000 20.0000 0.0000 0.0000 10.0000 0.0000 0.0000 0.0000 0.0000 0.0000 20.0000 0.0000 0.0000 10.0000 0.0000 0.0000 0.0000 0.0000 0.0000 20.0000 0.0000 0.0000 10.0000 0.0000 0.0000 0.0000 0.0000 0.0000 20.0000 0.0000 0.0000 10.0000 0.0000 0.0000 0.0000 0.0000 0.0000 42.2663 -16.3056 40.6725 -389.7906 34.3214 -339.1480 0.0000 0.0000 0.0000 0.0000 0.0000 0.0000 10.0000 0.0000 0.0000 10.0000 0.0000 0.0000 0.0000 0.0000 0.0000 20.0000 0.0000 0.0000 10.0000 0.0000 0.0000 0.0000 0.0000 0.0000 20.0000 0.0000 0.0000 10.0000 0.0000 0.0000 0.0000 0.0000 0.0000 20.0000 0.0000 0.0000 10.0000 0.0000 0.0000 0.0000 0.0000 0.0000 20.0000 0.0000 0.0000 10.0000 0.0000 0.0000 0.0000 0.0000 0.0000 0.0000 0.0000 0.0000 0.0000 0.0000 0.0000 0.0000 0.0000 0.0000 0.0000 0.0000 0.0000 0.0000 0.0000 0.0000
0.0000 95.0000 0.0000 0.0000 0.0000 0.0000 0.0000 0.0000 0.0000 0.0000 0.0000 0.0000 0.0000 0.0000 0.0000 0.0000 0.0000 0.0000 0.0000 0.0000 0.0000 0.0000 0.0000 0.0000 -19.8786 -9.3260 -49.9201 2.8663 4.6211 -12.3554 0.0000 0.0000 0.0000 0.0000 0.0000 0.0000 10.0000 0.0000 0.0000 10.0000 0.0000 0.0000 0.0000 0.0000 0.0000 20.0000 0.0000 0.0000 10.0000 0.0000 0.0000 0.0000 0.0000 0.0000 20.0000 0.0000 0.0000 10.0000 0.0000 0.0000 0.0000 0.0000 0.0000 20.0000 0.0000 0.0000 10.0000 0.0000 0.0000 0.0000 0.0000 0.0000 20.0000 0.0000 0.0000 10.0000 0.0000 0.0000 0.0000 0.0000 0.0000 41.7278 -16.4266 41.4837 -389.4159 33.9428 -339.3859 0.0000 0.0000 0.0000 0.0000 0.0000 0.0000 10.0000 0.0000 0.0000 10.0000 0.0000 0.0000 0.0000 0.0000 0.0000 20.0000 0.0000 0.0000 10.0000 0.0000 0.0000 0.0000 0.0000 0.0000 20.0000 0.0000 0.0000 10.0000 0.0000 0.0000 0.0000 0.0000 0.0000 20.0000 0.0000 0.0000 10.0000 0.0000 0.0000 0.0000 0.0000 0.0000 20.0000 0.0000 0.0000 10.0000 0.0000 0.0000 0.0000 0.0000 0.0000 0.0000 0.0000 0.0000 0.0000 0.0000 0.0000 0.0000 0.0000 0.0000 0.0000 0.0000 0.0000 0.0000 0.0000 0.0000
0.0000 95.0000 0.0000 0.0000 0.0000 0.0000 0.0000 0.0000 0.0000 0.0000 0.0000 0.0000 0.0000 0.0000 0.0000 0.0000 0.0000 0.0000 0.0000 0.0000 0.0000 0.0000 0.0000 0.0000 -20.2631 -9.4128 -49.4724 2.7014 4.7929 -13.2293 0.0000 0.0000 0.0000 0.0000 0.0000 0.0000 10.0000 0.0000 0.0000 10.0000 0.0000 0.0000 0.0000 0.0000 0.0000 20.0000 0.0000 0.0000 10.0000 0.0000 0.0000 0.0000 0.0000 0.0000 20.0000 0.0000 0.0000 10.0000 0.0000 0.0000 0.0000 0.0000 0.0000 20.0000 0.0000 0.0000 10.0000 0.0000 0.0000 0.0000 0.0000 0.0000 20.0000 0.0000 0.0000 10.0000 0.0000 0.0000 0.0000 0.0000 0.0000 41.1826 -16.5377 42.2949 -389.0412 33.5581 -339.6255 0.0000 0.0000 0.0000 0.0000 0.0000 0.0000 10.0000 0.0000 0.0000 10.0000 0.0000 0.0000 0.0000 0.0000 0.0000 20.0000 0.0000 0.0000 10.0000 0.0000 0.0000 0.0000 0.0000 0.0000 20.0000 0.0000 0.0000 10.0000 0.0000 0.0000 0.0000 0.0000 0.0000 20.0000 0.0000 0.0000 10.0000 0.0000 0.0000 0.0000 0.0000 0.0000 20.0000 0.0000 0.0000 10.0000 0.0000 0.0000 0.0000 0.0000 0.0000 0.0000 0.0000 0.0000 0.0000 0.0000 0.0000 0.0000 0.0000 0.0000 0.0000 0.0000 0.0000 0.0000 0.0000 0.0000
0.0000 95.0000 0.0000 0.0000 0.0000 0.0000 0.0000 0.0000 0.0000 0.0000 0.0000 0.0000 0.0000 0.0000 0.0000 0.0000 0.0000 0.0000 0.0000 0.0000 0.0000 0.0000 0.0000 0.0000 -20.6258 -9.4916 -49.0491 2.5363 4.9541 -14.0520 0.0000 0.0000 0.0000 0.0000 0.0000 0.0000 10.0000 0.0000 0.0000 10.0000 0.0000 0.0000 0.0000 0.0000 0.0000 20.0000 0.0000 0.0000 10.0000 0.0000 0.0000 0.0000 0.0000 0.0000 20.0000 0.0000 0.0000 10.0000 0.0000 0.0000 0.0000 0.0000 0.0000 20.0000 0.0000 0.0000 10.0000 0.0000 0.0000 0.0000 0.0000 0.0000 20.0000 0.0000 0.0000 10.0000 0.0000 0.0000 0.0000 0.0000 0.0000 40.6317 -16.6387 43.1054 -388.6664 33.1681 -339.8656 0.0000 0.0000 0.0000 0.0000 0.0000 0.0000 10.0000 0.0000 0.0000 10.0000 0.0000 0.0000 0.0000 0.0000 0.0000 20.0000 0.0000 0.0000 10.0000 0.0000 0.0000 0.0000 0.0000 0.0000 20.0000 0.0000 0.0000 10.0000 0.0000 0.0000 0.0000 0.0000 0.0000 20.0000 0.0000 0.0000 10.0000 0.0000 0.0000 0.0000 0.0000 0.0000 20.0000 0.0000 0.0000 10.0000 0.0000 0.0000 0.0000 0.0000 0.0000 0.0000 0.0000 0.0000 0.0000 0.0000 0.0000 0.0000 0.0000 0.0000 0.0000 0.0000 0.0000 0.0000 0.0000 0.0000
0.0000 95.0000 0.0000 0.0000 0.0000 0.0000 0.0000 0.0000 0.0000 0.0000 0.0000 0.0000 0.0000 0.0000 0.0000 0.0000 0.0000 0.0000 0.0000 0.0000 0.0000 0.0000 0.0000 0.0000 -20.9686 -9.5631 -48.6476 2.3718 5.1055 -14.8284 0.0000 0.0000 0.0000 0.0000 0.0000 0.0000 10.0000 0.0000 0.0000 10.0000 0.0000 0.0000 0.0000 0.0000 0.0000 20.0000 0.0000 0.0000 10.0000 0.0000 0.0000 0.0000 0.0000 0.0000 20.0000 0.0000 0.0000 10.0000 0.0000 0.0000 0.0000 0.0000 0.0000 20.0000 0.0000 0.0000 10.0000 0.0000 0.0000 0.0000 0.0000 0.0000 20.0000 0.0000 0.0000 10.0000 0.0000 0.0000 0.0000 0.0000 0.0000 40.0760 -16.7295 43.9140 -388.2912 32.7737 -340.1055 0.0000 0.0000 0.0000 0.0000 0.0000 0.0000 10.0000 0.0000 0.0000 10.0000 0.0000 0.0000 0.0000 0.0000 0.0000 20.0000 0.0000 0.0000 10.0000 0.0000 0.0000 0.0000 0.0000 0.0000 20.0000 0.0000 0.0000 10.0000 0.0000 0.0000 0.0000 0.0000 0.0000 20.0000 0.0000 0.0000 10.0000 0.0000 0.0000 0.0000 0.0000 0.0000 20.0000 0.0000 0.0000 10.0000 0.0000 0.0000 0.0000 0.0000 0.0000 0.0000 0.0000 0.0000 0.0000 0.0000 0.0000 0.0000 0.0000 0.0000 0.0000 0.0000 0.0000 0.0000 0.0000 0.0000
0.0000 95.0000 0.0000 0.0000 0.0000 0.0000 0.0000 0.0000 0.0000 0.0000 0.0000 0.0000 0.0000 0.0000 0.0000 0.0000 0.0000 0.0000 0.0000 0.0000 0.0000 0.0000 0.0000 0.0000 -21.2931 -9.6282 -48.2661 2.2082 5.2479 -15.5629 0.0000 0.0000 0.0000 0.0000 0.0000 0.0000 10.0000 0.0000 0.0000 10.0000 0.0000 0.0000 0.0000 0.0000 0.0000 20.0000 0.0000 0.0000 10.0000 0.0000 0.0000 0.0000 0.0000 0.0000 20.0000 0.0000 0.0000 10.0000 0.0000 0.0000 0.0000 0.0000 0.0000 20.0000 0.0000 0.0000 10.0000 0.0000 0.0000 0.0000 0.0000 0.0000 20.0000 0.0000 0.0000 10.0000 0.0000 0.0000 0.0000 0.0000 0.0000 39.5162 -16.8101 44.7201 -387.9156 32.3753 -340.3444 0.0000 0.0000 0.0000 0.0000 0.0000 0.0000 10.0000 0.0000 0.0000 10.0000 0.0000 0.0000 0.0000 0.0000 0.0000 20.0000 0.0000 0.0000 10.0000 0.0000 0.0000 0.0000 0.0000 0.0000 20.0000 0.0000 0.0000 10.0000 0.0000 0.0000 0.0000 0.0000 0.0000 20.0000 0.0000 0.0000 10.0000 0.0000 0.0000 0.0000 0.0000 0.0000 20.0000 0.0000 0.0000 10.0000 0.0000 0.0000 0.0000 0.0000 0.0000 0.0000 0.0000 0.0000 0.0000 0.0000 0.0000 0.0000 0.0000 0.0000 0.0000 0.0000 0.0000 0.0000 0.0000 0.0000
0.0000 95.0000 0.0000 0.0000 0.0000 0.0000 0.0000 0.0000 0.0000 0.0000 0.0000 0.0000 0.0000 0.0000 0.0000 0.0000 0.0000 0.0000 0.0000 0.0000 0.0000 0.0000 0.0000 0.0000 -21.6008 -9.6875 -47.9028 2.0459 5.3820 -16.2594 0.0000 0.0000 0.0000 0.0000 0.0000 0.0000 10.0000 0.0000 0.0000 10.0000 0.0000 0.0000 0.0000 0.0000 0.0000 20.0000 0.0000 0.0000 10.0000 0.0000 0.0000 0.0000 0.0000 0.0000 20.0000 0.0000 0.0000 10.0000 0.0000 0.0000 0.0000 0.0000 0.0000 20.0000 0.0000 0.0000 10.0000 0.0000 0.0000 0.0000 0.0000 0.0000 20.0000 0.0000 0.0000 10.0000 0.0000 0.0000 0.0000 0.0000 0.0000 38.9529 -16.8803 45.5228 -387.5395 31.9735 -340.5820 0.0000 0.0000 0.0000 0.0000 0.0000 0.0000 10.0000 0.0000 0.0000 10.0000 0.0000 0.0000 0.0000 0.0000 0.0000 20.0000 0.0000 0.0000 10.0000 0.0000 0.0000 0.0000 0.0000 0.0000 20.0000 0.0000 0.0000 10.0000 0.0000 0.0000 0.0000 0.0000 0.0000 20.0000 0.0000 0.0000 10.0000 0.0000 0.0000 0.0000 0.0000 0.0000 20.0000 0.0000 0.0000 10.0000 0.0000 0.0000 0.0000 0.0000 0.0000 0.0000 0.0000 0.0000 0.0000 0.0000 0.0000 0.0000 0.0000 0.0000 0.0000 0.0000 0.0000 0.0000 0.0000 0.0000
0.0000 95.0000 0.0000 0.0000 0.0000 0.0000 0.0000 0.0000 0.0000 0.0000 0.0000 0.0000 0.0000 0.0000 0.0000 0.0000 0.0000 0.0000 0.0000 0.0000 0.0000 0.0000 0.0000 0.0000 -21.8930 -9.7416 -47.5562 1.8853 5.5085 -16.9210 0.0000 0.0000 0.0000 0.0000 0.0000 0.0000 10.0000 0.0000 0.0000 10.0000 0.0000 0.0000 0.0000 0.0000 0.0000 20.0000 0.0000 0.0000 10.0000 0.0000 0.0000 0.0000 0.0000 0.0000 20.0000 0.0000 0.0000 10.0000 0.0000 0.0000 0.0000 0.0000 0.0000 20.0000 0.0000 0.0000 10.0000 0.0000 0.0000 0.0000 0.0000 0.0000 20.0000 0.0000 0.0000 10.0000 0.0000 0.0000 0.0000 0.0000 0.0000 38.3870 -16.9402 46.3214 -387.1631 31.5687 -340.8178 0.0000 0.0000 0.0000 0.0000 0.0000 0.0000 10.0000 0.0000 0.0000 10.0000 0.0000 0.0000 0.0000 0.0000 0.0000 20.0000 0.0000 0.0000 10.0000 0.0000 0.0000 0.0000 0.0000 0.0000 20.0000 0.0000 0.0000 10.0000 0.0000 0.0000 0.0000 0.0000 0.0000 20.0000 0.0000 0.0000 10.0000 0.0000 0.0000 0.0000 0.0000 0.0000 20.0000 0.0000 0.0000 10.0000 0.0000 0.0000 0.0000 0.0000 0.0000 0.0000 0.0000 0.0000 0.0000 0.0000 0.0000 0.0000 0.0000 0.0000 0.0000 0.0000 0.0000 0.0000 0.0000 0.0000
0.0000 95.0000 0.0000 0.0000 0.0000 0.0000 0.0000 0.0000 0.0000 0.0000 0.0000 0.0000 0.0000 0.0000 0.0000 0.0000 0.0000 0.0000 0.0000 0.0000 0.0000 0.0000 0.0000 0.0000 -22.1710 -9.7910 -47.2253 1.7267 5.6279 -17.5508 0.0000 0.0000 0.0000 0.0000 0.0000 0.0000 10.0000 0.0000 0.0000 10.0000 0.0000 0.0000 0.0000 0.0000 0.0000 20.0000 0.0000 0.0000 10.0000 0.0000 0.0000 0.0000 0.0000 0.0000 20.0000 0.0000 0.0000 10.0000 0.0000 0.0000 0.0000 0.0000 0.0000 20.0000 0.0000 0.0000 10.0000 0.0000 0.0000 0.0000 0.0000 0.0000 20.0000 0.0000 0.0000 10.0000 0.0000 0.0000 0.0000 0.0000 0.0000 37.8188 -16.9897 47.1153 -386.7864 31.1614 -341.0515 0.0000 0.0000 0.0000 0.0000 0.0000 0.0000 10.0000 0.0000 0.0000 10.0000 0.0000 0.0000 0.0000 0.0000 0.0000 20.0000 0.0000 0.0000 10.0000 0.0000 0.0000 0.0000 0.0000 0.0000 20.0000 0.0000 0.0000 10.0000 0.0000 0.0000 0.0000 0.0000 0.0000 20.0000 0.0000 0.0000 10.0000 0.0000 0.0000 0.0000 0.0000 0.0000 20.0000 0.0000 0.0000 10.0000 0.0000 0.0000 0.0000 0.0000 0.0000 0.0000 0.0000 0.0000 0.0000 0.0000 0.0000 0.0000 0.0000 0.0000 0.0000 0.0000 0.0000 0.0000 0.0000 0.0000
0.0000 95.0000 0.0000 0.0000 0.0000 0.0000 0.0000 0.0000 0.0000 0.0000 0.0000 0.0000 0.0000 0.0000 0.0000 0.0000 0.0000 0.0000 0.0000 0.0000 0.0000 0.0000 0.0000 0.0000 -22.4356 -9.8361 -46.9087 1.5702 5.7409 -18.1512 0.0000 0.0000 0.0000 0.0000 0.0000 0.0000 10.0000 0.0000 0.0000 10.0000 0.0000 0.0000 0.0000 0.0000 0.0000 20.0000 0.0000 0.0000 10.0000 0.0000 0.0000 0.0000 0.0000 0.0000 20.0000 0.0000 0.0000 10.0000 0.0000 0.0000 0.0000 0.0000 0.0000 20.0000 0.0000 0.0000 10.0000 0.0000 0.0000 0.0000 0.0000 0.0000 20.0000 0.0000 0.0000 10.0000 0.0000 0.0000 0.0000 0.0000 0.0000 37.2490 -17.0290 47.9040 -386.4096 30.7518 -341.2829 0.0000 0.0000 0.0000 0.0000 0.0000 0.0000 10.0000 0.0000 0.0000 10.0000 0.0000 0.0000 0.0000 0.0000 0.0000 20.0000 0.0000 0.0000 10.0000 0.0000 0.0000 0.0000 0.0000 0.0000 20.0000 0.0000 0.0000 10.0000 0.0000 0.0000 0.0000 0.0000 0.0000 20.0000 0.0000 0.0000 10.0000 0.0000 0.0000 0.0000 0.0000 0.0000 20.0000 0.0000 0.0000 10.0000 0.0000 0.0000 0.0000 0.0000 0.0000 0.0000 0.0000 0.0000 0.0000 0.0000 0.0000 0.0000 0.0000 0.0000 0.0000 0.0000 0.0000 0.0000 0.0000 0.0000
0.0000 95.0000 0.0000 0.0000 0.0000 0.0000 0.0000 0.0000 0.0000 0.0000 0.0000 0.0000 0.0000 0.0000 0.0000 0.0000 0.0000 0.0000 0.0000 0.0000 0.0000 0.0000 0.0000 0.0000 -22.6880 -9.8775 -46.6056 1.4160 5.8479 -18.7245 0.0000 0.0000 0.0000 0.0000 0.0000 0.0000 10.0000 0.0000 0.0000 10.0000 0.0000 0.0000 0.0000 0.0000 0.0000 20.0000 0.0000 0.0000 10.0000 0.0000 0.0000 0.0000 0.0000 0.0000 20.0000 0.0000 0.0000 10.0000 0.0000 0.0000 0.0000 0.0000 0.0000 20.0000 0.0000 0.0000 10.0000 0.0000 0.0000 0.0000 0.0000 0.0000 20.0000 0.0000 0.0000 10.0000 0.0000 0.0000 0.0000 0.0000 0.0000 36.6781 -17.0581 48.6870 -386.0326 30.3402 -341.5118 0.0000 0.0000 0.0000 0.0000 0.0000 0.0000 10.0000 0.0000 0.0000 10.0000 0.0000 0.0000 0.0000 0.0000 0.0000 20.0000 0.0000 0.0000 10.0000 0.0000 0.0000 0.0000 0.0000 0.0000 20.0000 0.0000 0.0000 10.0000 0.0000 0.0000 0.0000 0.0000 0.0000 20.0000 0.0000 0.0000 10.0000 0.0000 0.0000 0.0000 0.0000 0.0000 20.0000 0.0000 0.0000 10.0000 0.0000 0.0000 0.0000 0.0000 0.0000 0.0000 0.0000 0.0000 0.0000 0.0000 0.0000 0.0000 0.0000 0.0000 0.0000 0.0000 0.0000 0.0000 0.0000 0.0000
0.0000 95.0000 0.0000 0.0000 0.0000 0.0000 0.0000 0.0000 0.0000 0.0000 0.0000 0.0000 0.0000 0.0000 0.0000 0.0000 0.0000 0.0000 0.0000 0.0000 0.0000 0.0000 0.0000 0.0000 -24.4948 -9.0752 -40.1646 2.1498 6.2939 -18.7557 0.0000 0.0000 0.0000 0.0000 0.0000 0.0000 10.0000 0.0000 0.0000 10.0000 0.0000 0.0000 0.0000 0.0000 0.0000 20.0000 0.0000 0.0000 10.0000 0.0000 0.0000 0.0000 0.0000 0.0000 20.0000 0.0000 0.0000 10.0000 0.0000 0.0000 0.0000 0.0000 0.0000 20.0000 0.0000 0.0000 10.0000 0.0000 0.0000 0.0000 0.0000 0.0000 20.0000 0.0000 0.0000 10.0000 0.0000 0.0000 0.0000 0.0000 0.0000 39.8434 -15.4716 41.0934 -389.6031 31.8419 -340.4429 0.0000 0.0000 0.0000 0.0000 0.0000 0.0000 10.0000 0.0000 0.0000 10.0000 0.0000 0.0000 0.0000 0.0000 0.0000 20.0000 0.0000 0.0000 10.0000 0.0000 0.0000 0.0000 0.0000 0.0000 20.0000 0.0000 0.0000 10.0000 0.0000 0.0000 0.0000 0.0000 0.0000 20.0000 0.0000 0.0000 10.0000 0.0000 0.0000 0.0000 0.0000 0.0000 20.0000 0.0000 0.0000 10.0000 0.0000 0.0000 0.0000 0.0000 0.0000 0.0000 0.0000 0.0000 0.0000 0.0000 0.0000 0.0000 0.0000 0.0000 0.0000 0.0000 0.0000 0.0000 0.0000 0.0000
0.0000 95.0000 0.0000 0.0000 0.0000 0.0000 0.0000 0.0000 0.0000 0.0000 0.0000 0.0000 0.0000 0.0000 0.0000 0.0000 0.0000 0.0000 0.0000 0.0000 0.0000 0.0000 0.0000 0.0000 -22.0035 -8.8453 -43.3886 0.5385 4.2418 -16.1743 0.0000 0.0000 0.0000 0.0000 0.0000 0.0000 10.0000 0.0000 0.0000 10.0000 0.0000 0.0000 0.0000 0.0000 0.0000 20.0000 0.0000 0.0000 10.0000 0.0000 0.0000 0.0000 0.0000 0.0000 20.0000 0.0000 0.0000 10.0000 0.0000 0.0000 0.0000 0.0000 0.0000 20.0000 0.0000 0.0000 10.0000 0.0000 0.0000 0.0000 0.0000 0.0000 20.0000 0.0000 0.0000 10.0000 0.0000 0.0000 0.0000 0.0000 0.0000 45.2755 -6.0383 14.4160 -404.4404 -0.2480 -368.5956 0.0000 0.0000 0.0000 0.0000 0.0000 0.0000 10.0000 0.0000 0.0000 10.0000 0.0000 0.0000 0.0000 0.0000 0.0000 20.0000 0.0000 0.0000 10.0000 0.0000 0.0000 0.0000 0.0000 0.0000 20.0000 0.0000 0.0000 10.0000 0.0000 0.0000 0.0000 0.0000 0.0000 20.0000 0.0000 0.0000 10.0000 0.0000 0.0000 0.0000 0.0000 0.0000 20.0000 0.0000 0.0000 10.0000 0.0000 0.0000 0.0000 0.0000 0.0000 0.0000 0.0000 0.0000 0.0000 0.0000 0.0000 0.0000 0.0000 0.0000 0.0000 0.0000 0.0000 0.0000 0.0000 0.0000
0.0000 95.0000 0.0000 0.0000 0.0000 0.0000 0.0000 0.0000 0.0000 0.0000 0.0000 0.0000 0.0000 0.0000 0.0000 0.0000 0.0000 0.0000 0.0000 0.0000 0.0000 0.0000 0.0000 0.0000 -20.3817 -8.2602 -43.7695 -0.3223 2.5924 -12.5546 0.0000 0.0000 0.0000 0.0000 0.0000 0.0000 10.0000 0.0000 0.0000 10.0000 0.0000 0.0000 0.0000 0.0000 0.0000 20.0000 0.0000 0.0000 10.0000 0.0000 0.0000 0.0000 0.0000 0.0000 20.0000 0.0000 0.0000 10.0000 0.0000 0.0000 0.0000 0.0000 0.0000 20.0000 0.0000 0.0000 10.0000 0.0000 0.0000 0.0000 0.0000 0.0000 20.0000 0.0000 0.0000 10.0000 0.0000 0.0000 0.0000 0.0000 0.0000 40.2565 3.4554 -9.4097 -397.1502 7.7776 -345.1753 0.0000 0.0000 0.0000 0.0000 0.0000 0.0000 10.0000 0.0000 0.0000 10.0000 0.0000 0.0000 0.0000 0.0000 0.0000 20.0000 0.0000 0.0000 10.0000 0.0000 0.0000 0.0000 0.0000 0.0000 20.0000 0.0000 0.0000 10.0000 0.0000 0.0000 0.0000 0.0000 0.0000 20.0000 0.0000 0.0000 10.0000 0.0000 0.0000 0.0000 0.0000 0.0000 20.0000 0.0000 0.0000 10.0000 0.0000 0.0000 0.0000 0.0000 0.0000 0.0000 0.0000 0.0000 0.0000 0.0000 0.0000 0.0000 0.0000 0.0000 0.0000 0.0000 0.0000 0.0000 0.0000 0.0000
0.0000 95.0000 0.0000 0.0000 0.0000 0.0000 0.0000 0.0000 0.0000 0.0000 0.0000 0.0000 0.0000 0.0000 0.0000 0.0000 0.0000 0.0000 0.0000 0.0000 0.0000 0.0000 0.0000 0.0000 -18.8603 -8.1859 -46.6162 -1.7665 1.4481 -11.8571 0.0000 0.0000 0.0000 0.0000 0.0000 0.0000 10.0000 0.0000 0.0000 10.0000 0.0000 0.0000 0.0000 0.0000 0.0000 20.0000 0.0000 0.0000 10.0000 0.0000 0.0000 0.0000 0.0000 0.0000 20.0000 0.0000 0.0000 10.0000 0.0000 0.0000 0.0000 0.0000 0.0000 20.0000 0.0000 0.0000 10.0000 0.0000 0.0000 0.0000 0.0000 0.0000 20.0000 0.0000 0.0000 10.0000 0.0000 0.0000 0.0000 0.0000 0.0000 38.1262 2.0754 -6.0012 -396.6438 6.2191 -348.5673 0.0000 0.0000 0.0000 0.0000 0.0000 0.0000 10.0000 0.0000 0.0000 10.0000 0.0000 0.0000 0.0000 0.0000 0.0000 20.0000 0.0000 0.0000 10.0000 0.0000 0.0000 0.0000 0.0000 0.0000 20.0000 0.0000 0.0000 10.0000 0.0000 0.0000 0.0000 0.0000 0.0000 20.0000 0.0000 0.0000 10.0000 0.0000 0.0000 0.0000 0.0000 0.0000 20.0000 0.0000 0.0000 10.0000 0.0000 0.0000 0.0000 0.0000 0.0000 0.0000 0.0000 0.0000 0.0000 0.0000 0.0000 0.0000 0.0000 0.0000 0.0000 0.0000 0.0000 0.0000 0.0000 0.0000
0.0000 95.0000 0.0000 0.0000 0.0000 0.0000 0.0000 0.0000 0.0000 0.0000 0.0000 0.0000 0.0000 0.0000 0.0000 0.0000 0.0000 0.0000 0.0000 0.0000 0.0000 0.0000 0.0000 0.0000 -19.9828 -4.1519 -23.2528 -10.1458 -3.6227 17.0951 0.0000 0.0000 0.0000 0.0000 0.0000 0.0000 10.0000 0.0000 0.0000 10.0000 0.0000 0.0000 0.0000 0.0000 0.0000 20.0000 0.0000 0.0000 10.0000 0.0000 0.0000 0.0000 0.0000 0.0000 20.0000 0.0000 0.0000 10.0000 0.0000 0.0000 0.0000 0.0000 0.0000 20.0000 0.0000 0.0000 10.0000 0.0000 0.0000 0.0000 0.0000 0.0000 20.0000 0.0000 0.0000 10.0000 0.0000 0.0000 0.0000 0.0000 0.0000 34.8686 1.9462 -6.1920 -389.3787 5.7232 -347.7856 0.0000 0.0000 0.0000 0.0000 0.0000 0.0000 10.0000 0.0000 0.0000 10.0000 0.0000 0.0000 0.0000 0.0000 0.0000 20.0000 0.0000 0.0000 10.0000 0.0000 0.0000 0.0000 0.0000 0.0000 20.0000 0.0000 0.0000 10.0000 0.0000 0.0000 0.0000 0.0000 0.0000 20.0000 0.0000 0.0000 10.0000 0.0000 0.0000 0.0000 0.0000 0.0000 20.0000 0.0000 0.0000 10.0000 0.0000 0.0000 0.0000 0.0000 0.0000 0.0000 0.0000 0.0000 0.0000 0.0000 0.0000 0.0000 0.0000 0.0000 0.0000 0.0000 0.0000 0.0000 0.0000 0.0000
0.0000 95.0000 0.0000 0.0000 0.0000 0.0000 0.0000 0.0000 0.0000 0.0000 0.0000 0.0000 0.0000 0.0000 0.0000 0.0000 0.0000 0.0000 0.0000 0.0000 0.0000 0.0000 0.0000 0.0000 -17.7502 1.3716 8.7671 -12.8001 1.8279 -19.2990 0.0000 0.0000 0.0000 0.0000 0.0000 0.0000 10.0000 0.0000 0.0000 10.0000 0.0000 0.0000 0.0000 0.0000 0.0000 20.0000 0.0000 0.0000 10.0000 0.0000 0.0000 0.0000 0.0000 0.0000 20.0000 0.0000 0.0000 10.0000 0.0000 0.0000 0.0000 0.0000 0.0000 20.0000 0.0000 0.0000 10.0000 0.0000 0.0000 0.0000 0.0000 0.0000 20.0000 0.0000 0.0000 10.0000 0.0000 0.0000 0.0000 0.0000 0.0000 33.7617 1.8576 -6.1160 -385.6510 5.3172 -347.8148 0.0000 0.0000 0.0000 0.0000 0.0000 0.0000 10.0000 0.0000 0.0000 10.0000 0.0000 0.0000 0.0000 0.0000 0.0000 20.0000 0.0000 0.0000 10.0000 0.0000 0.0000 0.0000 0.0000 0.0000 20.0000 0.0000 0.0000 10.0000 0.0000 0.0000 0.0000 0.0000 0.0000 20.0000 0.0000 0.0000 10.0000 0.0000 0.0000 0.0000 0.0000 0.0000 20.0000 0.0000 0.0000 10.0000 0.0000 0.0000 0.0000 0.0000 0.0000 0.0000 0.0000 0.0000 0.0000 0.0000 0.0000 0.0000 0.0000 0.0000 0.0000 0.0000 0.0000 0.0000 0.0000 0.0000
0.0000 95.0000 0.0000 0.0000 0.0000 0.0000 0.0000 0.0000 0.0000 0.0000 0.0000 0.0000 0.0000 0.0000 0.0000 0.0000 0.0000 0.0000 0.0000 0.0000 0.0000 0.0000 0.0000 0.0000 -18.6711 0.4874 2.9639 -14.6207 0.7752 -11.0909 0.0000 0.0000 0.0000 0.0000 0.0000 0.0000 10.0000 0.0000 0.0000 10.0000 0.0000 0.0000 0.0000 0.0000 0.0000 20.0000 0.0000 0.0000 10.0000 0.0000 0.0000 0.0000 0.0000 0.0000 20.0000 0.0000 0.0000 10.0000 0.0000 0.0000 0.0000 0.0000 0.0000 20.0000 0.0000 0.0000 10.0000 0.0000 0.0000 0.0000 0.0000 0.0000 20.0000 0.0000 0.0000 10.0000 0.0000 0.0000 0.0000 0.0000 0.0000 42.7047 1.3162 -3.3660 -394.1156 -2.0337 -360.8566 0.0000 0.0000 0.0000 0.0000 0.0000 0.0000 10.0000 0.0000 0.0000 10.0000 0.0000 0.0000 0.0000 0.0000 0.0000 20.0000 0.0000 0.0000 10.0000 0.0000 0.0000 0.0000 0.0000 0.0000 20.0000 0.0000 0.0000 10.0000 0.0000 0.0000 0.0000 0.0000 0.0000 20.0000 0.0000 0.0000 10.0000 0.0000 0.0000 0.0000 0.0000 0.0000 20.0000 0.0000 0.0000 10.0000 0.0000 0.0000 0.0000 0.0000 0.0000 0.0000 0.0000 0.0000 0.0000 0.0000 0.0000 0.0000 0.0000 0.0000 0.0000 0.0000 0.0000 0.0000 0.0000 0.0000
0.0000 95.0000 0.0000 0.0000 0.0000 0.0000 0.0000 0.0000 0.0000 0.0000 0.0000 0.0000 0.0000 0.0000 0.0000 0.0000 0.0000 0.0000 0.0000 0.0000 0.0000 0.0000 0.0000 0.0000 -16.6468 0.6980 4.7684 -16.0270 0.7380 -12.1564 0.0000 0.0000 0.0000 0.0000 0.0000 0.0000 10.0000 0.0000 0.0000 10.0000 0.0000 0.0000 0.0000 0.0000 0.0000 20.0000 0.0000 0.0000 10.0000 0.0000 0.0000 0.0000 0.0000 0.0000 20.0000 0.0000 0.0000 10.0000 0.0000 0.0000 0.0000 0.0000 0.0000 20.0000 0.0000 0.0000 10.0000 0.0000 0.0000 0.0000 0.0000 0.0000 20.0000 0.0000 0.0000 10.0000 0.0000 0.0000 0.0000 0.0000 0.0000 47.7161 -3.5652 8.0506 -388.0725 22.7451 -335.0147 0.0000 0.0000 0.0000 0.0000 0.0000 0.0000 10.0000 0.0000 0.0000 10.0000 0.0000 0.0000 0.0000 0.0000 0.0000 20.0000 0.0000 0.0000 10.0000 0.0000 0.0000 0.0000 0.0000 0.0000 20.0000 0.0000 0.0000 10.0000 0.0000 0.0000 0.0000 0.0000 0.0000 20.0000 0.0000 0.0000 10.0000 0.0000 0.0000 0.0000 0.0000 0.0000 20.0000 0.0000 0.0000 10.0000 0.0000 0.0000 0.0000 0.0000 0.0000 0.0000 0.0000 0.0000 0.0000 0.0000 0.0000 0.0000 0.0000 0.0000 0.0000 0.0000 0.0000 0.0000 0.0000 0.0000
0.0000 95.0000 0.0000 0.0000 0.0000 0.0000 0.0000 0.0000 0.0000 0.0000 0.0000 0.0000 0.0000 0.0000 0.0000 0.0000 0.0000 0.0000 0.0000 0.0000 0.0000 0.0000 0.0000 0.0000 -10.8084 1.3842 14.5540 -15.4325 1.0958 -21.6905 0.0000 0.0000 0.0000 0.0000 0.0000 0.0000 10.0000 0.0000 0.0000 10.0000 0.0000 0.0000 0.0000 0.0000 0.0000 20.0000 0.0000 0.0000 10.0000 0.0000 0.0000 0.0000 0.0000 0.0000 20.0000 0.0000 0.0000 10.0000 0.0000 0.0000 0.0000 0.0000 0.0000 20.0000 0.0000 0.0000 10.0000 0.0000 0.0000 0.0000 0.0000 0.0000 20.0000 0.0000 0.0000 10.0000 0.0000 0.0000 0.0000 0.0000 0.0000 50.3154 -5.2632 11.1786 -378.9825 26.9914 -326.6645 0.0000 0.0000 0.0000 0.0000 0.0000 0.0000 10.0000 0.0000 0.0000 10.0000 0.0000 0.0000 0.0000 0.0000 0.0000 20.0000 0.0000 0.0000 10.0000 0.0000 0.0000 0.0000 0.0000 0.0000 20.0000 0.0000 0.0000 10.0000 0.0000 0.0000 0.0000 0.0000 0.0000 20.0000 0.0000 0.0000 10.0000 0.0000 0.0000 0.0000 0.0000 0.0000 20.0000 0.0000 0.0000 10.0000 0.0000 0.0000 0.0000 0.0000 0.0000 0.0000 0.0000 0.0000 0.0000 0.0000 0.0000 0.0000 0.0000 0.0000 0.0000 0.0000 0.0000 0.0000 0.0000 0.0000
0.0000 95.0000 0.0000 0.0000 0.0000 0.0000 0.0000 0.0000 0.0000 0.0000 0.0000 0.0000 0.0000 0.0000 0.0000 0.0000 0.0000 0.0000 0.0000 0.0000 0.0000 0.0000 0.0000 0.0000 -14.8428 -3.3541 -25.3364 -9.6968 -1.5168 -13.9671 0.0000 0.0000 0.0000 0.0000 0.0000 0.0000 10.0000 0.0000 0.0000 10.0000 0.0000 0.0000 0.0000 0.0000 0.0000 20.0000 0.0000 0.0000 10.0000 0.0000 0.0000 0.0000 0.0000 0.0000 20.0000 0.0000 0.0000 10.0000 0.0000 0.0000 0.0000 0.0000 0.0000 20.0000 0.0000 0.0000 10.0000 0.0000 0.0000 0.0000 0.0000 0.0000 20.0000 0.0000 0.0000 10.0000 0.0000 0.0000 0.0000 0.0000 0.0000 51.1081 -1.3558 2.8351 -391.9977 20.7157 -338.1209 0.0000 0.0000 0.0000 0.0000 0.0000 0.0000 10.0000 0.0000 0.0000 10.0000 0.0000 0.0000 0.0000 0.0000 0.0000 20.0000 0.0000 0.0000 10.0000 0.0000 0.0000 0.0000 0.0000 0.0000 20.0000 0.0000 0.0000 10.0000 0.0000 0.0000 0.0000 0.0000 0.0000 20.0000 0.0000 0.0000 10.0000 0.0000 0.0000 0.0000 0.0000 0.0000 20.0000 0.0000 0.0000 10.0000 0.0000 0.0000 0.0000 0.0000 0.0000 0.0000 0.0000 0.0000 0.0000 0.0000 0.0000 0.0000 0.0000 0.0000 0.0000 0.0000 0.0000 0.0000 0.0000 0.0000
0.0000 95.0000 0.0000 0.0000 0.0000 0.0000 0.0000 0.0000 0.0000 0.0000 0.0000 0.0000 0.0000 0.0000 0.0000 0.0000 0.0000 0.0000 0.0000 0.0000 0.0000 0.0000 0.0000 0.0000 -11.0352 -6.3240 -59.5291 -1.3672 0.7076 -12.4296 0.0000 0.0000 0.0000 0.0000 0.0000 0.0000 10.0000 0.0000 0.0000 10.0000 0.0000 0.0000 0.0000 0.0000 0.0000 20.0000 0.0000 0.0000 10.0000 0.0000 0.0000 0.0000 0.0000 0.0000 20.0000 0.0000 0.0000 10.0000 0.0000 0.0000 0.0000 0.0000 0.0000 20.0000 0.0000 0.0000 10.0000 0.0000 0.0000 0.0000 0.0000 0.0000 20.0000 0.0000 0.0000 10.0000 0.0000 0.0000 0.0000 0.0000 0.0000 51.9138 2.0877 -4.2871 -404.9536 4.8874 -353.2262 0.0000 0.0000 0.0000 0.0000 0.0000 0.0000 10.0000 0.0000 0.0000 10.0000 0.0000 0.0000 0.0000 0.0000 0.0000 20.0000 0.0000 0.0000 10.0000 0.0000 0.0000 0.0000 0.0000 0.0000 20.0000 0.0000 0.0000 10.0000 0.0000 0.0000 0.0000 0.0000 0.0000 20.0000 0.0000 0.0000 10.0000 0.0000 0.0000 0.0000 0.0000 0.0000 20.0000 0.0000 0.0000 10.0000 0.0000 0.0000 0.0000 0.0000 0.0000 0.0000 0.0000 0.0000 0.0000 0.0000 0.0000 0.0000 0.0000 0.0000 0.0000 0.0000 0.0000 0.0000 0.0000 0.0000
0.0000 95.0000 0.0000 0.0000 0.0000 0.0000 0.0000 0.0000 0.0000 0.0000 0.0000 0.0000 0.0000 0.0000 0.0000 0.0000 0.0000 0.0000 0.0000 0.0000 0.0000 0.0000 0.0000 0.0000 -6.2170 -4.3851 -70.3666 -2.3960 -1.3619 -6.3775 0.0000 0.0000 0.0000 0.0000 0.0000 0.0000 10.0000 0.0000 0.0000 10.0000 0.0000 0.0000 0.0000 0.0000 0.0000 20.0000 0.0000 0.0000 10.0000 0.0000 0.0000 0.0000 0.0000 0.0000 20.0000 0.0000 0.0000 10.0000 0.0000 0.0000 0.0000 0.0000 0.0000 20.0000 0.0000 0.0000 10.0000 0.0000 0.0000 0.0000 0.0000 0.0000 20.0000 0.0000 0.0000 10.0000 0.0000 0.0000 0.0000 0.0000 0.0000 53.0041 0.4184 -0.8391 -415.4641 5.3434 -355.6111 0.0000 0.0000 0.0000 0.0000 0.0000 0.0000 10.0000 0.0000 0.0000 10.0000 0.0000 0.0000 0.0000 0.0000 0.0000 20.0000 0.0000 0.0000 10.0000 0.0000 0.0000 0.0000 0.0000 0.0000 20.0000 0.0000 0.0000 10.0000 0.0000 0.0000 0.0000 0.0000 0.0000 20.0000 0.0000 0.0000 10.0000 0.0000 0.0000 0.0000 0.0000 0.0000 20.0000 0.0000 0.0000 10.0000 0.0000 0.0000 0.0000 0.0000 0.0000 0.0000 0.0000 0.0000 0.0000 0.0000 0.0000 0.0000 0.0000 0.0000 0.0000 0.0000 0.0000 0.0000 0.0000 0.0000
0.0000 95.0000 0.0000 0.0000 0.0000 0.0000 0.0000 0.0000 0.0000 0.0000 0.0000 0.0000 0.0000 0.0000 0.0000 0.0000 0.0000 0.0000 0.0000 0.0000 0.0000 0.0000 0.0000 0.0000 -5.8209 -4.3307 -73.2767 -1.9569 -1.2845 -3.2630 0.0000 0.0000 0.0000 0.0000 0.0000 0.0000 10.0000 0.0000 0.0000 10.0000 0.0000 0.0000 0.0000 0.0000 0.0000 20.0000 0.0000 0.0000 10.0000 0.0000 0.0000 0.0000 0.0000 0.0000 20.0000 0.0000 0.0000 10.0000 0.0000 0.0000 0.0000 0.0000 0.0000 20.0000 0.0000 0.0000 10.0000 0.0000 0.0000 0.0000 0.0000 0.0000 20.0000 0.0000 0.0000 10.0000 0.0000 0.0000 0.0000 0.0000 0.0000 54.0696 -0.3290 0.6448 -423.7166 3.4796 -358.3465 0.0000 0.0000 0.0000 0.0000 0.0000 0.0000 10.0000 0.0000 0.0000 10.0000 0.0000 0.0000 0.0000 0.0000 0.0000 20.0000 0.0000 0.0000 10.0000 0.0000 0.0000 0.0000 0.0000 0.0000 20.0000 0.0000 0.0000 10.0000 0.0000 0.0000 0.0000 0.0000 0.0000 20.0000 0.0000 0.0000 10.0000 0.0000 0.0000 0.0000 0.0000 0.0000 20.0000 0.0000 0.0000 10.0000 0.0000 0.0000 0.0000 0.0000 0.0000 0.0000 0.0000 0.0000 0.0000 0.0000 0.0000 0.0000 0.0000 0.0000 0.0000 0.0000 0.0000 0.0000 0.0000 0.0000
0.0000 95.0000 0.0000 0.0000 0.0000 0.0000 0.0000 0.0000 0.0000 0.0000 0.0000 0.0000 0.0000 0.0000 0.0000 0.0000 0.0000 0.0000 0.0000 0.0000 0.0000 0.0000 0.0000 0.0000 -3.9106 -3.0556 -75.9965 -3.5281 -2.7614 0.8043 0.0000 0.0000 0.0000 0.0000 0.0000 0.0000 10.0000 0.0000 0.0000 10.0000 0.0000 0.0000 0.0000 0.0000 0.0000 20.0000 0.0000 0.0000 10.0000 0.0000 0.0000 0.0000 0.0000 0.0000 20.0000 0.0000 0.0000 10.0000 0.0000 0.0000 0.0000 0.0000 0.0000 20.0000 0.0000 0.0000 10.0000 0.0000 0.0000 0.0000 0.0000 0.0000 20.0000 0.0000 0.0000 10.0000 0.0000 0.0000 0.0000 0.0000 0.0000 57.9538 -2.1917 3.9566 -429.9098 1.0766 -362.3580 0.0000 0.0000 0.0000 0.0000 0.0000 0.0000 10.0000 0.0000 0.0000 10.0000 0.0000 0.0000 0.0000 0.0000 0.0000 20.0000 0.0000 0.0000 10.0000 0.0000 0.0000 0.0000 0.0000 0.0000 20.0000 0.0000 0.0000 10.0000 0.0000 0.0000 0.0000 0.0000 0.0000 20.0000 0.0000 0.0000 10.0000 0.0000 0.0000 0.0000 0.0000 0.0000 20.0000 0.0000 0.0000 10.0000 0.0000 0.0000 0.0000 0.0000 0.0000 0.0000 0.0000 0.0000 0.0000 0.0000 0.0000 0.0000 0.0000 0.0000 0.0000 0.0000 0.0000 0.0000 0.0000 0.0000
0.0000 95.0000 0.0000 0.0000 0.0000 0.0000 0.0000 0.0000 0.0000 0.0000 0.0000 0.0000 0.0000 0.0000 0.0000 0.0000 0.0000 0.0000 0.0000 0.0000 0.0000 0.0000 0.0000 0.0000 -4.1817 -3.4132 -78.4352 -2.2692 -1.9217 2.4834 0.0000 0.0000 0.0000 0.0000 0.0000 0.0000 10.0000 0.0000 0.0000 10.0000 0.0000 0.0000 0.0000 0.0000 0.0000 20.0000 0.0000 0.0000 10.0000 0.0000 0.0000 0.0000 0.0000 0.0000 20.0000 0.0000 0.0000 10.0000 0.0000 0.0000 0.0000 0.0000 0.0000 20.0000 0.0000 0.0000 10.0000 0.0000 0.0000 0.0000 0.0000 0.0000 20.0000 0.0000 0.0000 10.0000 0.0000 0.0000 0.0000 0.0000 0.0000 49.7896 -16.8048 35.3114 -417.6739 18.4632 -370.2461 0.0000 0.0000 0.0000 0.0000 0.0000 0.0000 10.0000 0.0000 0.0000 10.0000 0.0000 0.0000 0.0000 0.0000 0.0000 20.0000 0.0000 0.0000 10.0000 0.0000 0.0000 0.0000 0.0000 0.0000 20.0000 0.0000 0.0000 10.0000 0.0000 0.0000 0.0000 0.0000 0.0000 20.0000 0.0000 0.0000 10.0000 0.0000 0.0000 0.0000 0.0000 0.0000 20.0000 0.0000 0.0000 10.0000 0.0000 0.0000 0.0000 0.0000 0.0000 0.0000 0.0000 0.0000 0.0000 0.0000 0.0000 0.0000 0.0000 0.0000 0.0000 0.0000 0.0000 0.0000 0.0000 0.0000
0.0000 95.0000 0.0000 0.0000 0.0000 0.0000 0.0000 0.0000 0.0000 0.0000 0.0000 0.0000 0.0000 0.0000 0.0000 0.0000 0.0000 0.0000 0.0000 0.0000 0.0000 0.0000 0.0000 0.0000 -4.4749 -3.7342 -79.6797 -1.4947 -1.4056 3.6339 0.0000 0.0000 0.0000 0.0000 0.0000 0.0000 10.0000 0.0000 0.0000 10.0000 0.0000 0.0000 0.0000 0.0000 0.0000 20.0000 0.0000 0.0000 10.0000 0.0000 0.0000 0.0000 0.0000 0.0000 20.0000 0.0000 0.0000 10.0000 0.0000 0.0000 0.0000 0.0000 0.0000 20.0000 0.0000 0.0000 10.0000 0.0000 0.0000 0.0000 0.0000 0.0000 20.0000 0.0000 0.0000 10.0000 0.0000 0.0000 0.0000 0.0000 0.0000 41.1839 -20.0344 50.3596 -407.6524 20.0411 -371.8133 0.0000 0.0000 0.0000 0.0000 0.0000 0.0000 10.0000 0.0000 0.0000 10.0000 0.0000 0.0000 0.0000 0.0000 0.0000 20.0000 0.0000 0.0000 10.0000 0.0000 0.0000 0.0000 0.0000 0.0000 20.0000 0.0000 0.0000 10.0000 0.0000 0.0000 0.0000 0.0000 0.0000 20.0000 0.0000 0.0000 10.0000 0.0000 0.0000 0.0000 0.0000 0.0000 20.0000 0.0000 0.0000 10.0000 0.0000 0.0000 0.0000 0.0000 0.0000 0.0000 0.0000 0.0000 0.0000 0.0000 0.0000 0.0000 0.0000 0.0000 0.0000 0.0000 0.0000 0.0000 0.0000 0.0000
0.0000 95.0000 0.0000 0.0000 0.0000 0.0000 0.0000 0.0000 0.0000 0.0000 0.0000 0.0000 0.0000 0.0000 0.0000 0.0000 0.0000 0.0000 0.0000 0.0000 0.0000 0.0000 0.0000 0.0000 -4.7934 -4.0437 -80.2917 -0.9218 -1.0204 4.2943 0.0000 0.0000 0.0000 0.0000 0.0000 0.0000 10.0000 0.0000 0.0000 10.0000 0.0000 0.0000 0.0000 0.0000 0.0000 20.0000 0.0000 0.0000 10.0000 0.0000 0.0000 0.0000 0.0000 0.0000 20.0000 0.0000 0.0000 10.0000 0.0000 0.0000 0.0000 0.0000 0.0000 20.0000 0.0000 0.0000 10.0000 0.0000 0.0000 0.0000 0.0000 0.0000 20.0000 0.0000 0.0000 10.0000 0.0000 0.0000 0.0000 0.0000 0.0000 38.0216 -20.4605 55.2923 -404.3730 19.4941 -372.6497 0.0000 0.0000 0.0000 0.0000 0.0000 0.0000 10.0000 0.0000 0.0000 10.0000 0.0000 0.0000 0.0000 0.0000 0.0000 20.0000 0.0000 0.0000 10.0000 0.0000 0.0000 0.0000 0.0000 0.0000 20.0000 0.0000 0.0000 10.0000 0.0000 0.0000 0.0000 0.0000 0.0000 20.0000 0.0000 0.0000 10.0000 0.0000 0.0000 0.0000 0.0000 0.0000 20.0000 0.0000 0.0000 10.0000 0.0000 0.0000 0.0000 0.0000 0.0000 0.0000 0.0000 0.0000 0.0000 0.0000 0.0000 0.0000 0.0000 0.0000 0.0000 0.0000 0.0000 0.0000 0.0000 0.0000
0.0000 95.0000 0.0000 0.0000 0.0000 0.0000 0.0000 0.0000 0.0000 0.0000 0.0000 0.0000 0.0000 0.0000 0.0000 0.0000 0.0000 0.0000 0.0000 0.0000 0.0000 0.0000 0.0000 0.0000 -5.1217 -4.3414 -80.5613 -0.4519 -0.6979 4.6238 0.0000 0.0000 0.0000 0.0000 0.0000 0.0000 10.0000 0.0000 0.0000 10.0000 0.0000 0.0000 0.0000 0.0000 0.0000 20.0000 0.0000 0.0000 10.0000 0.0000 0.0000 0.0000 0.0000 0.0000 20.0000 0.0000 0.0000 10.0000 0.0000 0.0000 0.0000 0.0000 0.0000 20.0000 0.0000 0.0000 10.0000 0.0000 0.0000 0.0000 0.0000 0.0000 20.0000 0.0000 0.0000 10.0000 0.0000 0.0000 0.0000 0.0000 0.0000 37.4153 -20.5516 56.3271 -403.8780 19.1071 -373.2038 0.0000 0.0000 0.0000 0.0000 0.0000 0.0000 10.0000 0.0000 0.0000 10.0000 0.0000 0.0000 0.0000 0.0000 0.0000 20.0000 0.0000 0.0000 10.0000 0.0000 0.0000 0.0000 0.0000 0.0000 20.0000 0.0000 0.0000 10.0000 0.0000 0.0000 0.0000 0.0000 0.0000 20.0000 0.0000 0.0000 10.0000 0.0000 0.0000 0.0000 0.0000 0.0000 20.0000 0.0000 0.0000 10.0000 0.0000 0.0000 0.0000 0.0000 0.0000 0.0000 0.0000 0.0000 0.0000 0.0000 0.0000 0.0000 0.0000 0.0000 0.0000 0.0000 0.0000 0.0000 0.0000 0.0000
0.0000 95.0000 0.0000 0.0000 0.0000 0.0000 0.0000 0.0000 0.0000 0.0000 0.0000 0.0000 0.0000 0.0000 0.0000 0.0000 0.0000 0.0000 0.0000 0.0000 0.0000 0.0000 0.0000 0.0000 -5.4515 -4.6257 -80.6181 -0.0467 -0.4102 4.7127 0.0000 0.0000 0.0000 0.0000 0.0000 0.0000 10.0000 0.0000 0.0000 10.0000 0.0000 0.0000 0.0000 0.0000 0.0000 20.0000 0.0000 0.0000 10.0000 0.0000 0.0000 0.0000 0.0000 0.0000 20.0000 0.0000 0.0000 10.0000 0.0000 0.0000 0.0000 0.0000 0.0000 20.0000 0.0000 0.0000 10.0000 0.0000 0.0000 0.0000 0.0000 0.0000 20.0000 0.0000 0.0000 10.0000 0.0000 0.0000 0.0000 0.0000 0.0000 37.8974 -20.5554 55.6817 -404.4431 18.9366 -373.4320 0.0000 0.0000 0.0000 0.0000 0.0000 0.0000 10.0000 0.0000 0.0000 10.0000 0.0000 0.0000 0.0000 0.0000 0.0000 20.0000 0.0000 0.0000 10.0000 0.0000 0.0000 0.0000 0.0000 0.0000 20.0000 0.0000 0.0000 10.0000 0.0000 0.0000 0.0000 0.0000 0.0000 20.0000 0.0000 0.0000 10.0000 0.0000 0.0000 0.0000 0.0000 0.0000 20.0000 0.0000 0.0000 10.0000 0.0000 0.0000 0.0000 0.0000 0.0000 0.0000 0.0000 0.0000 0.0000 0.0000 0.0000 0.0000 0.0000 0.0000 0.0000 0.0000 0.0000 0.0000 0.0000 0.0000
0.0000 95.0000 0.0000 0.0000 0.0000 0.0000 0.0000 0.0000 0.0000 0.0000 0.0000 0.0000 0.0000 0.0000 0.0000 0.0000 0.0000 0.0000 0.0000 0.0000 0.0000 0.0000 0.0000 0.0000 -5.7793 -4.8965 -80.5327 0.3120 -0.1440 4.6237 0.0000 0.0000 0.0000 0.0000 0.0000 0.0000 10.0000 0.0000 0.0000 10.0000 0.0000 0.0000 0.0000 0.0000 0.0000 20.0000 0.0000 0.0000 10.0000 0.0000 0.0000 0.0000 0.0000 0.0000 20.0000 0.0000 0.0000 10.0000 0.0000 0.0000 0.0000 0.0000 0.0000 20.0000 0.0000 0.0000 10.0000 0.0000 0.0000 0.0000 0.0000 0.0000 20.0000 0.0000 0.0000 10.0000 0.0000 0.0000 0.0000 0.0000 0.0000 38.8369 -20.4640 54.2290 -405.4239 18.9136 -373.3678 0.0000 0.0000 0.0000 0.0000 0.0000 0.0000 10.0000 0.0000 0.0000 10.0000 0.0000 0.0000 0.0000 0.0000 0.0000 20.0000 0.0000 0.0000 10.0000 0.0000 0.0000 0.0000 0.0000 0.0000 20.0000 0.0000 0.0000 10.0000 0.0000 0.0000 0.0000 0.0000 0.0000 20.0000 0.0000 0.0000 10.0000 0.0000 0.0000 0.0000 0.0000 0.0000 20.0000 0.0000 0.0000 10.0000 0.0000 0.0000 0.0000 0.0000 0.0000 0.0000 0.0000 0.0000 0.0000 0.0000 0.0000 0.0000 0.0000 0.0000 0.0000 0.0000 0.0000 0.0000 0.0000 0.0000
0.0000 95.0000 0.0000 0.0000 0.0000 0.0000 0.0000 0.0000 0.0000 0.0000 0.0000 0.0000 0.0000 0.0000 0.0000 0.0000 0.0000 0.0000 0.0000 0.0000 0.0000 0.0000 0.0000 0.0000 -6.1043 -5.1551 -80.3467 0.6351 0.1079 4.4020 0.0000 0.0000 0.0000 0.0000 0.0000 0.0000 10.0000 0.0000 0.0000 10.0000 0.0000 0.0000 0.0000 0.0000 0.0000 20.0000 0.0000 0.0000 10.0000 0.0000 0.0000 0.0000 0.0000 0.0000 20.0000 0.0000 0.0000 10.0000 0.0000 0.0000 0.0000 0.0000 0.0000 20.0000 0.0000 0.0000 10.0000 0.0000 0.0000 0.0000 0.0000 0.0000 20.0000 0.0000 0.0000 10.0000 0.0000 0.0000 0.0000 0.0000 0.0000 39.9449 -20.2624 52.3648 -406.5396 18.9855 -373.0581 0.0000 0.0000 0.0000 0.0000 0.0000 0.0000 10.0000 0.0000 0.0000 10.0000 0.0000 0.0000 0.0000 0.0000 0.0000 20.0000 0.0000 0.0000 10.0000 0.0000 0.0000 0.0000 0.0000 0.0000 20.0000 0.0000 0.0000 10.0000 0.0000 0.0000 0.0000 0.0000 0.0000 20.0000 0.0000 0.0000 10.0000 0.0000 0.0000 0.0000 0.0000 0.0000 20.0000 0.0000 0.0000 10.0000 0.0000 0.0000 0.0000 0.0000 0.0000 0.0000 0.0000 0.0000 0.0000 0.0000 0.0000 0.0000 0.0000 0.0000 0.0000 0.0000 0.0000 0.0000 0.0000 0.0000
0.0000 95.0000 0.0000 0.0000 0.0000 0.0000 0.0000 0.0000 0.0000 0.0000 0.0000 0.0000 0.0000 0.0000 0.0000 0.0000 0.0000 0.0000 0.0000 0.0000 0.0000 0.0000 0.0000 0.0000 -6.4275 -5.4033 -80.0868 0.9314 0.3516 4.0792 0.0000 0.0000 0.0000 0.0000 0.0000 0.0000 10.0000 0.0000 0.0000 10.0000 0.0000 0.0000 0.0000 0.0000 0.0000 20.0000 0.0000 0.0000 10.0000 0.0000 0.0000 0.0000 0.0000 0.0000 20.0000 0.0000 0.0000 10.0000 0.0000 0.0000 0.0000 0.0000 0.0000 20.0000 0.0000 0.0000 10.0000 0.0000 0.0000 0.0000 0.0000 0.0000 20.0000 0.0000 0.0000 10.0000 0.0000 0.0000 0.0000 0.0000 0.0000 41.0786 -19.9495 50.2919 -407.6596 19.1045 -372.5608 0.0000 0.0000 0.0000 0.0000 0.0000 0.0000 10.0000 0.0000 0.0000 10.0000 0.0000 0.0000 0.0000 0.0000 0.0000 20.0000 0.0000 0.0000 10.0000 0.0000 0.0000 0.0000 0.0000 0.0000 20.0000 0.0000 0.0000 10.0000 0.0000 0.0000 0.0000 0.0000 0.0000 20.0000 0.0000 0.0000 10.0000 0.0000 0.0000 0.0000 0.0000 0.0000 20.0000 0.0000 0.0000 10.0000 0.0000 0.0000 0.0000 0.0000 0.0000 0.0000 0.0000 0.0000 0.0000 0.0000 0.0000 0.0000 0.0000 0.0000 0.0000 0.0000 0.0000 0.0000 0.0000 0.0000
0.0000 95.0000 0.0000 0.0000 0.0000 0.0000 0.0000 0.0000 0.0000 0.0000 0.0000 0.0000 0.0000 0.0000 0.0000 0.0000 0.0000 0.0000 0.0000 0.0000 0.0000 0.0000 0.0000 0.0000 -6.7500 -5.6429 -79.7705 1.2067 0.5909 3.6785 0.0000 0.0000 0.0000 0.0000 0.0000 0.0000 10.0000 0.0000 0.0000 10.0000 0.0000 0.0000 0.0000 0.0000 0.0000 20.0000 0.0000 0.0000 10.0000 0.0000 0.0000 0.0000 0.0000 0.0000 20.0000 0.0000 0.0000 10.0000 0.0000 0.0000 0.0000 0.0000 0.0000 20.0000 0.0000 0.0000 10.0000 0.0000 0.0000 0.0000 0.0000 0.0000 20.0000 0.0000 0.0000 10.0000 0.0000 0.0000 0.0000 0.0000 0.0000 42.1597 -19.5341 48.1286 -408.7092 19.2505 -371.9091 0.0000 0.0000 0.0000 0.0000 0.0000 0.0000 10.0000 0.0000 0.0000 10.0000 0.0000 0.0000 0.0000 0.0000 0.0000 20.0000 0.0000 0.0000 10.0000 0.0000 0.0000 0.0000 0.0000 0.0000 20.0000 0.0000 0.0000 10.0000 0.0000 0.0000 0.0000 0.0000 0.0000 20.0000 0.0000 0.0000 10.0000 0.0000 0.0000 0.0000 0.0000 0.0000 20.0000 0.0000 0.0000 10.0000 0.0000 0.0000 0.0000 0.0000 0.0000 0.0000 0.0000 0.0000 0.0000 0.0000 0.0000 0.0000 0.0000 0.0000 0.0000 0.0000 0.0000 0.0000 0.0000 0.0000
0.0000 95.0000 0.0000 0.0000 0.0000 0.0000 0.0000 0.0000 0.0000 0.0000 0.0000 0.0000 0.0000 0.0000 0.0000 0.0000 0.0000 0.0000 0.0000 0.0000 0.0000 0.0000 0.0000 0.0000 -7.0725 -5.8751 -79.4101 1.4641 0.8275 3.2162 0.0000 0.0000 0.0000 0.0000 0.0000 0.0000 10.0000 0.0000 0.0000 10.0000 0.0000 0.0000 0.0000 0.0000 0.0000 20.0000 0.0000 0.0000 10.0000 0.0000 0.0000 0.0000 0.0000 0.0000 20.0000 0.0000 0.0000 10.0000 0.0000 0.0000 0.0000 0.0000 0.0000 20.0000 0.0000 0.0000 10.0000 0.0000 0.0000 0.0000 0.0000 0.0000 20.0000 0.0000 0.0000 10.0000 0.0000 0.0000 0.0000 0.0000 0.0000 43.1541 -19.0074 45.8880 -409.7218 19.2906 -371.2361 0.0000 0.0000 0.0000 0.0000 0.0000 0.0000 10.0000 0.0000 0.0000 10.0000 0.0000 0.0000 0.0000 0.0000 0.0000 20.0000 0.0000 0.0000 10.0000 0.0000 0.0000 0.0000 0.0000 0.0000 20.0000 0.0000 0.0000 10.0000 0.0000 0.0000 0.0000 0.0000 0.0000 20.0000 0.0000 0.0000 10.0000 0.0000 0.0000 0.0000 0.0000 0.0000 20.0000 0.0000 0.0000 10.0000 0.0000 0.0000 0.0000 0.0000 0.0000 0.0000 0.0000 0.0000 0.0000 0.0000 0.0000 0.0000 0.0000 0.0000 0.0000 0.0000 0.0000 0.0000 0.0000 0.0000
0.0000 95.0000 0.0000 0.0000 0.0000 0.0000 0.0000 0.0000 0.0000 0.0000 0.0000 0.0000 0.0000 0.0000 0.0000 0.0000 0.0000 0.0000 0.0000 0.0000 0.0000 0.0000 0.0000 0.0000 -7.3950 -6.1003 -79.0151 1.7060 1.0627 2.7054 0.0000 0.0000 0.0000 0.0000 0.0000 0.0000 10.0000 0.0000 0.0000 10.0000 0.0000 0.0000 0.0000 0.0000 0.0000 20.0000 0.0000 0.0000 10.0000 0.0000 0.0000 0.0000 0.0000 0.0000 20.0000 0.0000 0.0000 10.0000 0.0000 0.0000 0.0000 0.0000 0.0000 20.0000 0.0000 0.0000 10.0000 0.0000 0.0000 0.0000 0.0000 0.0000 20.0000 0.0000 0.0000 10.0000 0.0000 0.0000 0.0000 0.0000 0.0000 44.3984 -18.2939 43.0653 -411.0357 19.2411 -370.4479 0.0000 0.0000 0.0000 0.0000 0.0000 0.0000 10.0000 0.0000 0.0000 10.0000 0.0000 0.0000 0.0000 0.0000 0.0000 20.0000 0.0000 0.0000 10.0000 0.0000 0.0000 0.0000 0.0000 0.0000 20.0000 0.0000 0.0000 10.0000 0.0000 0.0000 0.0000 0.0000 0.0000 20.0000 0.0000 0.0000 10.0000 0.0000 0.0000 0.0000 0.0000 0.0000 20.0000 0.0000 0.0000 10.0000 0.0000 0.0000 0.0000 0.0000 0.0000 0.0000 0.0000 0.0000 0.0000 0.0000 0.0000 0.0000 0.0000 0.0000 0.0000 0.0000 0.0000 0.0000 0.0000 0.0000
0.0000 95.0000 0.0000 0.0000 0.0000 0.0000 0.0000 0.0000 0.0000 0.0000 0.0000 0.0000 0.0000 0.0000 0.0000 0.0000 0.0000 0.0000 0.0000 0.0000 0.0000 0.0000 0.0000 0.0000 -7.7327 -6.3286 -78.5672 1.9482 1.3114 2.1283 0.0000 0.0000 0.0000 0.0000 0.0000 0.0000 10.0000 0.0000 0.0000 10.0000 0.0000 0.0000 0.0000 0.0000 0.0000 20.0000 0.0000 0.0000 10.0000 0.0000 0.0000 0.0000 0.0000 0.0000 20.0000 0.0000 0.0000 10.0000 0.0000 0.0000 0.0000 0.0000 0.0000 20.0000 0.0000 0.0000 10.0000 0.0000 0.0000 0.0000 0.0000 0.0000 20.0000 0.0000 0.0000 10.0000 0.0000 0.0000 0.0000 0.0000 0.0000 45.7803 -17.3628 39.7639 -412.5212 19.1154 -369.4742 0.0000 0.0000 0.0000 0.0000 0.0000 0.0000 10.0000 0.0000 0.0000 10.0000 0.0000 0.0000 0.0000 0.0000 0.0000 20.0000 0.0000 0.0000 10.0000 0.0000 0.0000 0.0000 0.0000 0.0000 20.0000 0.0000 0.0000 10.0000 0.0000 0.0000 0.0000 0.0000 0.0000 20.0000 0.0000 0.0000 10.0000 0.0000 0.0000 0.0000 0.0000 0.0000 20.0000 0.0000 0.0000 10.0000 0.0000 0.0000 0.0000 0.0000 0.0000 0.0000 0.0000 0.0000 0.0000 0.0000 0.0000 0.0000 0.0000 0.0000 0.0000 0.0000 0.0000 0.0000 0.0000 0.0000
0.0000 95.0000 0.0000 0.0000 0.0000 0.0000 0.0000 0.0000 0.0000 0.0000 0.0000 0.0000 0.0000 0.0000 0.0000 0.0000 0.0000 0.0000 0.0000 0.0000 0.0000 0.0000 0.0000 0.0000 -8.0874 -6.5609 -78.0695 2.1852 1.5664 1.5134 0.0000 0.0000 0.0000 0.0000 0.0000 0.0000 10.0000 0.0000 0.0000 10.0000 0.0000 0.0000 0.0000 0.0000 0.0000 20.0000 0.0000 0.0000 10.0000 0.0000 0.0000 0.0000 0.0000 0.0000 20.0000 0.0000 0.0000 10.0000 0.0000 0.0000 0.0000 0.0000 0.0000 20.0000 0.0000 0.0000 10.0000 0.0000 0.0000 0.0000 0.0000 0.0000 20.0000 0.0000 0.0000 10.0000 0.0000 0.0000 0.0000 0.0000 0.0000 47.1741 -16.2013 36.1105 -414.0403 18.9315 -368.2628 0.0000 0.0000 0.0000 0.0000 0.0000 0.0000 10.0000 0.0000 0.0000 10.0000 0.0000 0.0000 0.0000 0.0000 0.0000 20.0000 0.0000 0.0000 10.0000 0.0000 0.0000 0.0000 0.0000 0.0000 20.0000 0.0000 0.0000 10.0000 0.0000 0.0000 0.0000 0.0000 0.0000 20.0000 0.0000 0.0000 10.0000 0.0000 0.0000 0.0000 0.0000 0.0000 20.0000 0.0000 0.0000 10.0000 0.0000 0.0000 0.0000 0.0000 0.0000 0.0000 0.0000 0.0000 0.0000 0.0000 0.0000 0.0000 0.0000 0.0000 0.0000 0.0000 0.0000 0.0000 0.0000 0.0000
0.0000 95.0000 0.0000 0.0000 0.0000 0.0000 0.0000 0.0000 0.0000 0.0000 0.0000 0.0000 0.0000 0.0000 0.0000 0.0000 0.0000 0.0000 0.0000 0.0000 0.0000 0.0000 0.0000 0.0000 -8.4579 -6.7959 -77.5278 2.4174 1.8288 0.8627 0.0000 0.0000 0.0000 0.0000 0.0000 0.0000 10.0000 0.0000 0.0000 10.0000 0.0000 0.0000 0.0000 0.0000 0.0000 20.0000 0.0000 0.0000 10.0000 0.0000 0.0000 0.0000 0.0000 0.0000 20.0000 0.0000 0.0000 10.0000 0.0000 0.0000 0.0000 0.0000 0.0000 20.0000 0.0000 0.0000 10.0000 0.0000 0.0000 0.0000 0.0000 0.0000 20.0000 0.0000 0.0000 10.0000 0.0000 0.0000 0.0000 0.0000 0.0000 48.4668 -14.8188 32.2292 -415.4798 18.6972 -366.8015 0.0000 0.0000 0.0000 0.0000 0.0000 0.0000 10.0000 0.0000 0.0000 10.0000 0.0000 0.0000 0.0000 0.0000 0.0000 20.0000 0.0000 0.0000 10.0000 0.0000 0.0000 0.0000 0.0000 0.0000 20.0000 0.0000 0.0000 10.0000 0.0000 0.0000 0.0000 0.0000 0.0000 20.0000 0.0000 0.0000 10.0000 0.0000 0.0000 0.0000 0.0000 0.0000 20.0000 0.0000 0.0000 10.0000 0.0000 0.0000 0.0000 0.0000 0.0000 0.0000 0.0000 0.0000 0.0000 0.0000 0.0000 0.0000 0.0000 0.0000 0.0000 0.0000 0.0000 0.0000 0.0000 0.0000
0.0000 95.0000 0.0000 0.0000 0.0000 0.0000 0.0000 0.0000 0.0000 0.0000 0.0000 0.0000 0.0000 0.0000 0.0000 0.0000 0.0000 0.0000 0.0000 0.0000 0.0000 0.0000 0.0000 0.0000 -8.8429 -7.0325 -76.9472 2.6455 2.1000 0.1778 0.0000 0.0000 0.0000 0.0000 0.0000 0.0000 10.0000 0.0000 0.0000 10.0000 0.0000 0.0000 0.0000 0.0000 0.0000 20.0000 0.0000 0.0000 10.0000 0.0000 0.0000 0.0000 0.0000 0.0000 20.0000 0.0000 0.0000 10.0000 0.0000 0.0000 0.0000 0.0000 0.0000 20.0000 0.0000 0.0000 10.0000 0.0000 0.0000 0.0000 0.0000 0.0000 20.0000 0.0000 0.0000 10.0000 0.0000 0.0000 0.0000 0.0000 0.0000 49.5715 -13.2440 28.2247 -416.7610 18.4042 -365.1147 0.0000 0.0000 0.0000 0.0000 0.0000 0.0000 10.0000 0.0000 0.0000 10.0000 0.0000 0.0000 0.0000 0.0000 0.0000 20.0000 0.0000 0.0000 10.0000 0.0000 0.0000 0.0000 0.0000 0.0000 20.0000 0.0000 0.0000 10.0000 0.0000 0.0000 0.0000 0.0000 0.0000 20.0000 0.0000 0.0000 10.0000 0.0000 0.0000 0.0000 0.0000 0.0000 20.0000 0.0000 0.0000 10.0000 0.0000 0.0000 0.0000 0.0000 0.0000 0.0000 0.0000 0.0000 0.0000 0.0000 0.0000 0.0000 0.0000 0.0000 0.0000 0.0000 0.0000 0.0000 0.0000 0.0000
0.0000 95.0000 0.0000 0.0000 0.0000 0.0000 0.0000 0.0000 0.0000 0.0000 0.0000 0.0000 0.0000 0.0000 0.0000 0.0000 0.0000 0.0000 0.0000 0.0000 0.0000 0.0000 0.0000 0.0000 -9.2416 -7.2695 -76.3316 2.8699 2.3809 -0.5400 0.0000 0.0000 0.0000 0.0000 0.0000 0.0000 10.0000 0.0000 0.0000 10.0000 0.0000 0.0000 0.0000 0.0000 0.0000 20.0000 0.0000 0.0000 10.0000 0.0000 0.0000 0.0000 0.0000 0.0000 20.0000 0.0000 0.0000 10.0000 0.0000 0.0000 0.0000 0.0000 0.0000 20.0000 0.0000 0.0000 10.0000 0.0000 0.0000 0.0000 0.0000 0.0000 20.0000 0.0000 0.0000 10.0000 0.0000 0.0000 0.0000 0.0000 0.0000 50.4314 -11.5176 24.1763 -417.8362 18.0300 -363.2514 0.0000 0.0000 0.0000 0.0000 0.0000 0.0000 10.0000 0.0000 0.0000 10.0000 0.0000 0.0000 0.0000 0.0000 0.0000 20.0000 0.0000 0.0000 10.0000 0.0000 0.0000 0.0000 0.0000 0.0000 20.0000 0.0000 0.0000 10.0000 0.0000 0.0000 0.0000 0.0000 0.0000 20.0000 0.0000 0.0000 10.0000 0.0000 0.0000 0.0000 0.0000 0.0000 20.0000 0.0000 0.0000 10.0000 0.0000 0.0000 0.0000 0.0000 0.0000 0.0000 0.0000 0.0000 0.0000 0.0000 0.0000 0.0000 0.0000 0.0000 0.0000 0.0000 0.0000 0.0000 0.0000 0.0000
0.0000 95.0000 0.0000 0.0000 0.0000 0.0000 0.0000 0.0000 0.0000 0.0000 0.0000 0.0000 0.0000 0.0000 0.0000 0.0000 0.0000 0.0000 0.0000 0.0000 0.0000 0.0000 0.0000 0.0000 -9.6531 -7.5061 -75.6837 3.0907 2.6724 -1.2898 0.0000 0.0000 0.0000 0.0000 0.0000 0.0000 10.0000 0.0000 0.0000 10.0000 0.0000 0.0000 0.0000 0.0000 0.0000 20.0000 0.0000 0.0000 10.0000 0.0000 0.0000 0.0000 0.0000 0.0000 20.0000 0.0000 0.0000 10.0000 0.0000 0.0000 0.0000 0.0000 0.0000 20.0000 0.0000 0.0000 10.0000 0.0000 0.0000 0.0000 0.0000 0.0000 20.0000 0.0000 0.0000 10.0000 0.0000 0.0000 0.0000 0.0000 0.0000 51.0158 -9.6864 20.1393 -418.6829 17.5448 -361.2724 0.0000 0.0000 0.0000 0.0000 0.0000 0.0000 10.0000 0.0000 0.0000 10.0000 0.0000 0.0000 0.0000 0.0000 0.0000 20.0000 0.0000 0.0000 10.0000 0.0000 0.0000 0.0000 0.0000 0.0000 20.0000 0.0000 0.0000 10.0000 0.0000 0.0000 0.0000 0.0000 0.0000 20.0000 0.0000 0.0000 10.0000 0.0000 0.0000 0.0000 0.0000 0.0000 20.0000 0.0000 0.0000 10.0000 0.0000 0.0000 0.0000 0.0000 0.0000 0.0000 0.0000 0.0000 0.0000 0.0000 0.0000 0.0000 0.0000 0.0000 0.0000 0.0000 0.0000 0.0000 0.0000 0.0000
0.0000 95.0000 0.0000 0.0000 0.0000 0.0000 0.0000 0.0000 0.0000 0.0000 0.0000 0.0000 0.0000 0.0000 0.0000 0.0000 0.0000 0.0000 0.0000 0.0000 0.0000 0.0000 0.0000 0.0000 -10.0771 -7.7413 -75.0048 3.3078 2.9752 -2.0716 0.0000 0.0000 0.0000 0.0000 0.0000 0.0000 10.0000 0.0000 0.0000 10.0000 0.0000 0.0000 0.0000 0.0000 0.0000 20.0000 0.0000 0.0000 10.0000 0.0000 0.0000 0.0000 0.0000 0.0000 20.0000 0.0000 0.0000 10.0000 0.0000 0.0000 0.0000 0.0000 0.0000 20.0000 0.0000 0.0000 10.0000 0.0000 0.0000 0.0000 0.0000 0.0000 20.0000 0.0000 0.0000 10.0000 0.0000 0.0000 0.0000 0.0000 0.0000 51.3149 -7.7975 16.1502 -419.2960 16.9187 -359.2416 0.0000 0.0000 0.0000 0.0000 0.0000 0.0000 10.0000 0.0000 0.0000 10.0000 0.0000 0.0000 0.0000 0.0000 0.0000 20.0000 0.0000 0.0000 10.0000 0.0000 0.0000 0.0000 0.0000 0.0000 20.0000 0.0000 0.0000 10.0000 0.0000 0.0000 0.0000 0.0000 0.0000 20.0000 0.0000 0.0000 10.0000 0.0000 0.0000 0.0000 0.0000 0.0000 20.0000 0.0000 0.0000 10.0000 0.0000 0.0000 0.0000 0.0000 0.0000 0.0000 0.0000 0.0000 0.0000 0.0000 0.0000 0.0000 0.0000 0.0000 0.0000 0.0000 0.0000 0.0000 0.0000 0.0000
0.0000 95.0000 0.0000 0.0000 0.0000 0.0000 0.0000 0.0000 0.0000 0.0000 0.0000 0.0000 0.0000 0.0000 0.0000 0.0000 0.0000 0.0000 0.0000 0.0000 0.0000 0.0000 0.0000 0.0000 -10.5135 -7.9747 -74.2962 3.5208 3.2899 -2.8843 0.0000 0.0000 0.0000 0.0000 0.0000 0.0000 10.0000 0.0000 0.0000 10.0000 0.0000 0.0000 0.0000 0.0000 0.0000 20.0000 0.0000 0.0000 10.0000 0.0000 0.0000 0.0000 0.0000 0.0000 20.0000 0.0000 0.0000 10.0000 0.0000 0.0000 0.0000 0.0000 0.0000 20.0000 0.0000 0.0000 10.0000 0.0000 0.0000 0.0000 0.0000 0.0000 20.0000 0.0000 0.0000 10.0000 0.0000 0.0000 0.0000 0.0000 0.0000 51.3339 -5.8959 12.2330 -419.6815 16.1269 -357.2208 0.0000 0.0000 0.0000 0.0000 0.0000 0.0000 10.0000 0.0000 0.0000 10.0000 0.0000 0.0000 0.0000 0.0000 0.0000 20.0000 0.0000 0.0000 10.0000 0.0000 0.0000 0.0000 0.0000 0.0000 20.0000 0.0000 0.0000 10.0000 0.0000 0.0000 0.0000 0.0000 0.0000 20.0000 0.0000 0.0000 10.0000 0.0000 0.0000 0.0000 0.0000 0.0000 20.0000 0.0000 0.0000 10.0000 0.0000 0.0000 0.0000 0.0000 0.0000 0.0000 0.0000 0.0000 0.0000 0.0000 0.0000 0.0000 0.0000 0.0000 0.0000 0.0000 0.0000 0.0000 0.0000 0.0000
0.0000 95.0000 0.0000 0.0000 0.0000 0.0000 0.0000 0.0000 0.0000 0.0000 0.0000 0.0000 0.0000 0.0000 0.0000 0.0000 0.0000 0.0000 0.0000 0.0000 0.0000 0.0000 0.0000 0.0000 -10.9622 -8.2056 -73.5584 3.7297 3.6170 -3.7272 0.0000 0.0000 0.0000 0.0000 0.0000 0.0000 10.0000 0.0000 0.0000 10.0000 0.0000 0.0000 0.0000 0.0000 0.0000 20.0000 0.0000 0.0000 10.0000 0.0000 0.0000 0.0000 0.0000 0.0000 20.0000 0.0000 0.0000 10.0000 0.0000 0.0000 0.0000 0.0000 0.0000 20.0000 0.0000 0.0000 10.0000 0.0000 0.0000 0.0000 0.0000 0.0000 20.0000 0.0000 0.0000 10.0000 0.0000 0.0000 0.0000 0.0000 0.0000 51.0882 -4.0218 8.4036 -419.8515 15.1531 -355.2673 0.0000 0.0000 0.0000 0.0000 0.0000 0.0000 10.0000 0.0000 0.0000 10.0000 0.0000 0.0000 0.0000 0.0000 0.0000 20.0000 0.0000 0.0000 10.0000 0.0000 0.0000 0.0000 0.0000 0.0000 20.0000 0.0000 0.0000 10.0000 0.0000 0.0000 0.0000 0.0000 0.0000 20.0000 0.0000 0.0000 10.0000 0.0000 0.0000 0.0000 0.0000 0.0000 20.0000 0.0000 0.0000 10.0000 0.0000 0.0000 0.0000 0.0000 0.0000 0.0000 0.0000 0.0000 0.0000 0.0000 0.0000 0.0000 0.0000 0.0000 0.0000 0.0000 0.0000 0.0000 0.0000 0.0000
0.0000 95.0000 0.0000 0.0000 0.0000 0.0000 0.0000 0.0000 0.0000 0.0000 0.0000 0.0000 0.0000 0.0000 0.0000 0.0000 0.0000 0.0000 0.0000 0.0000 0.0000 0.0000 0.0000 0.0000 -11.4237 -8.4337 -72.7913 3.9341 3.9571 -4.5999 0.0000 0.0000 0.0000 0.0000 0.0000 0.0000 10.0000 0.0000 0.0000 10.0000 0.0000 0.0000 0.0000 0.0000 0.0000 20.0000 0.0000 0.0000 10.0000 0.0000 0.0000 0.0000 0.0000 0.0000 20.0000 0.0000 0.0000 10.0000 0.0000 0.0000 0.0000 0.0000 0.0000 20.0000 0.0000 0.0000 10.0000 0.0000 0.0000 0.0000 0.0000 0.0000 20.0000 0.0000 0.0000 10.0000 0.0000 0.0000 0.0000 0.0000 0.0000 50.6003 -2.2105 4.6743 -419.8211 13.9917 -353.4321 0.0000 0.0000 0.0000 0.0000 0.0000 0.0000 10.0000 0.0000 0.0000 10.0000 0.0000 0.0000 0.0000 0.0000 0.0000 20.0000 0.0000 0.0000 10.0000 0.0000 0.0000 0.0000 0.0000 0.0000 20.0000 0.0000 0.0000 10.0000 0.0000 0.0000 0.0000 0.0000 0.0000 20.0000 0.0000 0.0000 10.0000 0.0000 0.0000 0.0000 0.0000 0.0000 20.0000 0.0000 0.0000 10.0000 0.0000 0.0000 0.0000 0.0000 0.0000 0.0000 0.0000 0.0000 0.0000 0.0000 0.0000 0.0000 0.0000 0.0000 0.0000 0.0000 0.0000 0.0000 0.0000 0.0000
0.0000 95.0000 0.0000 0.0000 0.0000 0.0000 0.0000 0.0000 0.0000 0.0000 0.0000 0.0000 0.0000 0.0000 0.0000 0.0000 0.0000 0.0000 0.0000 0.0000 0.0000 0.0000 0.0000 0.0000 -11.8982 -8.6583 -71.9946 4.1335 4.3107 -5.5026 0.0000 0.0000 0.0000 0.0000 0.0000 0.0000 10.0000 0.0000 0.0000 10.0000 0.0000 0.0000 0.0000 0.0000 0.0000 20.0000 0.0000 0.0000 10.0000 0.0000 0.0000 0.0000 0.0000 0.0000 20.0000 0.0000 0.0000 10.0000 0.0000 0.0000 0.0000 0.0000 0.0000 20.0000 0.0000 0.0000 10.0000 0.0000 0.0000 0.0000 0.0000 0.0000 20.0000 0.0000 0.0000 10.0000 0.0000 0.0000 0.0000 0.0000 0.0000 49.8975 -0.4909 1.0551 -419.6068 12.6479 -351.7587 0.0000 0.0000 0.0000 0.0000 0.0000 0.0000 10.0000 0.0000 0.0000 10.0000 0.0000 0.0000 0.0000 0.0000 0.0000 20.0000 0.0000 0.0000 10.0000 0.0000 0.0000 0.0000 0.0000 0.0000 20.0000 0.0000 0.0000 10.0000 0.0000 0.0000 0.0000 0.0000 0.0000 20.0000 0.0000 0.0000 10.0000 0.0000 0.0000 0.0000 0.0000 0.0000 20.0000 0.0000 0.0000 10.0000 0.0000 0.0000 0.0000 0.0000 0.0000 0.0000 0.0000 0.0000 0.0000 0.0000 0.0000 0.0000 0.0000 0.0000 0.0000 0.0000 0.0000 0.0000 0.0000 0.0000
0.0000 95.0000 0.0000 0.0000 0.0000 0.0000 0.0000 0.0000 0.0000 0.0000 0.0000 0.0000 0.0000 0.0000 0.0000 0.0000 0.0000 0.0000 0.0000 0.0000 0.0000 0.0000 0.0000 0.0000 -12.3861 -8.8791 -71.1673 4.3274 4.6782 -6.4355 0.0000 0.0000 0.0000 0.0000 0.0000 0.0000 10.0000 0.0000 0.0000 10.0000 0.0000 0.0000 0.0000 0.0000 0.0000 20.0000 0.0000 0.0000 10.0000 0.0000 0.0000 0.0000 0.0000 0.0000 20.0000 0.0000 0.0000 10.0000 0.0000 0.0000 0.0000 0.0000 0.0000 20.0000 0.0000 0.0000 10.0000 0.0000 0.0000 0.0000 0.0000 0.0000 20.0000 0.0000 0.0000 10.0000 0.0000 0.0000 0.0000 0.0000 0.0000 49.0104 1.1147 -2.4450 -419.2255 11.1377 -350.2817 0.0000 0.0000 0.0000 0.0000 0.0000 0.0000 10.0000 0.0000 0.0000 10.0000 0.0000 0.0000 0.0000 0.0000 0.0000 20.0000 0.0000 0.0000 10.0000 0.0000 0.0000 0.0000 0.0000 0.0000 20.0000 0.0000 0.0000 10.0000 0.0000 0.0000 0.0000 0.0000 0.0000 20.0000 0.0000 0.0000 10.0000 0.0000 0.0000 0.0000 0.0000 0.0000 20.0000 0.0000 0.0000 10.0000 0.0000 0.0000 0.0000 0.0000 0.0000 0.0000 0.0000 0.0000 0.0000 0.0000 0.0000 0.0000 0.0000 0.0000 0.0000 0.0000 0.0000 0.0000 0.0000 0.0000
0.0000 95.0000 0.0000 0.0000 0.0000 0.0000 0.0000 0.0000 0.0000 0.0000 0.0000 0.0000 0.0000 0.0000 0.0000 0.0000 0.0000 0.0000 0.0000 0.0000 0.0000 0.0000 0.0000 0.0000 -12.0960 -8.8295 -72.1599 5.2716 4.9221 -4.0535 0.0000 0.0000 0.0000 0.0000 0.0000 0.0000 10.0000 0.0000 0.0000 10.0000 0.0000 0.0000 0.0000 0.0000 0.0000 20.0000 0.0000 0.0000 10.0000 0.0000 0.0000 0.0000 0.0000 0.0000 20.0000 0.0000 0.0000 10.0000 0.0000 0.0000 0.0000 0.0000 0.0000 20.0000 0.0000 0.0000 10.0000 0.0000 0.0000 0.0000 0.0000 0.0000 20.0000 0.0000 0.0000 10.0000 0.0000 0.0000 0.0000 0.0000 0.0000 44.8691 -2.4009 5.8108 -418.4954 15.8775 -351.4038 0.0000 0.0000 0.0000 0.0000 0.0000 0.0000 10.0000 0.0000 0.0000 10.0000 0.0000 0.0000 0.0000 0.0000 0.0000 20.0000 0.0000 0.0000 10.0000 0.0000 0.0000 0.0000 0.0000 0.0000 20.0000 0.0000 0.0000 10.0000 0.0000 0.0000 0.0000 0.0000 0.0000 20.0000 0.0000 0.0000 10.0000 0.0000 0.0000 0.0000 0.0000 0.0000 20.0000 0.0000 0.0000 10.0000 0.0000 0.0000 0.0000 0.0000 0.0000 0.0000 0.0000 0.0000 0.0000 0.0000 0.0000 0.0000 0.0000 0.0000 0.0000 0.0000 0.0000 0.0000 0.0000 0.0000
0.0000 95.0000 0.0000 0.0000 0.0000 0.0000 0.0000 0.0000 0.0000 0.0000 0.0000 0.0000 0.0000 0.0000 0.0000 0.0000 0.0000 0.0000 0.0000 0.0000 0.0000 0.0000 0.0000 0.0000 -11.5909 -8.6200 -73.1912 5.7894 4.9525 -2.2526 0.0000 0.0000 0.0000 0.0000 0.0000 0.0000 10.0000 0.0000 0.0000 10.0000 0.0000 0.0000 0.0000 0.0000 0.0000 20.0000 0.0000 0.0000 10.0000 0.0000 0.0000 0.0000 0.0000 0.0000 20.0000 0.0000 0.0000 10.0000 0.0000 0.0000 0.0000 0.0000 0.0000 20.0000 0.0000 0.0000 10.0000 0.0000 0.0000 0.0000 0.0000 0.0000 20.0000 0.0000 0.0000 10.0000 0.0000 0.0000 0.0000 0.0000 0.0000 41.8488 -4.4313 11.5561 -415.2962 22.5029 -348.0453 0.0000 0.0000 0.0000 0.0000 0.0000 0.0000 10.0000 0.0000 0.0000 10.0000 0.0000 0.0000 0.0000 0.0000 0.0000 20.0000 0.0000 0.0000 10.0000 0.0000 0.0000 0.0000 0.0000 0.0000 20.0000 0.0000 0.0000 10.0000 0.0000 0.0000 0.0000 0.0000 0.0000 20.0000 0.0000 0.0000 10.0000 0.0000 0.0000 0.0000 0.0000 0.0000 20.0000 0.0000 0.0000 10.0000 0.0000 0.0000 0.0000 0.0000 0.0000 0.0000 0.0000 0.0000 0.0000 0.0000 0.0000 0.0000 0.0000 0.0000 0.0000 0.0000 0.0000 0.0000 0.0000 0.0000
0.0000 95.0000 0.0000 0.0000 0.0000 0.0000 0.0000 0.0000 0.0000 0.0000 0.0000 0.0000 0.0000 0.0000 0.0000 0.0000 0.0000 0.0000 0.0000 0.0000 0.0000 0.0000 0.0000 0.0000 -11.6450 -8.3795 -71.3857 5.2858 5.0797 -5.0676 0.0000 0.0000 0.0000 0.0000 0.0000 0.0000 10.0000 0.0000 0.0000 10.0000 0.0000 0.0000 0.0000 0.0000 0.0000 20.0000 0.0000 0.0000 10.0000 0.0000 0.0000 0.0000 0.0000 0.0000 20.0000 0.0000 0.0000 10.0000 0.0000 0.0000 0.0000 0.0000 0.0000 20.0000 0.0000 0.0000 10.0000 0.0000 0.0000 0.0000 0.0000 0.0000 20.0000 0.0000 0.0000 10.0000 0.0000 0.0000 0.0000 0.0000 0.0000 36.5152 -5.5377 16.6802 -415.3649 28.3995 -344.5327 0.0000 0.0000 0.0000 0.0000 0.0000 0.0000 10.0000 0.0000 0.0000 10.0000 0.0000 0.0000 0.0000 0.0000 0.0000 20.0000 0.0000 0.0000 10.0000 0.0000 0.0000 0.0000 0.0000 0.0000 20.0000 0.0000 0.0000 10.0000 0.0000 0.0000 0.0000 0.0000 0.0000 20.0000 0.0000 0.0000 10.0000 0.0000 0.0000 0.0000 0.0000 0.0000 20.0000 0.0000 0.0000 10.0000 0.0000 0.0000 0.0000 0.0000 0.0000 0.0000 0.0000 0.0000 0.0000 0.0000 0.0000 0.0000 0.0000 0.0000 0.0000 0.0000 0.0000 0.0000 0.0000 0.0000
0.0000 95.0000 0.0000 0.0000 0.0000 0.0000 0.0000 0.0000 0.0000 0.0000 0.0000 0.0000 0.0000 0.0000 0.0000 0.0000 0.0000 0.0000 0.0000 0.0000 0.0000 0.0000 0.0000 0.0000 -13.1700 -9.4969 -71.4753 6.6722 6.0798 -4.0848 0.0000 0.0000 0.0000 0.0000 0.0000 0.0000 10.0000 0.0000 0.0000 10.0000 0.0000 0.0000 0.0000 0.0000 0.0000 20.0000 0.0000 0.0000 10.0000 0.0000 0.0000 0.0000 0.0000 0.0000 20.0000 0.0000 0.0000 10.0000 0.0000 0.0000 0.0000 0.0000 0.0000 20.0000 0.0000 0.0000 10.0000 0.0000 0.0000 0.0000 0.0000 0.0000 20.0000 0.0000 0.0000 10.0000 0.0000 0.0000 0.0000 0.0000 0.0000 33.4717 -5.6421 18.6133 -416.2609 31.2922 -342.4614 0.0000 0.0000 0.0000 0.0000 0.0000 0.0000 10.0000 0.0000 0.0000 10.0000 0.0000 0.0000 0.0000 0.0000 0.0000 20.0000 0.0000 0.0000 10.0000 0.0000 0.0000 0.0000 0.0000 0.0000 20.0000 0.0000 0.0000 10.0000 0.0000 0.0000 0.0000 0.0000 0.0000 20.0000 0.0000 0.0000 10.0000 0.0000 0.0000 0.0000 0.0000 0.0000 20.0000 0.0000 0.0000 10.0000 0.0000 0.0000 0.0000 0.0000 0.0000 0.0000 0.0000 0.0000 0.0000 0.0000 0.0000 0.0000 0.0000 0.0000 0.0000 0.0000 0.0000 0.0000 0.0000 0.0000
0.0000 95.0000 0.0000 0.0000 0.0000 0.0000 0.0000 0.0000 0.0000 0.0000 0.0000 0.0000 0.0000 0.0000 0.0000 0.0000 0.0000 0.0000 0.0000 0.0000 0.0000 0.0000 0.0000 0.0000 -14.6019 -10.5335 -71.4699 8.0207 7.1077 -3.5030 0.0000 0.0000 0.0000 0.0000 0.0000 0.0000 10.0000 0.0000 0.0000 10.0000 0.0000 0.0000 0.0000 0.0000 0.0000 20.0000 0.0000 0.0000 10.0000 0.0000 0.0000 0.0000 0.0000 0.0000 20.0000 0.0000 0.0000 10.0000 0.0000 0.0000 0.0000 0.0000 0.0000 20.0000 0.0000 0.0000 10.0000 0.0000 0.0000 0.0000 0.0000 0.0000 20.0000 0.0000 0.0000 10.0000 0.0000 0.0000 0.0000 0.0000 0.0000 31.2324 -5.5251 19.5895 -417.4682 32.7513 -341.5142 0.0000 0.0000 0.0000 0.0000 0.0000 0.0000 10.0000 0.0000 0.0000 10.0000 0.0000 0.0000 0.0000 0.0000 0.0000 20.0000 0.0000 0.0000 10.0000 0.0000 0.0000 0.0000 0.0000 0.0000 20.0000 0.0000 0.0000 10.0000 0.0000 0.0000 0.0000 0.0000 0.0000 20.0000 0.0000 0.0000 10.0000 0.0000 0.0000 0.0000 0.0000 0.0000 20.0000 0.0000 0.0000 10.0000 0.0000 0.0000 0.0000 0.0000 0.0000 0.0000 0.0000 0.0000 0.0000 0.0000 0.0000 0.0000 0.0000 0.0000 0.0000 0.0000 0.0000 0.0000 0.0000 0.0000
0.0000 95.0000 0.0000 0.0000 0.0000 0.0000 0.0000 0.0000 0.0000 0.0000 0.0000 0.0000 0.0000 0.0000 0.0000 0.0000 0.0000 0.0000 0.0000 0.0000 0.0000 0.0000 0.0000 0.0000 -12.3440 -9.0816 -72.5873 5.7044 5.0539 -2.9801 0.0000 0.0000 0.0000 0.0000 0.0000 0.0000 10.0000 0.0000 0.0000 10.0000 0.0000 0.0000 0.0000 0.0000 0.0000 20.0000 0.0000 0.0000 10.0000 0.0000 0.0000 0.0000 0.0000 0.0000 20.0000 0.0000 0.0000 10.0000 0.0000 0.0000 0.0000 0.0000 0.0000 20.0000 0.0000 0.0000 10.0000 0.0000 0.0000 0.0000 0.0000 0.0000 20.0000 0.0000 0.0000 10.0000 0.0000 0.0000 0.0000 0.0000 0.0000 28.5188 -5.0750 19.7832 -417.2976 31.6107 -341.4230 0.0000 0.0000 0.0000 0.0000 0.0000 0.0000 10.0000 0.0000 0.0000 10.0000 0.0000 0.0000 0.0000 0.0000 0.0000 20.0000 0.0000 0.0000 10.0000 0.0000 0.0000 0.0000 0.0000 0.0000 20.0000 0.0000 0.0000 10.0000 0.0000 0.0000 0.0000 0.0000 0.0000 20.0000 0.0000 0.0000 10.0000 0.0000 0.0000 0.0000 0.0000 0.0000 20.0000 0.0000 0.0000 10.0000 0.0000 0.0000 0.0000 0.0000 0.0000 0.0000 0.0000 0.0000 0.0000 0.0000 0.0000 0.0000 0.0000 0.0000 0.0000 0.0000 0.0000 0.0000 0.0000 0.0000
0.0000 95.0000 0.0000 0.0000 0.0000 0.0000 0.0000 0.0000 0.0000 0.0000 0.0000 0.0000 0.0000 0.0000 0.0000 0.0000 0.0000 0.0000 0.0000 0.0000 0.0000 0.0000 0.0000 0.0000 -12.6369 -9.4572 -73.5224 7.0772 5.8432 -1.4210 0.0000 0.0000 0.0000 0.0000 0.0000 0.0000 10.0000 0.0000 0.0000 10.0000 0.0000 0.0000 0.0000 0.0000 0.0000 20.0000 0.0000 0.0000 10.0000 0.0000 0.0000 0.0000 0.0000 0.0000 20.0000 0.0000 0.0000 10.0000 0.0000 0.0000 0.0000 0.0000 0.0000 20.0000 0.0000 0.0000 10.0000 0.0000 0.0000 0.0000 0.0000 0.0000 20.0000 0.0000 0.0000 10.0000 0.0000 0.0000 0.0000 0.0000 0.0000 27.6838 -4.8474 19.4944 -417.0346 30.0618 -342.2381 0.0000 0.0000 0.0000 0.0000 0.0000 0.0000 10.0000 0.0000 0.0000 10.0000 0.0000 0.0000 0.0000 0.0000 0.0000 20.0000 0.0000 0.0000 10.0000 0.0000 0.0000 0.0000 0.0000 0.0000 20.0000 0.0000 0.0000 10.0000 0.0000 0.0000 0.0000 0.0000 0.0000 20.0000 0.0000 0.0000 10.0000 0.0000 0.0000 0.0000 0.0000 0.0000 20.0000 0.0000 0.0000 10.0000 0.0000 0.0000 0.0000 0.0000 0.0000 0.0000 0.0000 0.0000 0.0000 0.0000 0.0000 0.0000 0.0000 0.0000 0.0000 0.0000 0.0000 0.0000 0.0000 0.0000
0.0000 95.0000 0.0000 0.0000 0.0000 0.0000 0.0000 0.0000 0.0000 0.0000 0.0000 0.0000 0.0000 0.0000 0.0000 0.0000 0.0000 0.0000 0.0000 0.0000 0.0000 0.0000 0.0000 0.0000 -12.7052 -9.6294 -74.2211 7.8335 6.1235 -0.0104 0.0000 0.0000 0.0000 0.0000 0.0000 0.0000 10.0000 0.0000 0.0000 10.0000 0.0000 0.0000 0.0000 0.0000 0.0000 20.0000 0.0000 0.0000 10.0000 0.0000 0.0000 0.0000 0.0000 0.0000 20.0000 0.0000 0.0000 10.0000 0.0000 0.0000 0.0000 0.0000 0.0000 20.0000 0.0000 0.0000 10.0000 0.0000 0.0000 0.0000 0.0000 0.0000 20.0000 0.0000 0.0000 10.0000 0.0000 0.0000 0.0000 0.0000 0.0000 26.9669 -4.7113 19.4707 -416.1991 29.0936 -342.4055 0.0000 0.0000 0.0000 0.0000 0.0000 0.0000 10.0000 0.0000 0.0000 10.0000 0.0000 0.0000 0.0000 0.0000 0.0000 20.0000 0.0000 0.0000 10.0000 0.0000 0.0000 0.0000 0.0000 0.0000 20.0000 0.0000 0.0000 10.0000 0.0000 0.0000 0.0000 0.0000 0.0000 20.0000 0.0000 0.0000 10.0000 0.0000 0.0000 0.0000 0.0000 0.0000 20.0000 0.0000 0.0000 10.0000 0.0000 0.0000 0.0000 0.0000 0.0000 0.0000 0.0000 0.0000 0.0000 0.0000 0.0000 0.0000 0.0000 0.0000 0.0000 0.0000 0.0000 0.0000 0.0000 0.0000
0.0000 95.0000 0.0000 0.0000 0.0000 0.0000 0.0000 0.0000 0.0000 0.0000 0.0000 0.0000 0.0000 0.0000 0.0000 0.0000 0.0000 0.0000 0.0000 0.0000 0.0000 0.0000 0.0000 0.0000 -12.2816 -9.2051 -73.6106 7.0076 5.6742 -1.0255 0.0000 0.0000 0.0000 0.0000 0.0000 0.0000 10.0000 0.0000 0.0000 10.0000 0.0000 0.0000 0.0000 0.0000 0.0000 20.0000 0.0000 0.0000 10.0000 0.0000 0.0000 0.0000 0.0000 0.0000 20.0000 0.0000 0.0000 10.0000 0.0000 0.0000 0.0000 0.0000 0.0000 20.0000 0.0000 0.0000 10.0000 0.0000 0.0000 0.0000 0.0000 0.0000 20.0000 0.0000 0.0000 10.0000 0.0000 0.0000 0.0000 0.0000 0.0000 25.9263 -4.2130 18.1571 -416.3676 27.1766 -343.0940 0.0000 0.0000 0.0000 0.0000 0.0000 0.0000 10.0000 0.0000 0.0000 10.0000 0.0000 0.0000 0.0000 0.0000 0.0000 20.0000 0.0000 0.0000 10.0000 0.0000 0.0000 0.0000 0.0000 0.0000 20.0000 0.0000 0.0000 10.0000 0.0000 0.0000 0.0000 0.0000 0.0000 20.0000 0.0000 0.0000 10.0000 0.0000 0.0000 0.0000 0.0000 0.0000 20.0000 0.0000 0.0000 10.0000 0.0000 0.0000 0.0000 0.0000 0.0000 0.0000 0.0000 0.0000 0.0000 0.0000 0.0000 0.0000 0.0000 0.0000 0.0000 0.0000 0.0000 0.0000 0.0000 0.0000
0.0000 95.0000 0.0000 0.0000 0.0000 0.0000 0.0000 0.0000 0.0000 0.0000 0.0000 0.0000 0.0000 0.0000 0.0000 0.0000 0.0000 0.0000 0.0000 0.0000 0.0000 0.0000 0.0000 0.0000 -13.9809 -10.1996 -72.0970 8.1660 7.1256 -3.0852 0.0000 0.0000 0.0000 0.0000 0.0000 0.0000 10.0000 0.0000 0.0000 10.0000 0.0000 0.0000 0.0000 0.0000 0.0000 20.0000 0.0000 0.0000 10.0000 0.0000 0.0000 0.0000 0.0000 0.0000 20.0000 0.0000 0.0000 10.0000 0.0000 0.0000 0.0000 0.0000 0.0000 20.0000 0.0000 0.0000 10.0000 0.0000 0.0000 0.0000 0.0000 0.0000 20.0000 0.0000 0.0000 10.0000 0.0000 0.0000 0.0000 0.0000 0.0000 24.8789 -3.6219 16.3139 -417.6220 25.3715 -343.9003 0.0000 0.0000 0.0000 0.0000 0.0000 0.0000 10.0000 0.0000 0.0000 10.0000 0.0000 0.0000 0.0000 0.0000 0.0000 20.0000 0.0000 0.0000 10.0000 0.0000 0.0000 0.0000 0.0000 0.0000 20.0000 0.0000 0.0000 10.0000 0.0000 0.0000 0.0000 0.0000 0.0000 20.0000 0.0000 0.0000 10.0000 0.0000 0.0000 0.0000 0.0000 0.0000 20.0000 0.0000 0.0000 10.0000 0.0000 0.0000 0.0000 0.0000 0.0000 0.0000 0.0000 0.0000 0.0000 0.0000 0.0000 0.0000 0.0000 0.0000 0.0000 0.0000 0.0000 0.0000 0.0000 0.0000
0.0000 95.0000 0.0000 0.0000 0.0000 0.0000 0.0000 0.0000 0.0000 0.0000 0.0000 0.0000 0.0000 0.0000 0.0000 0.0000 0.0000 0.0000 0.0000 0.0000 0.0000 0.0000 0.0000 0.0000 -15.1424 -10.7653 -70.6640 8.6773 8.1954 -5.3250 0.0000 0.0000 0.0000 0.0000 0.0000 0.0000 10.0000 0.0000 0.0000 10.0000 0.0000 0.0000 0.0000 0.0000 0.0000 20.0000 0.0000 0.0000 10.0000 0.0000 0.0000 0.0000 0.0000 0.0000 20.0000 0.0000 0.0000 10.0000 0.0000 0.0000 0.0000 0.0000 0.0000 20.0000 0.0000 0.0000 10.0000 0.0000 0.0000 0.0000 0.0000 0.0000 20.0000 0.0000 0.0000 10.0000 0.0000 0.0000 0.0000 0.0000 0.0000 24.0828 -3.1558 14.7165 -418.7489 23.5539 -344.9192 0.0000 0.0000 0.0000 0.0000 0.0000 0.0000 10.0000 0.0000 0.0000 10.0000 0.0000 0.0000 0.0000 0.0000 0.0000 20.0000 0.0000 0.0000 10.0000 0.0000 0.0000 0.0000 0.0000 0.0000 20.0000 0.0000 0.0000 10.0000 0.0000 0.0000 0.0000 0.0000 0.0000 20.0000 0.0000 0.0000 10.0000 0.0000 0.0000 0.0000 0.0000 0.0000 20.0000 0.0000 0.0000 10.0000 0.0000 0.0000 0.0000 0.0000 0.0000 0.0000 0.0000 0.0000 0.0000 0.0000 0.0000 0.0000 0.0000 0.0000 0.0000 0.0000 0.0000 0.0000 0.0000 0.0000
0.0000 95.0000 0.0000 0.0000 0.0000 0.0000 0.0000 0.0000 0.0000 0.0000 0.0000 0.0000 0.0000 0.0000 0.0000 0.0000 0.0000 0.0000 0.0000 0.0000 0.0000 0.0000 0.0000 0.0000 -12.6184 -9.1723 -71.9223 6.3919 5.8284 -3.9811 0.0000 0.0000 0.0000 0.0000 0.0000 0.0000 10.0000 0.0000 0.0000 10.0000 0.0000 0.0000 0.0000 0.0000 0.0000 20.0000 0.0000 0.0000 10.0000 0.0000 0.0000 0.0000 0.0000 0.0000 20.0000 0.0000 0.0000 10.0000 0.0000 0.0000 0.0000 0.0000 0.0000 20.0000 0.0000 0.0000 10.0000 0.0000 0.0000 0.0000 0.0000 0.0000 20.0000 0.0000 0.0000 10.0000 0.0000 0.0000 0.0000 0.0000 0.0000 23.2983 -3.1856 15.3628 -418.7685 24.5336 -344.0693 0.0000 0.0000 0.0000 0.0000 0.0000 0.0000 10.0000 0.0000 0.0000 10.0000 0.0000 0.0000 0.0000 0.0000 0.0000 20.0000 0.0000 0.0000 10.0000 0.0000 0.0000 0.0000 0.0000 0.0000 20.0000 0.0000 0.0000 10.0000 0.0000 0.0000 0.0000 0.0000 0.0000 20.0000 0.0000 0.0000 10.0000 0.0000 0.0000 0.0000 0.0000 0.0000 20.0000 0.0000 0.0000 10.0000 0.0000 0.0000 0.0000 0.0000 0.0000 0.0000 0.0000 0.0000 0.0000 0.0000 0.0000 0.0000 0.0000 0.0000 0.0000 0.0000 0.0000 0.0000 0.0000 0.0000
0.0000 95.0000 0.0000 0.0000 0.0000 0.0000 0.0000 0.0000 0.0000 0.0000 0.0000 0.0000 0.0000 0.0000 0.0000 0.0000 0.0000 0.0000 0.0000 0.0000 0.0000 0.0000 0.0000 0.0000 -12.6585 -9.2121 -71.9855 7.1229 6.1666 -3.0386 0.0000 0.0000 0.0000 0.0000 0.0000 0.0000 10.0000 0.0000 0.0000 10.0000 0.0000 0.0000 0.0000 0.0000 0.0000 20.0000 0.0000 0.0000 10.0000 0.0000 0.0000 0.0000 0.0000 0.0000 20.0000 0.0000 0.0000 10.0000 0.0000 0.0000 0.0000 0.0000 0.0000 20.0000 0.0000 0.0000 10.0000 0.0000 0.0000 0.0000 0.0000 0.0000 20.0000 0.0000 0.0000 10.0000 0.0000 0.0000 0.0000 0.0000 0.0000 24.2612 -3.9274 18.1265 -419.2796 27.3052 -343.9126 0.0000 0.0000 0.0000 0.0000 0.0000 0.0000 10.0000 0.0000 0.0000 10.0000 0.0000 0.0000 0.0000 0.0000 0.0000 20.0000 0.0000 0.0000 10.0000 0.0000 0.0000 0.0000 0.0000 0.0000 20.0000 0.0000 0.0000 10.0000 0.0000 0.0000 0.0000 0.0000 0.0000 20.0000 0.0000 0.0000 10.0000 0.0000 0.0000 0.0000 0.0000 0.0000 20.0000 0.0000 0.0000 10.0000 0.0000 0.0000 0.0000 0.0000 0.0000 0.0000 0.0000 0.0000 0.0000 0.0000 0.0000 0.0000 0.0000 0.0000 0.0000 0.0000 0.0000 0.0000 0.0000 0.0000
0.0000 95.0000 0.0000 0.0000 0.0000 0.0000 0.0000 0.0000 0.0000 0.0000 0.0000 0.0000 0.0000 0.0000 0.0000 0.0000 0.0000 0.0000 0.0000 0.0000 0.0000 0.0000 0.0000 0.0000 -12.9556 -9.3464 -71.5035 7.9173 6.8206 -3.2280 0.0000 0.0000 0.0000 0.0000 0.0000 0.0000 10.0000 0.0000 0.0000 10.0000 0.0000 0.0000 0.0000 0.0000 0.0000 20.0000 0.0000 0.0000 10.0000 0.0000 0.0000 0.0000 0.0000 0.0000 20.0000 0.0000 0.0000 10.0000 0.0000 0.0000 0.0000 0.0000 0.0000 20.0000 0.0000 0.0000 10.0000 0.0000 0.0000 0.0000 0.0000 0.0000 20.0000 0.0000 0.0000 10.0000 0.0000 0.0000 0.0000 0.0000 0.0000 24.9671 -4.4261 19.8023 -419.6504 29.2014 -343.7555 0.0000 0.0000 0.0000 0.0000 0.0000 0.0000 10.0000 0.0000 0.0000 10.0000 0.0000 0.0000 0.0000 0.0000 0.0000 20.0000 0.0000 0.0000 10.0000 0.0000 0.0000 0.0000 0.0000 0.0000 20.0000 0.0000 0.0000 10.0000 0.0000 0.0000 0.0000 0.0000 0.0000 20.0000 0.0000 0.0000 10.0000 0.0000 0.0000 0.0000 0.0000 0.0000 20.0000 0.0000 0.0000 10.0000 0.0000 0.0000 0.0000 0.0000 0.0000 0.0000 0.0000 0.0000 0.0000 0.0000 0.0000 0.0000 0.0000 0.0000 0.0000 0.0000 0.0000 0.0000 0.0000 0.0000
0.0000 95.0000 0.0000 0.0000 0.0000 0.0000 0.0000 0.0000 0.0000 0.0000 0.0000 0.0000 0.0000 0.0000 0.0000 0.0000 0.0000 0.0000 0.0000 0.0000 0.0000 0.0000 0.0000 0.0000 -13.8891 -9.7394 -69.9433 7.9328 7.4773 -5.7242 0.0000 0.0000 0.0000 0.0000 0.0000 0.0000 10.0000 0.0000 0.0000 10.0000 0.0000 0.0000 0.0000 0.0000 0.0000 20.0000 0.0000 0.0000 10.0000 0.0000 0.0000 0.0000 0.0000 0.0000 20.0000 0.0000 0.0000 10.0000 0.0000 0.0000 0.0000 0.0000 0.0000 20.0000 0.0000 0.0000 10.0000 0.0000 0.0000 0.0000 0.0000 0.0000 20.0000 0.0000 0.0000 10.0000 0.0000 0.0000 0.0000 0.0000 0.0000 24.4715 -3.8365 17.5591 -420.2279 27.8648 -343.4937 0.0000 0.0000 0.0000 0.0000 0.0000 0.0000 10.0000 0.0000 0.0000 10.0000 0.0000 0.0000 0.0000 0.0000 0.0000 20.0000 0.0000 0.0000 10.0000 0.0000 0.0000 0.0000 0.0000 0.0000 20.0000 0.0000 0.0000 10.0000 0.0000 0.0000 0.0000 0.0000 0.0000 20.0000 0.0000 0.0000 10.0000 0.0000 0.0000 0.0000 0.0000 0.0000 20.0000 0.0000 0.0000 10.0000 0.0000 0.0000 0.0000 0.0000 0.0000 0.0000 0.0000 0.0000 0.0000 0.0000 0.0000 0.0000 0.0000 0.0000 0.0000 0.0000 0.0000 0.0000 0.0000 0.0000
0.0000 95.0000 0.0000 0.0000 0.0000 0.0000 0.0000 0.0000 0.0000 0.0000 0.0000 0.0000 0.0000 0.0000 0.0000 0.0000 0.0000 0.0000 0.0000 0.0000 0.0000 0.0000 0.0000 0.0000 -14.2551 -10.2548 -71.3251 8.9146 7.9075 -3.8746 0.0000 0.0000 0.0000 0.0000 0.0000 0.0000 10.0000 0.0000 0.0000 10.0000 0.0000 0.0000 0.0000 0.0000 0.0000 20.0000 0.0000 0.0000 10.0000 0.0000 0.0000 0.0000 0.0000 0.0000 20.0000 0.0000 0.0000 10.0000 0.0000 0.0000 0.0000 0.0000 0.0000 20.0000 0.0000 0.0000 10.0000 0.0000 0.0000 0.0000 0.0000 0.0000 20.0000 0.0000 0.0000 10.0000 0.0000 0.0000 0.0000 0.0000 0.0000 24.1724 -3.6400 16.8815 -419.3613 26.8183 -343.4562 0.0000 0.0000 0.0000 0.0000 0.0000 0.0000 10.0000 0.0000 0.0000 10.0000 0.0000 0.0000 0.0000 0.0000 0.0000 20.0000 0.0000 0.0000 10.0000 0.0000 0.0000 0.0000 0.0000 0.0000 20.0000 0.0000 0.0000 10.0000 0.0000 0.0000 0.0000 0.0000 0.0000 20.0000 0.0000 0.0000 10.0000 0.0000 0.0000 0.0000 0.0000 0.0000 20.0000 0.0000 0.0000 10.0000 0.0000 0.0000 0.0000 0.0000 0.0000 0.0000 0.0000 0.0000 0.0000 0.0000 0.0000 0.0000 0.0000 0.0000 0.0000 0.0000 0.0000 0.0000 0.0000 0.0000
0.0000 95.0000 0.0000 0.0000 0.0000 0.0000 0.0000 0.0000 0.0000 0.0000 0.0000 0.0000 0.0000 0.0000 0.0000 0.0000 0.0000 0.0000 0.0000 0.0000 0.0000 0.0000 0.0000 0.0000 -14.5676 -10.6288 -72.0924 9.7433 8.2819 -2.5843 0.0000 0.0000 0.0000 0.0000 0.0000 0.0000 10.0000 0.0000 0.0000 10.0000 0.0000 0.0000 0.0000 0.0000 0.0000 20.0000 0.0000 0.0000 10.0000 0.0000 0.0000 0.0000 0.0000 0.0000 20.0000 0.0000 0.0000 10.0000 0.0000 0.0000 0.0000 0.0000 0.0000 20.0000 0.0000 0.0000 10.0000 0.0000 0.0000 0.0000 0.0000 0.0000 20.0000 0.0000 0.0000 10.0000 0.0000 0.0000 0.0000 0.0000 0.0000 24.0621 -3.5365 16.4841 -418.4797 26.3085 -343.1581 0.0000 0.0000 0.0000 0.0000 0.0000 0.0000 10.0000 0.0000 0.0000 10.0000 0.0000 0.0000 0.0000 0.0000 0.0000 20.0000 0.0000 0.0000 10.0000 0.0000 0.0000 0.0000 0.0000 0.0000 20.0000 0.0000 0.0000 10.0000 0.0000 0.0000 0.0000 0.0000 0.0000 20.0000 0.0000 0.0000 10.0000 0.0000 0.0000 0.0000 0.0000 0.0000 20.0000 0.0000 0.0000 10.0000 0.0000 0.0000 0.0000 0.0000 0.0000 0.0000 0.0000 0.0000 0.0000 0.0000 0.0000 0.0000 0.0000 0.0000 0.0000 0.0000 0.0000 0.0000 0.0000 0.0000
0.0000 95.0000 0.0000 0.0000 0.0000 0.0000 0.0000 0.0000 0.0000 0.0000 0.0000 0.0000 0.0000 0.0000 0.0000 0.0000 0.0000 0.0000 0.0000 0.0000 0.0000 0.0000 0.0000 0.0000 -13.3495 -9.5748 -71.1795 8.8482 6.6637 -0.3421 0.0000 0.0000 0.0000 0.0000 0.0000 0.0000 10.0000 0.0000 0.0000 10.0000 0.0000 0.0000 0.0000 0.0000 0.0000 20.0000 0.0000 0.0000 10.0000 0.0000 0.0000 0.0000 0.0000 0.0000 20.0000 0.0000 0.0000 10.0000 0.0000 0.0000 0.0000 0.0000 0.0000 20.0000 0.0000 0.0000 10.0000 0.0000 0.0000 0.0000 0.0000 0.0000 20.0000 0.0000 0.0000 10.0000 0.0000 0.0000 0.0000 0.0000 0.0000 23.2193 -3.3653 16.2751 -420.3348 25.6216 -344.4064 0.0000 0.0000 0.0000 0.0000 0.0000 0.0000 10.0000 0.0000 0.0000 10.0000 0.0000 0.0000 0.0000 0.0000 0.0000 20.0000 0.0000 0.0000 10.0000 0.0000 0.0000 0.0000 0.0000 0.0000 20.0000 0.0000 0.0000 10.0000 0.0000 0.0000 0.0000 0.0000 0.0000 20.0000 0.0000 0.0000 10.0000 0.0000 0.0000 0.0000 0.0000 0.0000 20.0000 0.0000 0.0000 10.0000 0.0000 0.0000 0.0000 0.0000 0.0000 0.0000 0.0000 0.0000 0.0000 0.0000 0.0000 0.0000 0.0000 0.0000 0.0000 0.0000 0.0000 0.0000 0.0000 0.0000
0.0000 95.0000 0.0000 0.0000 0.0000 0.0000 0.0000 0.0000 0.0000 0.0000 0.0000 0.0000 0.0000 0.0000 0.0000 0.0000 0.0000 0.0000 0.0000 0.0000 0.0000 0.0000 0.0000 0.0000 -11.0559 -8.0795 -72.2382 6.6077 4.7489 0.7836 0.0000 0.0000 0.0000 0.0000 0.0000 0.0000 10.0000 0.0000 0.0000 10.0000 0.0000 0.0000 0.0000 0.0000 0.0000 20.0000 0.0000 0.0000 10.0000 0.0000 0.0000 0.0000 0.0000 0.0000 20.0000 0.0000 0.0000 10.0000 0.0000 0.0000 0.0000 0.0000 0.0000 20.0000 0.0000 0.0000 10.0000 0.0000 0.0000 0.0000 0.0000 0.0000 20.0000 0.0000 0.0000 10.0000 0.0000 0.0000 0.0000 0.0000 0.0000 22.3869 -3.0423 15.2864 -420.9129 23.8547 -345.5094 0.0000 0.0000 0.0000 0.0000 0.0000 0.0000 10.0000 0.0000 0.0000 10.0000 0.0000 0.0000 0.0000 0.0000 0.0000 20.0000 0.0000 0.0000 10.0000 0.0000 0.0000 0.0000 0.0000 0.0000 20.0000 0.0000 0.0000 10.0000 0.0000 0.0000 0.0000 0.0000 0.0000 20.0000 0.0000 0.0000 10.0000 0.0000 0.0000 0.0000 0.0000 0.0000 20.0000 0.0000 0.0000 10.0000 0.0000 0.0000 0.0000 0.0000 0.0000 0.0000 0.0000 0.0000 0.0000 0.0000 0.0000 0.0000 0.0000 0.0000 0.0000 0.0000 0.0000 0.0000 0.0000 0.0000
0.0000 95.0000 0.0000 0.0000 0.0000 0.0000 0.0000 0.0000 0.0000 0.0000 0.0000 0.0000 0.0000 0.0000 0.0000 0.0000 0.0000 0.0000 0.0000 0.0000 0.0000 0.0000 0.0000 0.0000 -9.6763 -7.2203 -73.4014 5.1628 3.6860 1.1347 0.0000 0.0000 0.0000 0.0000 0.0000 0.0000 10.0000 0.0000 0.0000 10.0000 0.0000 0.0000 0.0000 0.0000 0.0000 20.0000 0.0000 0.0000 10.0000 0.0000 0.0000 0.0000 0.0000 0.0000 20.0000 0.0000 0.0000 10.0000 0.0000 0.0000 0.0000 0.0000 0.0000 20.0000 0.0000 0.0000 10.0000 0.0000 0.0000 0.0000 0.0000 0.0000 20.0000 0.0000 0.0000 10.0000 0.0000 0.0000 0.0000 0.0000 0.0000 21.6903 -2.7804 14.4393 -420.7866 22.4452 -346.0642 0.0000 0.0000 0.0000 0.0000 0.0000 0.0000 10.0000 0.0000 0.0000 10.0000 0.0000 0.0000 0.0000 0.0000 0.0000 20.0000 0.0000 0.0000 10.0000 0.0000 0.0000 0.0000 0.0000 0.0000 20.0000 0.0000 0.0000 10.0000 0.0000 0.0000 0.0000 0.0000 0.0000 20.0000 0.0000 0.0000 10.0000 0.0000 0.0000 0.0000 0.0000 0.0000 20.0000 0.0000 0.0000 10.0000 0.0000 0.0000 0.0000 0.0000 0.0000 0.0000 0.0000 0.0000 0.0000 0.0000 0.0000 0.0000 0.0000 0.0000 0.0000 0.0000 0.0000 0.0000 0.0000 0.0000
0.0000 95.0000 0.0000 0.0000 0.0000 0.0000 0.0000 0.0000 0.0000 0.0000 0.0000 0.0000 0.0000 0.0000 0.0000 0.0000 0.0000 0.0000 0.0000 0.0000 0.0000 0.0000 0.0000 0.0000 -9.0363 -6.7169 -73.1973 4.2700 2.7641 2.5298 0.0000 0.0000 0.0000 0.0000 0.0000 0.0000 10.0000 0.0000 0.0000 10.0000 0.0000 0.0000 0.0000 0.0000 0.0000 20.0000 0.0000 0.0000 10.0000 0.0000 0.0000 0.0000 0.0000 0.0000 20.0000 0.0000 0.0000 10.0000 0.0000 0.0000 0.0000 0.0000 0.0000 20.0000 0.0000 0.0000 10.0000 0.0000 0.0000 0.0000 0.0000 0.0000 20.0000 0.0000 0.0000 10.0000 0.0000 0.0000 0.0000 0.0000 0.0000 22.5251 -3.0740 15.3478 -420.3033 23.9287 -345.2215 0.0000 0.0000 0.0000 0.0000 0.0000 0.0000 10.0000 0.0000 0.0000 10.0000 0.0000 0.0000 0.0000 0.0000 0.0000 20.0000 0.0000 0.0000 10.0000 0.0000 0.0000 0.0000 0.0000 0.0000 20.0000 0.0000 0.0000 10.0000 0.0000 0.0000 0.0000 0.0000 0.0000 20.0000 0.0000 0.0000 10.0000 0.0000 0.0000 0.0000 0.0000 0.0000 20.0000 0.0000 0.0000 10.0000 0.0000 0.0000 0.0000 0.0000 0.0000 0.0000 0.0000 0.0000 0.0000 0.0000 0.0000 0.0000 0.0000 0.0000 0.0000 0.0000 0.0000 0.0000 0.0000 0.0000
0.0000 95.0000 0.0000 0.0000 0.0000 0.0000 0.0000 0.0000 0.0000 0.0000 0.0000 0.0000 0.0000 0.0000 0.0000 0.0000 0.0000 0.0000 0.0000 0.0000 0.0000 0.0000 0.0000 0.0000 -10.4912 -7.7440 -72.7957 5.8486 3.7597 2.9270 0.0000 0.0000 0.0000 0.0000 0.0000 0.0000 10.0000 0.0000 0.0000 10.0000 0.0000 0.0000 0.0000 0.0000 0.0000 20.0000 0.0000 0.0000 10.0000 0.0000 0.0000 0.0000 0.0000 0.0000 20.0000 0.0000 0.0000 10.0000 0.0000 0.0000 0.0000 0.0000 0.0000 20.0000 0.0000 0.0000 10.0000 0.0000 0.0000 0.0000 0.0000 0.0000 20.0000 0.0000 0.0000 10.0000 0.0000 0.0000 0.0000 0.0000 0.0000 24.9124 -3.5638 16.0332 -418.8452 24.9058 -344.8459 0.0000 0.0000 0.0000 0.0000 0.0000 0.0000 10.0000 0.0000 0.0000 10.0000 0.0000 0.0000 0.0000 0.0000 0.0000 20.0000 0.0000 0.0000 10.0000 0.0000 0.0000 0.0000 0.0000 0.0000 20.0000 0.0000 0.0000 10.0000 0.0000 0.0000 0.0000 0.0000 0.0000 20.0000 0.0000 0.0000 10.0000 0.0000 0.0000 0.0000 0.0000 0.0000 20.0000 0.0000 0.0000 10.0000 0.0000 0.0000 0.0000 0.0000 0.0000 0.0000 0.0000 0.0000 0.0000 0.0000 0.0000 0.0000 0.0000 0.0000 0.0000 0.0000 0.0000 0.0000 0.0000 0.0000
0.0000 95.0000 0.0000 0.0000 0.0000 0.0000 0.0000 0.0000 0.0000 0.0000 0.0000 0.0000 0.0000 0.0000 0.0000 0.0000 0.0000 0.0000 0.0000 0.0000 0.0000 0.0000 0.0000 0.0000 -11.3349 -8.3752 -72.8392 6.5727 4.2078 3.1640 0.0000 0.0000 0.0000 0.0000 0.0000 0.0000 10.0000 0.0000 0.0000 10.0000 0.0000 0.0000 0.0000 0.0000 0.0000 20.0000 0.0000 0.0000 10.0000 0.0000 0.0000 0.0000 0.0000 0.0000 20.0000 0.0000 0.0000 10.0000 0.0000 0.0000 0.0000 0.0000 0.0000 20.0000 0.0000 0.0000 10.0000 0.0000 0.0000 0.0000 0.0000 0.0000 20.0000 0.0000 0.0000 10.0000 0.0000 0.0000 0.0000 0.0000 0.0000 26.8714 -4.0057 16.6564 -417.5930 25.4988 -344.7862 0.0000 0.0000 0.0000 0.0000 0.0000 0.0000 10.0000 0.0000 0.0000 10.0000 0.0000 0.0000 0.0000 0.0000 0.0000 20.0000 0.0000 0.0000 10.0000 0.0000 0.0000 0.0000 0.0000 0.0000 20.0000 0.0000 0.0000 10.0000 0.0000 0.0000 0.0000 0.0000 0.0000 20.0000 0.0000 0.0000 10.0000 0.0000 0.0000 0.0000 0.0000 0.0000 20.0000 0.0000 0.0000 10.0000 0.0000 0.0000 0.0000 0.0000 0.0000 0.0000 0.0000 0.0000 0.0000 0.0000 0.0000 0.0000 0.0000 0.0000 0.0000 0.0000 0.0000 0.0000 0.0000 0.0000
0.0000 95.0000 0.0000 0.0000 0.0000 0.0000 0.0000 0.0000 0.0000 0.0000 0.0000 0.0000 0.0000 0.0000 0.0000 0.0000 0.0000 0.0000 0.0000 0.0000 0.0000 0.0000 0.0000 0.0000 -12.2766 -9.2471 -73.8846 6.8551 5.1087 0.7396 0.0000 0.0000 0.0000 0.0000 0.0000 0.0000 10.0000 0.0000 0.0000 10.0000 0.0000 0.0000 0.0000 0.0000 0.0000 20.0000 0.0000 0.0000 10.0000 0.0000 0.0000 0.0000 0.0000 0.0000 20.0000 0.0000 0.0000 10.0000 0.0000 0.0000 0.0000 0.0000 0.0000 20.0000 0.0000 0.0000 10.0000 0.0000 0.0000 0.0000 0.0000 0.0000 20.0000 0.0000 0.0000 10.0000 0.0000 0.0000 0.0000 0.0000 0.0000 31.5233 -3.8973 13.7470 -412.6169 21.3437 -346.2255 0.0000 0.0000 0.0000 0.0000 0.0000 0.0000 10.0000 0.0000 0.0000 10.0000 0.0000 0.0000 0.0000 0.0000 0.0000 20.0000 0.0000 0.0000 10.0000 0.0000 0.0000 0.0000 0.0000 0.0000 20.0000 0.0000 0.0000 10.0000 0.0000 0.0000 0.0000 0.0000 0.0000 20.0000 0.0000 0.0000 10.0000 0.0000 0.0000 0.0000 0.0000 0.0000 20.0000 0.0000 0.0000 10.0000 0.0000 0.0000 0.0000 0.0000 0.0000 0.0000 0.0000 0.0000 0.0000 0.0000 0.0000 0.0000 0.0000 0.0000 0.0000 0.0000 0.0000 0.0000 0.0000 0.0000
0.0000 95.0000 0.0000 0.0000 0.0000 0.0000 0.0000 0.0000 0.0000 0.0000 0.0000 0.0000 0.0000 0.0000 0.0000 0.0000 0.0000 0.0000 0.0000 0.0000 0.0000 0.0000 0.0000 0.0000 -11.5421 -1.9446 -19.0645 -1.0557 -0.6852 5.4031 0.0000 0.0000 0.0000 0.0000 0.0000 0.0000 10.0000 0.0000 0.0000 10.0000 0.0000 0.0000 0.0000 0.0000 0.0000 20.0000 0.0000 0.0000 10.0000 0.0000 0.0000 0.0000 0.0000 0.0000 20.0000 0.0000 0.0000 10.0000 0.0000 0.0000 0.0000 0.0000 0.0000 20.0000 0.0000 0.0000 10.0000 0.0000 0.0000 0.0000 0.0000 0.0000 20.0000 0.0000 0.0000 10.0000 0.0000 0.0000 0.0000 0.0000 0.0000 33.7707 -2.2581 7.4297 -406.5618 8.8683 -354.3041 0.0000 0.0000 0.0000 0.0000 0.0000 0.0000 10.0000 0.0000 0.0000 10.0000 0.0000 0.0000 0.0000 0.0000 0.0000 20.0000 0.0000 0.0000 10.0000 0.0000 0.0000 0.0000 0.0000 0.0000 20.0000 0.0000 0.0000 10.0000 0.0000 0.0000 0.0000 0.0000 0.0000 20.0000 0.0000 0.0000 10.0000 0.0000 0.0000 0.0000 0.0000 0.0000 20.0000 0.0000 0.0000 10.0000 0.0000 0.0000 0.0000 0.0000 0.0000 0.0000 0.0000 0.0000 0.0000 0.0000 0.0000 0.0000 0.0000 0.0000 0.0000 0.0000 0.0000 0.0000 0.0000 0.0000
0.0000 95.0000 0.0000 0.0000 0.0000 0.0000 0.0000 0.0000 0.0000 0.0000 0.0000 0.0000 0.0000 0.0000 0.0000 0.0000 0.0000 0.0000 0.0000 0.0000 0.0000 0.0000 0.0000 0.0000 2.3616 -0.1712 8.2900 -13.5874 -3.1643 -29.4202 0.0000 0.0000 0.0000 0.0000 0.0000 0.0000 10.0000 0.0000 0.0000 10.0000 0.0000 0.0000 0.0000 0.0000 0.0000 20.0000 0.0000 0.0000 10.0000 0.0000 0.0000 0.0000 0.0000 0.0000 20.0000 0.0000 0.0000 10.0000 0.0000 0.0000 0.0000 0.0000 0.0000 20.0000 0.0000 0.0000 10.0000 0.0000 0.0000 0.0000 0.0000 0.0000 20.0000 0.0000 0.0000 10.0000 0.0000 0.0000 0.0000 0.0000 0.0000 35.6156 -1.2531 3.8998 -397.9191 2.3297 -359.1083 0.0000 0.0000 0.0000 0.0000 0.0000 0.0000 10.0000 0.0000 0.0000 10.0000 0.0000 0.0000 0.0000 0.0000 0.0000 20.0000 0.0000 0.0000 10.0000 0.0000 0.0000 0.0000 0.0000 0.0000 20.0000 0.0000 0.0000 10.0000 0.0000 0.0000 0.0000 0.0000 0.0000 20.0000 0.0000 0.0000 10.0000 0.0000 0.0000 0.0000 0.0000 0.0000 20.0000 0.0000 0.0000 10.0000 0.0000 0.0000 0.0000 0.0000 0.0000 0.0000 0.0000 0.0000 0.0000 0.0000 0.0000 0.0000 0.0000 0.0000 0.0000 0.0000 0.0000 0.0000 0.0000 0.0000
0.0000 95.0000 0.0000 0.0000 0.0000 0.0000 0.0000 0.0000 0.0000 0.0000 0.0000 0.0000 0.0000 0.0000 0.0000 0.0000 0.0000 0.0000 0.0000 0.0000 0.0000 0.0000 0.0000 0.0000 4.4239 -0.4670 12.0470 -14.8913 -5.0535 -38.5407 0.0000 0.0000 0.0000 0.0000 0.0000 0.0000 10.0000 0.0000 0.0000 10.0000 0.0000 0.0000 0.0000 0.0000 0.0000 20.0000 0.0000 0.0000 10.0000 0.0000 0.0000 0.0000 0.0000 0.0000 20.0000 0.0000 0.0000 10.0000 0.0000 0.0000 0.0000 0.0000 0.0000 20.0000 0.0000 0.0000 10.0000 0.0000 0.0000 0.0000 0.0000 0.0000 20.0000 0.0000 0.0000 10.0000 0.0000 0.0000 0.0000 0.0000 0.0000 40.6793 -1.8602 5.0154 -398.1823 0.7790 -361.8068 0.0000 0.0000 0.0000 0.0000 0.0000 0.0000 10.0000 0.0000 0.0000 10.0000 0.0000 0.0000 0.0000 0.0000 0.0000 20.0000 0.0000 0.0000 10.0000 0.0000 0.0000 0.0000 0.0000 0.0000 20.0000 0.0000 0.0000 10.0000 0.0000 0.0000 0.0000 0.0000 0.0000 20.0000 0.0000 0.0000 10.0000 0.0000 0.0000 0.0000 0.0000 0.0000 20.0000 0.0000 0.0000 10.0000 0.0000 0.0000 0.0000 0.0000 0.0000 0.0000 0.0000 0.0000 0.0000 0.0000 0.0000 0.0000 0.0000 0.0000 0.0000 0.0000 0.0000 0.0000 0.0000 0.0000
0.0000 95.0000 0.0000 0.0000 0.0000 0.0000 0.0000 0.0000 0.0000 0.0000 0.0000 0.0000 0.0000 0.0000 0.0000 0.0000 0.0000 0.0000 0.0000 0.0000 0.0000 0.0000 0.0000 0.0000 -1.8110 0.2851 17.8890 -13.4411 -5.2838 -68.9333 0.0000 0.0000 0.0000 0.0000 0.0000 0.0000 10.0000 0.0000 0.0000 10.0000 0.0000 0.0000 0.0000 0.0000 0.0000 20.0000 0.0000 0.0000 10.0000 0.0000 0.0000 0.0000 0.0000 0.0000 20.0000 0.0000 0.0000 10.0000 0.0000 0.0000 0.0000 0.0000 0.0000 20.0000 0.0000 0.0000 10.0000 0.0000 0.0000 0.0000 0.0000 0.0000 20.0000 0.0000 0.0000 10.0000 0.0000 0.0000 0.0000 0.0000 0.0000 51.0225 -4.4920 9.3967 -405.6876 4.5649 -361.3644 0.0000 0.0000 0.0000 0.0000 0.0000 0.0000 10.0000 0.0000 0.0000 10.0000 0.0000 0.0000 0.0000 0.0000 0.0000 20.0000 0.0000 0.0000 10.0000 0.0000 0.0000 0.0000 0.0000 0.0000 20.0000 0.0000 0.0000 10.0000 0.0000 0.0000 0.0000 0.0000 0.0000 20.0000 0.0000 0.0000 10.0000 0.0000 0.0000 0.0000 0.0000 0.0000 20.0000 0.0000 0.0000 10.0000 0.0000 0.0000 0.0000 0.0000 0.0000 0.0000 0.0000 0.0000 0.0000 0.0000 0.0000 0.0000 0.0000 0.0000 0.0000 0.0000 0.0000 0.0000 0.0000 0.0000
0.0000 95.0000 0.0000 0.0000 0.0000 0.0000 0.0000 0.0000 0.0000 0.0000 0.0000 0.0000 0.0000 0.0000 0.0000 0.0000 0.0000 0.0000 0.0000 0.0000 0.0000 0.0000 0.0000 0.0000 -34.6301 12.9173 39.9141 -41.9593 -6.7578 -178.8710 0.0000 0.0000 0.0000 0.0000 0.0000 0.0000 10.0000 0.0000 0.0000 10.0000 0.0000 0.0000 0.0000 0.0000 0.0000 20.0000 0.0000 0.0000 10.0000 0.0000 0.0000 0.0000 0.0000 0.0000 20.0000 0.0000 0.0000 10.0000 0.0000 0.0000 0.0000 0.0000 0.0000 20.0000 0.0000 0.0000 10.0000 0.0000 0.0000 0.0000 0.0000 0.0000 20.0000 0.0000 0.0000 10.0000 0.0000 0.0000 0.0000 0.0000 0.0000 68.1495 -12.5175 18.4195 -307.1676 48.5284 -226.6857 0.0000 0.0000 0.0000 0.0000 0.0000 0.0000 10.0000 0.0000 0.0000 10.0000 0.0000 0.0000 0.0000 0.0000 0.0000 20.0000 0.0000 0.0000 10.0000 0.0000 0.0000 0.0000 0.0000 0.0000 20.0000 0.0000 0.0000 10.0000 0.0000 0.0000 0.0000 0.0000 0.0000 20.0000 0.0000 0.0000 10.0000 0.0000 0.0000 0.0000 0.0000 0.0000 20.0000 0.0000 0.0000 10.0000 0.0000 0.0000 0.0000 0.0000 0.0000 0.0000 0.0000 0.0000 0.0000 0.0000 0.0000 0.0000 0.0000 0.0000 0.0000 0.0000 0.0000 0.0000 0.0000 0.0000
0.0000 95.0000 0.0000 0.0000 0.0000 0.0000 0.0000 0.0000 0.0000 0.0000 0.0000 0.0000 0.0000 0.0000 0.0000 0.0000 0.0000 0.0000 0.0000 0.0000 0.0000 0.0000 0.0000 0.0000 -119.3085 42.8387 25.8678 -107.8153 -34.2988 -224.1564 0.0000 0.0000 0.0000 0.0000 0.0000 0.0000 10.0000 0.0000 0.0000 10.0000 0.0000 0.0000 0.0000 0.0000 0.0000 20.0000 0.0000 0.0000 10.0000 0.0000 0.0000 0.0000 0.0000 0.0000 20.0000 0.0000 0.0000 10.0000 0.0000 0.0000 0.0000 0.0000 0.0000 20.0000 0.0000 0.0000 10.0000 0.0000 0.0000 0.0000 0.0000 0.0000 20.0000 0.0000 0.0000 10.0000 0.0000 0.0000 0.0000 0.0000 0.0000 83.3799 -29.9291 33.4091 -243.3762 30.9823 -152.4179 0.0000 0.0000 0.0000 0.0000 0.0000 0.0000 10.0000 0.0000 0.0000 10.0000 0.0000 0.0000 0.0000 0.0000 0.0000 20.0000 0.0000 0.0000 10.0000 0.0000 0.0000 0.0000 0.0000 0.0000 20.0000 0.0000 0.0000 10.0000 0.0000 0.0000 0.0000 0.0000 0.0000 20.0000 0.0000 0.0000 10.0000 0.0000 0.0000 0.0000 0.0000 0.0000 20.0000 0.0000 0.0000 10.0000 0.0000 0.0000 0.0000 0.0000 0.0000 0.0000 0.0000 0.0000 0.0000 0.0000 0.0000 0.0000 0.0000 0.0000 0.0000 0.0000 0.0000 0.0000 0.0000 0.0000
0.0000 95.0000 0.0000 0.0000 0.0000 0.0000 0.0000 0.0000 0.0000 0.0000 0.0000 0.0000 0.0000 0.0000 0.0000 0.0000 0.0000 0.0000 0.0000 0.0000 0.0000 0.0000 0.0000 0.0000 -133.2573 31.9706 14.1141 -113.6645 -37.2935 -227.8800 0.0000 0.0000 0.0000 0.0000 0.0000 0.0000 10.0000 0.0000 0.0000 10.0000 0.0000 0.0000 0.0000 0.0000 0.0000 20.0000 0.0000 0.0000 10.0000 0.0000 0.0000 0.0000 0.0000 0.0000 20.0000 0.0000 0.0000 10.0000 0.0000 0.0000 0.0000 0.0000 0.0000 20.0000 0.0000 0.0000 10.0000 0.0000 0.0000 0.0000 0.0000 0.0000 20.0000 0.0000 0.0000 10.0000 0.0000 0.0000 0.0000 0.0000 0.0000 85.8504 -36.7793 39.3388 -227.4770 14.3693 -130.4761 0.0000 0.0000 0.0000 0.0000 0.0000 0.0000 10.0000 0.0000 0.0000 10.0000 0.0000 0.0000 0.0000 0.0000 0.0000 20.0000 0.0000 0.0000 10.0000 0.0000 0.0000 0.0000 0.0000 0.0000 20.0000 0.0000 0.0000 10.0000 0.0000 0.0000 0.0000 0.0000 0.0000 20.0000 0.0000 0.0000 10.0000 0.0000 0.0000 0.0000 0.0000 0.0000 20.0000 0.0000 0.0000 10.0000 0.0000 0.0000 0.0000 0.0000 0.0000 0.0000 0.0000 0.0000 0.0000 0.0000 0.0000 0.0000 0.0000 0.0000 0.0000 0.0000 0.0000 0.0000 0.0000 0.0000
0.0000 95.0000 0.0000 0.0000 0.0000 0.0000 0.0000 0.0000 0.0000 0.0000 0.0000 0.0000 0.0000 0.0000 0.0000 0.0000 0.0000 0.0000 0.0000 0.0000 0.0000 0.0000 0.0000 0.0000 -132.5767 23.9633 10.6504 -116.1198 -32.3388 -224.6459 0.0000 0.0000 0.0000 0.0000 0.0000 0.0000 10.0000 0.0000 0.0000 10.0000 0.0000 0.0000 0.0000 0.0000 0.0000 20.0000 0.0000 0.0000 10.0000 0.0000 0.0000 0.0000 0.0000 0.0000 20.0000 0.0000 0.0000 10.0000 0.0000 0.0000 0.0000 0.0000 0.0000 20.0000 0.0000 0.0000 10.0000 0.0000 0.0000 0.0000 0.0000 0.0000 20.0000 0.0000 0.0000 10.0000 0.0000 0.0000 0.0000 0.0000 0.0000 87.7144 -37.0979 38.4989 -227.2885 -6.1364 -107.9575 0.0000 0.0000 0.0000 0.0000 0.0000 0.0000 10.0000 0.0000 0.0000 10.0000 0.0000 0.0000 0.0000 0.0000 0.0000 20.0000 0.0000 0.0000 10.0000 0.0000 0.0000 0.0000 0.0000 0.0000 20.0000 0.0000 0.0000 10.0000 0.0000 0.0000 0.0000 0.0000 0.0000 20.0000 0.0000 0.0000 10.0000 0.0000 0.0000 0.0000 0.0000 0.0000 20.0000 0.0000 0.0000 10.0000 0.0000 0.0000 0.0000 0.0000 0.0000 0.0000 0.0000 0.0000 0.0000 0.0000 0.0000 0.0000 0.0000 0.0000 0.0000 0.0000 0.0000 0.0000 0.0000 0.0000
0.0000 95.0000 0.0000 0.0000 0.0000 0.0000 0.0000 0.0000 0.0000 0.0000 0.0000 0.0000 0.0000 0.0000 0.0000 0.0000 0.0000 0.0000 0.0000 0.0000 0.0000 0.0000 0.0000 0.0000 -127.6719 18.1551 8.9763 -119.5779 -21.3015 -212.6427 0.0000 0.0000 0.0000 0.0000 0.0000 0.0000 10.0000 0.0000 0.0000 10.0000 0.0000 0.0000 0.0000 0.0000 0.0000 20.0000 0.0000 0.0000 10.0000 0.0000 0.0000 0.0000 0.0000 0.0000 20.0000 0.0000 0.0000 10.0000 0.0000 0.0000 0.0000 0.0000 0.0000 20.0000 0.0000 0.0000 10.0000 0.0000 0.0000 0.0000 0.0000 0.0000 20.0000 0.0000 0.0000 10.0000 0.0000 0.0000 0.0000 0.0000 0.0000 90.1159 -33.9619 33.8972 -240.1969 -24.3489 -73.7007 0.0000 0.0000 0.0000 0.0000 0.0000 0.0000 10.0000 0.0000 0.0000 10.0000 0.0000 0.0000 0.0000 0.0000 0.0000 20.0000 0.0000 0.0000 10.0000 0.0000 0.0000 0.0000 0.0000 0.0000 20.0000 0.0000 0.0000 10.0000 0.0000 0.0000 0.0000 0.0000 0.0000 20.0000 0.0000 0.0000 10.0000 0.0000 0.0000 0.0000 0.0000 0.0000 20.0000 0.0000 0.0000 10.0000 0.0000 0.0000 0.0000 0.0000 0.0000 0.0000 0.0000 0.0000 0.0000 0.0000 0.0000 0.0000 0.0000 0.0000 0.0000 0.0000 0.0000 0.0000 0.0000 0.0000
0.0000 95.0000 0.0000 0.0000 0.0000 0.0000 0.0000 0.0000 0.0000 0.0000 0.0000 0.0000 0.0000 0.0000 0.0000 0.0000 0.0000 0.0000 0.0000 0.0000 0.0000 0.0000 0.0000 0.0000 -120.4597 13.7787 7.9073 -120.0087 -5.2743 -190.6242 0.0000 0.0000 0.0000 0.0000 0.0000 0.0000 10.0000 0.0000 0.0000 10.0000 0.0000 0.0000 0.0000 0.0000 0.0000 20.0000 0.0000 0.0000 10.0000 0.0000 0.0000 0.0000 0.0000 0.0000 20.0000 0.0000 0.0000 10.0000 0.0000 0.0000 0.0000 0.0000 0.0000 20.0000 0.0000 0.0000 10.0000 0.0000 0.0000 0.0000 0.0000 0.0000 20.0000 0.0000 0.0000 10.0000 0.0000 0.0000 0.0000 0.0000 0.0000 91.6492 -28.7279 27.9450 -285.8550 -18.4771 36.7438 0.0000 0.0000 0.0000 0.0000 0.0000 0.0000 10.0000 0.0000 0.0000 10.0000 0.0000 0.0000 0.0000 0.0000 0.0000 20.0000 0.0000 0.0000 10.0000 0.0000 0.0000 0.0000 0.0000 0.0000 20.0000 0.0000 0.0000 10.0000 0.0000 0.0000 0.0000 0.0000 0.0000 20.0000 0.0000 0.0000 10.0000 0.0000 0.0000 0.0000 0.0000 0.0000 20.0000 0.0000 0.0000 10.0000 0.0000 0.0000 0.0000 0.0000 0.0000 0.0000 0.0000 0.0000 0.0000 0.0000 0.0000 0.0000 0.0000 0.0000 0.0000 0.0000 0.0000 0.0000 0.0000 0.0000
0.0000 95.0000 0.0000 0.0000 0.0000 0.0000 0.0000 0.0000 0.0000 0.0000 0.0000 0.0000 0.0000 0.0000 0.0000 0.0000 0.0000 0.0000 0.0000 0.0000 0.0000 0.0000 0.0000 0.0000 -111.8493 9.9445 6.7359 -109.8532 15.2855 -146.6429 0.0000 0.0000 0.0000 0.0000 0.0000 0.0000 10.0000 0.0000 0.0000 10.0000 0.0000 0.0000 0.0000 0.0000 0.0000 20.0000 0.0000 0.0000 10.0000 0.0000 0.0000 0.0000 0.0000 0.0000 20.0000 0.0000 0.0000 10.0000 0.0000 0.0000 0.0000 0.0000 0.0000 20.0000 0.0000 0.0000 10.0000 0.0000 0.0000 0.0000 0.0000 0.0000 20.0000 0.0000 0.0000 10.0000 0.0000 0.0000 0.0000 0.0000 0.0000 92.8431 -20.6822 19.7007 -242.6091 -8.9547 -71.5168 0.0000 0.0000 0.0000 0.0000 0.0000 0.0000 10.0000 0.0000 0.0000 10.0000 0.0000 0.0000 0.0000 0.0000 0.0000 20.0000 0.0000 0.0000 10.0000 0.0000 0.0000 0.0000 0.0000 0.0000 20.0000 0.0000 0.0000 10.0000 0.0000 0.0000 0.0000 0.0000 0.0000 20.0000 0.0000 0.0000 10.0000 0.0000 0.0000 0.0000 0.0000 0.0000 20.0000 0.0000 0.0000 10.0000 0.0000 0.0000 0.0000 0.0000 0.0000 0.0000 0.0000 0.0000 0.0000 0.0000 0.0000 0.0000 0.0000 0.0000 0.0000 0.0000 0.0000 0.0000 0.0000 0.0000
0.0000 95.0000 0.0000 0.0000 0.0000 0.0000 0.0000 0.0000 0.0000 0.0000 0.0000 0.0000 0.0000 0.0000 0.0000 0.0000 0.0000 0.0000 0.0000 0.0000 0.0000 0.0000 0.0000 0.0000 -99.8877 12.1472 10.2242 -93.0453 17.8795 -92.0078 0.0000 0.0000 0.0000 0.0000 0.0000 0.0000 10.0000 0.0000 0.0000 10.0000 0.0000 0.0000 0.0000 0.0000 0.0000 20.0000 0.0000 0.0000 10.0000 0.0000 0.0000 0.0000 0.0000 0.0000 20.0000 0.0000 0.0000 10.0000 0.0000 0.0000 0.0000 0.0000 0.0000 20.0000 0.0000 0.0000 10.0000 0.0000 0.0000 0.0000 0.0000 0.0000 20.0000 0.0000 0.0000 10.0000 0.0000 0.0000 0.0000 0.0000 0.0000 92.2261 -8.9445 8.6048 -248.7409 0.8507 -62.6980 0.0000 0.0000 0.0000 0.0000 0.0000 0.0000 10.0000 0.0000 0.0000 10.0000 0.0000 0.0000 0.0000 0.0000 0.0000 20.0000 0.0000 0.0000 10.0000 0.0000 0.0000 0.0000 0.0000 0.0000 20.0000 0.0000 0.0000 10.0000 0.0000 0.0000 0.0000 0.0000 0.0000 20.0000 0.0000 0.0000 10.0000 0.0000 0.0000 0.0000 0.0000 0.0000 20.0000 0.0000 0.0000 10.0000 0.0000 0.0000 0.0000 0.0000 0.0000 0.0000 0.0000 0.0000 0.0000 0.0000 0.0000 0.0000 0.0000 0.0000 0.0000 0.0000 0.0000 0.0000 0.0000 0.0000
0.0000 95.0000 0.0000 0.0000 0.0000 0.0000 0.0000 0.0000 0.0000 0.0000 0.0000 0.0000 0.0000 0.0000 0.0000 0.0000 0.0000 0.0000 0.0000 0.0000 0.0000 0.0000 0.0000 0.0000 -82.0063 -15.5037 -17.7980 -62.4993 -0.2070 -58.2244 0.0000 0.0000 0.0000 0.0000 0.0000 0.0000 10.0000 0.0000 0.0000 10.0000 0.0000 0.0000 0.0000 0.0000 0.0000 20.0000 0.0000 0.0000 10.0000 0.0000 0.0000 0.0000 0.0000 0.0000 20.0000 0.0000 0.0000 10.0000 0.0000 0.0000 0.0000 0.0000 0.0000 20.0000 0.0000 0.0000 10.0000 0.0000 0.0000 0.0000 0.0000 0.0000 20.0000 0.0000 0.0000 10.0000 0.0000 0.0000 0.0000 0.0000 0.0000 86.6810 4.3020 -4.5585 -249.3998 18.7142 -57.7345 0.0000 0.0000 0.0000 0.0000 0.0000 0.0000 10.0000 0.0000 0.0000 10.0000 0.0000 0.0000 0.0000 0.0000 0.0000 20.0000 0.0000 0.0000 10.0000 0.0000 0.0000 0.0000 0.0000 0.0000 20.0000 0.0000 0.0000 10.0000 0.0000 0.0000 0.0000 0.0000 0.0000 20.0000 0.0000 0.0000 10.0000 0.0000 0.0000 0.0000 0.0000 0.0000 20.0000 0.0000 0.0000 10.0000 0.0000 0.0000 0.0000 0.0000 0.0000 0.0000 0.0000 0.0000 0.0000 0.0000 0.0000 0.0000 0.0000 0.0000 0.0000 0.0000 0.0000 0.0000 0.0000 0.0000
0.0000 95.0000 0.0000 0.0000 0.0000 0.0000 0.0000 0.0000 0.0000 0.0000 0.0000 0.0000 0.0000 0.0000 0.0000 0.0000 0.0000 0.0000 0.0000 0.0000 0.0000 0.0000 0.0000 0.0000 -53.4119 -20.7785 -40.0472 -23.3234 20.5932 -65.4190 0.0000 0.0000 0.0000 0.0000 0.0000 0.0000 10.0000 0.0000 0.0000 10.0000 0.0000 0.0000 0.0000 0.0000 0.0000 20.0000 0.0000 0.0000 10.0000 0.0000 0.0000 0.0000 0.0000 0.0000 20.0000 0.0000 0.0000 10.0000 0.0000 0.0000 0.0000 0.0000 0.0000 20.0000 0.0000 0.0000 10.0000 0.0000 0.0000 0.0000 0.0000 0.0000 20.0000 0.0000 0.0000 10.0000 0.0000 0.0000 0.0000 0.0000 0.0000 77.8533 4.8729 -6.0314 -180.3391 52.0303 -34.5457 0.0000 0.0000 0.0000 0.0000 0.0000 0.0000 10.0000 0.0000 0.0000 10.0000 0.0000 0.0000 0.0000 0.0000 0.0000 20.0000 0.0000 0.0000 10.0000 0.0000 0.0000 0.0000 0.0000 0.0000 20.0000 0.0000 0.0000 10.0000 0.0000 0.0000 0.0000 0.0000 0.0000 20.0000 0.0000 0.0000 10.0000 0.0000 0.0000 0.0000 0.0000 0.0000 20.0000 0.0000 0.0000 10.0000 0.0000 0.0000 0.0000 0.0000 0.0000 0.0000 0.0000 0.0000 0.0000 0.0000 0.0000 0.0000 0.0000 0.0000 0.0000 0.0000 0.0000 0.0000 0.0000 0.0000
0.0000 95.0000 0.0000 0.0000 0.0000 0.0000 0.0000 0.0000 0.0000 0.0000 0.0000 0.0000 0.0000 0.0000 0.0000 0.0000 0.0000 0.0000 0.0000 0.0000 0.0000 0.0000 0.0000 0.0000 -36.0639 -17.0479 -49.4431 -5.1687 16.1448 -42.4523 0.0000 0.0000 0.0000 0.0000 0.0000 0.0000 10.0000 0.0000 0.0000 10.0000 0.0000 0.0000 0.0000 0.0000 0.0000 20.0000 0.0000 0.0000 10.0000 0.0000 0.0000 0.0000 0.0000 0.0000 20.0000 0.0000 0.0000 10.0000 0.0000 0.0000 0.0000 0.0000 0.0000 20.0000 0.0000 0.0000 10.0000 0.0000 0.0000 0.0000 0.0000 0.0000 20.0000 0.0000 0.0000 10.0000 0.0000 0.0000 0.0000 0.0000 0.0000 67.8378 4.4237 -6.5745 -83.4078 25.0785 12.0157 0.0000 0.0000 0.0000 0.0000 0.0000 0.0000 10.0000 0.0000 0.0000 10.0000 0.0000 0.0000 0.0000 0.0000 0.0000 20.0000 0.0000 0.0000 10.0000 0.0000 0.0000 0.0000 0.0000 0.0000 20.0000 0.0000 0.0000 10.0000 0.0000 0.0000 0.0000 0.0000 0.0000 20.0000 0.0000 0.0000 10.0000 0.0000 0.0000 0.0000 0.0000 0.0000 20.0000 0.0000 0.0000 10.0000 0.0000 0.0000 0.0000 0.0000 0.0000 0.0000 0.0000 0.0000 0.0000 0.0000 0.0000 0.0000 0.0000 0.0000 0.0000 0.0000 0.0000 0.0000 0.0000 0.0000
0.0000 95.0000 0.0000 0.0000 0.0000 0.0000 0.0000 0.0000 0.0000 0.0000 0.0000 0.0000 0.0000 0.0000 0.0000 0.0000 0.0000 0.0000 0.0000 0.0000 0.0000 0.0000 0.0000 0.0000 -26.6255 -13.3656 -52.6863 -0.8460 10.0979 -30.5801 0.0000 0.0000 0.0000 0.0000 0.0000 0.0000 10.0000 0.0000 0.0000 10.0000 0.0000 0.0000 0.0000 0.0000 0.0000 20.0000 0.0000 0.0000 10.0000 0.0000 0.0000 0.0000 0.0000 0.0000 20.0000 0.0000 0.0000 10.0000 0.0000 0.0000 0.0000 0.0000 0.0000 20.0000 0.0000 0.0000 10.0000 0.0000 0.0000 0.0000 0.0000 0.0000 20.0000 0.0000 0.0000 10.0000 0.0000 0.0000 0.0000 0.0000 0.0000 57.9302 3.9773 -7.1791 -63.5767 15.9218 13.9493 0.0000 0.0000 0.0000 0.0000 0.0000 0.0000 10.0000 0.0000 0.0000 10.0000 0.0000 0.0000 0.0000 0.0000 0.0000 20.0000 0.0000 0.0000 10.0000 0.0000 0.0000 0.0000 0.0000 0.0000 20.0000 0.0000 0.0000 10.0000 0.0000 0.0000 0.0000 0.0000 0.0000 20.0000 0.0000 0.0000 10.0000 0.0000 0.0000 0.0000 0.0000 0.0000 20.0000 0.0000 0.0000 10.0000 0.0000 0.0000 0.0000 0.0000 0.0000 0.0000 0.0000 0.0000 0.0000 0.0000 0.0000 0.0000 0.0000 0.0000 0.0000 0.0000 0.0000 0.0000 0.0000 0.0000
0.0000 95.0000 0.0000 0.0000 0.0000 0.0000 0.0000 0.0000 0.0000 0.0000 0.0000 0.0000 0.0000 0.0000 0.0000 0.0000 0.0000 0.0000 0.0000 0.0000 0.0000 0.0000 0.0000 0.0000 -22.5713 -3.7167 -18.4692 -9.3226 -2.9854 12.1682 0.0000 0.0000 0.0000 0.0000 0.0000 0.0000 10.0000 0.0000 0.0000 10.0000 0.0000 0.0000 0.0000 0.0000 0.0000 20.0000 0.0000 0.0000 10.0000 0.0000 0.0000 0.0000 0.0000 0.0000 20.0000 0.0000 0.0000 10.0000 0.0000 0.0000 0.0000 0.0000 0.0000 20.0000 0.0000 0.0000 10.0000 0.0000 0.0000 0.0000 0.0000 0.0000 20.0000 0.0000 0.0000 10.0000 0.0000 0.0000 0.0000 0.0000 0.0000 48.1226 3.0453 -6.8137 -45.9599 9.6445 12.9872 0.0000 0.0000 0.0000 0.0000 0.0000 0.0000 10.0000 0.0000 0.0000 10.0000 0.0000 0.0000 0.0000 0.0000 0.0000 20.0000 0.0000 0.0000 10.0000 0.0000 0.0000 0.0000 0.0000 0.0000 20.0000 0.0000 0.0000 10.0000 0.0000 0.0000 0.0000 0.0000 0.0000 20.0000 0.0000 0.0000 10.0000 0.0000 0.0000 0.0000 0.0000 0.0000 20.0000 0.0000 0.0000 10.0000 0.0000 0.0000 0.0000 0.0000 0.0000 0.0000 0.0000 0.0000 0.0000 0.0000 0.0000 0.0000 0.0000 0.0000 0.0000 0.0000 0.0000 0.0000 0.0000 0.0000
0.0000 95.0000 0.0000 0.0000 0.0000 0.0000 0.0000 0.0000 0.0000 0.0000 0.0000 0.0000 0.0000 0.0000 0.0000 0.0000 0.0000 0.0000 0.0000 0.0000 0.0000 0.0000 0.0000 0.0000 -19.4843 -0.4680 -2.7251 -4.8365 0.5577 -5.2419 0.0000 0.0000 0.0000 0.0000 0.0000 0.0000 10.0000 0.0000 0.0000 10.0000 0.0000 0.0000 0.0000 0.0000 0.0000 20.0000 0.0000 0.0000 10.0000 0.0000 0.0000 0.0000 0.0000 0.0000 20.0000 0.0000 0.0000 10.0000 0.0000 0.0000 0.0000 0.0000 0.0000 20.0000 0.0000 0.0000 10.0000 0.0000 0.0000 0.0000 0.0000 0.0000 20.0000 0.0000 0.0000 10.0000 0.0000 0.0000 0.0000 0.0000 0.0000 40.1711 2.4926 -6.8096 -35.1214 7.3609 13.1357 0.0000 0.0000 0.0000 0.0000 0.0000 0.0000 10.0000 0.0000 0.0000 10.0000 0.0000 0.0000 0.0000 0.0000 0.0000 20.0000 0.0000 0.0000 10.0000 0.0000 0.0000 0.0000 0.0000 0.0000 20.0000 0.0000 0.0000 10.0000 0.0000 0.0000 0.0000 0.0000 0.0000 20.0000 0.0000 0.0000 10.0000 0.0000 0.0000 0.0000 0.0000 0.0000 20.0000 0.0000 0.0000 10.0000 0.0000 0.0000 0.0000 0.0000 0.0000 0.0000 0.0000 0.0000 0.0000 0.0000 0.0000 0.0000 0.0000 0.0000 0.0000 0.0000 0.0000 0.0000 0.0000 0.0000
0.0000 95.0000 0.0000 0.0000 0.0000 0.0000 0.0000 0.0000 0.0000 0.0000 0.0000 0.0000 0.0000 0.0000 0.0000 0.0000 0.0000 0.0000 0.0000 0.0000 0.0000 0.0000 0.0000 0.0000 -19.3232 -4.1475 -24.0149 -10.6869 -3.3715 13.7435 0.0000 0.0000 0.0000 0.0000 0.0000 0.0000 10.0000 0.0000 0.0000 10.0000 0.0000 0.0000 0.0000 0.0000 0.0000 20.0000 0.0000 0.0000 10.0000 0.0000 0.0000 0.0000 0.0000 0.0000 20.0000 0.0000 0.0000 10.0000 0.0000 0.0000 0.0000 0.0000 0.0000 20.0000 0.0000 0.0000 10.0000 0.0000 0.0000 0.0000 0.0000 0.0000 20.0000 0.0000 0.0000 10.0000 0.0000 0.0000 0.0000 0.0000 0.0000 36.5144 2.1651 -6.5567 -32.7745 6.1568 12.3426 0.0000 0.0000 0.0000 0.0000 0.0000 0.0000 10.0000 0.0000 0.0000 10.0000 0.0000 0.0000 0.0000 0.0000 0.0000 20.0000 0.0000 0.0000 10.0000 0.0000 0.0000 0.0000 0.0000 0.0000 20.0000 0.0000 0.0000 10.0000 0.0000 0.0000 0.0000 0.0000 0.0000 20.0000 0.0000 0.0000 10.0000 0.0000 0.0000 0.0000 0.0000 0.0000 20.0000 0.0000 0.0000 10.0000 0.0000 0.0000 0.0000 0.0000 0.0000 0.0000 0.0000 0.0000 0.0000 0.0000 0.0000 0.0000 0.0000 0.0000 0.0000 0.0000 0.0000 0.0000 0.0000 0.0000
0.0000 95.0000 0.0000 0.0000 0.0000 0.0000 0.0000 0.0000 0.0000 0.0000 0.0000 0.0000 0.0000 0.0000 0.0000 0.0000 0.0000 0.0000 0.0000 0.0000 0.0000 0.0000 0.0000 0.0000 -18.3663 -5.5133 -33.1714 -5.4082 -0.9861 -5.2404 0.0000 0.0000 0.0000 0.0000 0.0000 0.0000 10.0000 0.0000 0.0000 10.0000 0.0000 0.0000 0.0000 0.0000 0.0000 20.0000 0.0000 0.0000 10.0000 0.0000 0.0000 0.0000 0.0000 0.0000 20.0000 0.0000 0.0000 10.0000 0.0000 0.0000 0.0000 0.0000 0.0000 20.0000 0.0000 0.0000 10.0000 0.0000 0.0000 0.0000 0.0000 0.0000 20.0000 0.0000 0.0000 10.0000 0.0000 0.0000 0.0000 0.0000 0.0000 33.3864 1.9603 -6.5303 -29.4486 5.5030 12.3367 0.0000 0.0000 0.0000 0.0000 0.0000 0.0000 10.0000 0.0000 0.0000 10.0000 0.0000 0.0000 0.0000 0.0000 0.0000 20.0000 0.0000 0.0000 10.0000 0.0000 0.0000 0.0000 0.0000 0.0000 20.0000 0.0000 0.0000 10.0000 0.0000 0.0000 0.0000 0.0000 0.0000 20.0000 0.0000 0.0000 10.0000 0.0000 0.0000 0.0000 0.0000 0.0000 20.0000 0.0000 0.0000 10.0000 0.0000 0.0000 0.0000 0.0000 0.0000 0.0000 0.0000 0.0000 0.0000 0.0000 0.0000 0.0000 0.0000 0.0000 0.0000 0.0000 0.0000 0.0000 0.0000 0.0000
0.0000 95.0000 0.0000 0.0000 0.0000 0.0000 0.0000 0.0000 0.0000 0.0000 0.0000 0.0000 0.0000 0.0000 0.0000 0.0000 0.0000 0.0000 0.0000 0.0000 0.0000 0.0000 0.0000 0.0000 -17.0880 -6.5973 -41.9770 -4.0149 0.0454 -11.7432 0.0000 0.0000 0.0000 0.0000 0.0000 0.0000 10.0000 0.0000 0.0000 10.0000 0.0000 0.0000 0.0000 0.0000 0.0000 20.0000 0.0000 0.0000 10.0000 0.0000 0.0000 0.0000 0.0000 0.0000 20.0000 0.0000 0.0000 10.0000 0.0000 0.0000 0.0000 0.0000 0.0000 20.0000 0.0000 0.0000 10.0000 0.0000 0.0000 0.0000 0.0000 0.0000 20.0000 0.0000 0.0000 10.0000 0.0000 0.0000 0.0000 0.0000 0.0000 32.6692 1.8967 -6.4654 -29.0346 5.3173 12.1974 0.0000 0.0000 0.0000 0.0000 0.0000 0.0000 10.0000 0.0000 0.0000 10.0000 0.0000 0.0000 0.0000 0.0000 0.0000 20.0000 0.0000 0.0000 10.0000 0.0000 0.0000 0.0000 0.0000 0.0000 20.0000 0.0000 0.0000 10.0000 0.0000 0.0000 0.0000 0.0000 0.0000 20.0000 0.0000 0.0000 10.0000 0.0000 0.0000 0.0000 0.0000 0.0000 20.0000 0.0000 0.0000 10.0000 0.0000 0.0000 0.0000 0.0000 0.0000 0.0000 0.0000 0.0000 0.0000 0.0000 0.0000 0.0000 0.0000 0.0000 0.0000 0.0000 0.0000 0.0000 0.0000 0.0000
0.0000 95.0000 0.0000 0.0000 0.0000 0.0000 0.0000 0.0000 0.0000 0.0000 0.0000 0.0000 0.0000 0.0000 0.0000 0.0000 0.0000 0.0000 0.0000 0.0000 0.0000 0.0000 0.0000 0.0000 -18.6671 -6.6655 -39.0191 -5.1499 -0.5020 -9.8670 0.0000 0.0000 0.0000 0.0000 0.0000 0.0000 10.0000 0.0000 0.0000 10.0000 0.0000 0.0000 0.0000 0.0000 0.0000 20.0000 0.0000 0.0000 10.0000 0.0000 0.0000 0.0000 0.0000 0.0000 20.0000 0.0000 0.0000 10.0000 0.0000 0.0000 0.0000 0.0000 0.0000 20.0000 0.0000 0.0000 10.0000 0.0000 0.0000 0.0000 0.0000 0.0000 20.0000 0.0000 0.0000 10.0000 0.0000 0.0000 0.0000 0.0000 0.0000 32.5212 1.8954 -6.4919 -28.0681 5.3079 12.3385 0.0000 0.0000 0.0000 0.0000 0.0000 0.0000 10.0000 0.0000 0.0000 10.0000 0.0000 0.0000 0.0000 0.0000 0.0000 20.0000 0.0000 0.0000 10.0000 0.0000 0.0000 0.0000 0.0000 0.0000 20.0000 0.0000 0.0000 10.0000 0.0000 0.0000 0.0000 0.0000 0.0000 20.0000 0.0000 0.0000 10.0000 0.0000 0.0000 0.0000 0.0000 0.0000 20.0000 0.0000 0.0000 10.0000 0.0000 0.0000 0.0000 0.0000 0.0000 0.0000 0.0000 0.0000 0.0000 0.0000 0.0000 0.0000 0.0000 0.0000 0.0000 0.0000 0.0000 0.0000 0.0000 0.0000
0.0000 95.0000 0.0000 0.0000 0.0000 0.0000 0.0000 0.0000 0.0000 0.0000 0.0000 0.0000 0.0000 0.0000 0.0000 0.0000 0.0000 0.0000 0.0000 0.0000 0.0000 0.0000 0.0000 0.0000 -19.7257 -3.7824 -21.5072 -12.0221 -3.3404 14.9371 0.0000 0.0000 0.0000 0.0000 0.0000 0.0000 10.0000 0.0000 0.0000 10.0000 0.0000 0.0000 0.0000 0.0000 0.0000 20.0000 0.0000 0.0000 10.0000 0.0000 0.0000 0.0000 0.0000 0.0000 20.0000 0.0000 0.0000 10.0000 0.0000 0.0000 0.0000 0.0000 0.0000 20.0000 0.0000 0.0000 10.0000 0.0000 0.0000 0.0000 0.0000 0.0000 20.0000 0.0000 0.0000 10.0000 0.0000 0.0000 0.0000 0.0000 0.0000 33.6412 1.9492 -6.4416 -26.8926 5.5219 12.5698 0.0000 0.0000 0.0000 0.0000 0.0000 0.0000 10.0000 0.0000 0.0000 10.0000 0.0000 0.0000 0.0000 0.0000 0.0000 20.0000 0.0000 0.0000 10.0000 0.0000 0.0000 0.0000 0.0000 0.0000 20.0000 0.0000 0.0000 10.0000 0.0000 0.0000 0.0000 0.0000 0.0000 20.0000 0.0000 0.0000 10.0000 0.0000 0.0000 0.0000 0.0000 0.0000 20.0000 0.0000 0.0000 10.0000 0.0000 0.0000 0.0000 0.0000 0.0000 0.0000 0.0000 0.0000 0.0000 0.0000 0.0000 0.0000 0.0000 0.0000 0.0000 0.0000 0.0000 0.0000 0.0000 0.0000
0.0000 95.0000 0.0000 0.0000 0.0000 0.0000 0.0000 0.0000 0.0000 0.0000 0.0000 0.0000 0.0000 0.0000 0.0000 0.0000 0.0000 0.0000 0.0000 0.0000 0.0000 0.0000 0.0000 0.0000 -20.1175 -4.2284 -23.5124 -12.0312 -2.9680 5.7887 0.0000 0.0000 0.0000 0.0000 0.0000 0.0000 10.0000 0.0000 0.0000 10.0000 0.0000 0.0000 0.0000 0.0000 0.0000 20.0000 0.0000 0.0000 10.0000 0.0000 0.0000 0.0000 0.0000 0.0000 20.0000 0.0000 0.0000 10.0000 0.0000 0.0000 0.0000 0.0000 0.0000 20.0000 0.0000 0.0000 10.0000 0.0000 0.0000 0.0000 0.0000 0.0000 20.0000 0.0000 0.0000 10.0000 0.0000 0.0000 0.0000 0.0000 0.0000 40.2688 -7.2413 19.5843 -25.6520 24.7665 26.9713 0.0000 0.0000 0.0000 0.0000 0.0000 0.0000 10.0000 0.0000 0.0000 10.0000 0.0000 0.0000 0.0000 0.0000 0.0000 20.0000 0.0000 0.0000 10.0000 0.0000 0.0000 0.0000 0.0000 0.0000 20.0000 0.0000 0.0000 10.0000 0.0000 0.0000 0.0000 0.0000 0.0000 20.0000 0.0000 0.0000 10.0000 0.0000 0.0000 0.0000 0.0000 0.0000 20.0000 0.0000 0.0000 10.0000 0.0000 0.0000 0.0000 0.0000 0.0000 0.0000 0.0000 0.0000 0.0000 0.0000 0.0000 0.0000 0.0000 0.0000 0.0000 0.0000 0.0000 0.0000 0.0000 0.0000
0.0000 95.0000 0.0000 0.0000 0.0000 0.0000 0.0000 0.0000 0.0000 0.0000 0.0000 0.0000 0.0000 0.0000 0.0000 0.0000 0.0000 0.0000 0.0000 0.0000 0.0000 0.0000 0.0000 0.0000 -20.2706 -4.7465 -26.1059 -11.0321 -2.5180 -1.0118 0.0000 0.0000 0.0000 0.0000 0.0000 0.0000 10.0000 0.0000 0.0000 10.0000 0.0000 0.0000 0.0000 0.0000 0.0000 20.0000 0.0000 0.0000 10.0000 0.0000 0.0000 0.0000 0.0000 0.0000 20.0000 0.0000 0.0000 10.0000 0.0000 0.0000 0.0000 0.0000 0.0000 20.0000 0.0000 0.0000 10.0000 0.0000 0.0000 0.0000 0.0000 0.0000 20.0000 0.0000 0.0000 10.0000 0.0000 0.0000 0.0000 0.0000 0.0000 34.8397 -15.2946 46.3354 -23.1394 23.7645 16.0118 0.0000 0.0000 0.0000 0.0000 0.0000 0.0000 10.0000 0.0000 0.0000 10.0000 0.0000 0.0000 0.0000 0.0000 0.0000 20.0000 0.0000 0.0000 10.0000 0.0000 0.0000 0.0000 0.0000 0.0000 20.0000 0.0000 0.0000 10.0000 0.0000 0.0000 0.0000 0.0000 0.0000 20.0000 0.0000 0.0000 10.0000 0.0000 0.0000 0.0000 0.0000 0.0000 20.0000 0.0000 0.0000 10.0000 0.0000 0.0000 0.0000 0.0000 0.0000 0.0000 0.0000 0.0000 0.0000 0.0000 0.0000 0.0000 0.0000 0.0000 0.0000 0.0000 0.0000 0.0000 0.0000 0.0000
0.0000 95.0000 0.0000 0.0000 0.0000 0.0000 0.0000 0.0000 0.0000 0.0000 0.0000 0.0000 0.0000 0.0000 0.0000 0.0000 0.0000 0.0000 0.0000 0.0000 0.0000 0.0000 0.0000 0.0000 -20.1238 -5.2529 -28.9899 -9.3064 -1.9112 -5.3068 0.0000 0.0000 0.0000 0.0000 0.0000 0.0000 10.0000 0.0000 0.0000 10.0000 0.0000 0.0000 0.0000 0.0000 0.0000 20.0000 0.0000 0.0000 10.0000 0.0000 0.0000 0.0000 0.0000 0.0000 20.0000 0.0000 0.0000 10.0000 0.0000 0.0000 0.0000 0.0000 0.0000 20.0000 0.0000 0.0000 10.0000 0.0000 0.0000 0.0000 0.0000 0.0000 20.0000 0.0000 0.0000 10.0000 0.0000 0.0000 0.0000 0.0000 0.0000 32.7623 -17.3051 54.7388 -22.3775 23.0048 12.1702 0.0000 0.0000 0.0000 0.0000 0.0000 0.0000 10.0000 0.0000 0.0000 10.0000 0.0000 0.0000 0.0000 0.0000 0.0000 20.0000 0.0000 0.0000 10.0000 0.0000 0.0000 0.0000 0.0000 0.0000 20.0000 0.0000 0.0000 10.0000 0.0000 0.0000 0.0000 0.0000 0.0000 20.0000 0.0000 0.0000 10.0000 0.0000 0.0000 0.0000 0.0000 0.0000 20.0000 0.0000 0.0000 10.0000 0.0000 0.0000 0.0000 0.0000 0.0000 0.0000 0.0000 0.0000 0.0000 0.0000 0.0000 0.0000 0.0000 0.0000 0.0000 0.0000 0.0000 0.0000 0.0000 0.0000
0.0000 95.0000 0.0000 0.0000 0.0000 0.0000 0.0000 0.0000 0.0000 0.0000 0.0000 0.0000 0.0000 0.0000 0.0000 0.0000 0.0000 0.0000 0.0000 0.0000 0.0000 0.0000 0.0000 0.0000 -19.7224 -5.7020 -31.9726 -7.1132 -0.9632 -9.1223 0.0000 0.0000 0.0000 0.0000 0.0000 0.0000 10.0000 0.0000 0.0000 10.0000 0.0000 0.0000 0.0000 0.0000 0.0000 20.0000 0.0000 0.0000 10.0000 0.0000 0.0000 0.0000 0.0000 0.0000 20.0000 0.0000 0.0000 10.0000 0.0000 0.0000 0.0000 0.0000 0.0000 20.0000 0.0000 0.0000 10.0000 0.0000 0.0000 0.0000 0.0000 0.0000 20.0000 0.0000 0.0000 10.0000 0.0000 0.0000 0.0000 0.0000 0.0000 33.2250 -18.2316 56.5439 -22.8078 23.6919 11.3466 0.0000 0.0000 0.0000 0.0000 0.0000 0.0000 10.0000 0.0000 0.0000 10.0000 0.0000 0.0000 0.0000 0.0000 0.0000 20.0000 0.0000 0.0000 10.0000 0.0000 0.0000 0.0000 0.0000 0.0000 20.0000 0.0000 0.0000 10.0000 0.0000 0.0000 0.0000 0.0000 0.0000 20.0000 0.0000 0.0000 10.0000 0.0000 0.0000 0.0000 0.0000 0.0000 20.0000 0.0000 0.0000 10.0000 0.0000 0.0000 0.0000 0.0000 0.0000 0.0000 0.0000 0.0000 0.0000 0.0000 0.0000 0.0000 0.0000 0.0000 0.0000 0.0000 0.0000 0.0000 0.0000 0.0000
0.0000 95.0000 0.0000 0.0000 0.0000 0.0000 0.0000 0.0000 0.0000 0.0000 0.0000 0.0000 0.0000 0.0000 0.0000 0.0000 0.0000 0.0000 0.0000 0.0000 0.0000 0.0000 0.0000 0.0000 -19.0910 -6.0841 -35.0764 -5.2949 0.0179 -12.4775 0.0000 0.0000 0.0000 0.0000 0.0000 0.0000 10.0000 0.0000 0.0000 10.0000 0.0000 0.0000 0.0000 0.0000 0.0000 20.0000 0.0000 0.0000 10.0000 0.0000 0.0000 0.0000 0.0000 0.0000 20.0000 0.0000 0.0000 10.0000 0.0000 0.0000 0.0000 0.0000 0.0000 20.0000 0.0000 0.0000 10.0000 0.0000 0.0000 0.0000 0.0000 0.0000 20.0000 0.0000 0.0000 10.0000 0.0000 0.0000 0.0000 0.0000 0.0000 34.6996 -18.7042 55.5915 -23.7403 25.0043 11.7771 0.0000 0.0000 0.0000 0.0000 0.0000 0.0000 10.0000 0.0000 0.0000 10.0000 0.0000 0.0000 0.0000 0.0000 0.0000 20.0000 0.0000 0.0000 10.0000 0.0000 0.0000 0.0000 0.0000 0.0000 20.0000 0.0000 0.0000 10.0000 0.0000 0.0000 0.0000 0.0000 0.0000 20.0000 0.0000 0.0000 10.0000 0.0000 0.0000 0.0000 0.0000 0.0000 20.0000 0.0000 0.0000 10.0000 0.0000 0.0000 0.0000 0.0000 0.0000 0.0000 0.0000 0.0000 0.0000 0.0000 0.0000 0.0000 0.0000 0.0000 0.0000 0.0000 0.0000 0.0000 0.0000 0.0000
0.0000 95.0000 0.0000 0.0000 0.0000 0.0000 0.0000 0.0000 0.0000 0.0000 0.0000 0.0000 0.0000 0.0000 0.0000 0.0000 0.0000 0.0000 0.0000 0.0000 0.0000 0.0000 0.0000 0.0000 -18.3081 -6.4500 -38.5466 -3.7084 0.8531 -14.3788 0.0000 0.0000 0.0000 0.0000 0.0000 0.0000 10.0000 0.0000 0.0000 10.0000 0.0000 0.0000 0.0000 0.0000 0.0000 20.0000 0.0000 0.0000 10.0000 0.0000 0.0000 0.0000 0.0000 0.0000 20.0000 0.0000 0.0000 10.0000 0.0000 0.0000 0.0000 0.0000 0.0000 20.0000 0.0000 0.0000 10.0000 0.0000 0.0000 0.0000 0.0000 0.0000 20.0000 0.0000 0.0000 10.0000 0.0000 0.0000 0.0000 0.0000 0.0000 36.5006 -18.7973 53.3096 -24.7982 26.5430 12.8931 0.0000 0.0000 0.0000 0.0000 0.0000 0.0000 10.0000 0.0000 0.0000 10.0000 0.0000 0.0000 0.0000 0.0000 0.0000 20.0000 0.0000 0.0000 10.0000 0.0000 0.0000 0.0000 0.0000 0.0000 20.0000 0.0000 0.0000 10.0000 0.0000 0.0000 0.0000 0.0000 0.0000 20.0000 0.0000 0.0000 10.0000 0.0000 0.0000 0.0000 0.0000 0.0000 20.0000 0.0000 0.0000 10.0000 0.0000 0.0000 0.0000 0.0000 0.0000 0.0000 0.0000 0.0000 0.0000 0.0000 0.0000 0.0000 0.0000 0.0000 0.0000 0.0000 0.0000 0.0000 0.0000 0.0000
0.0000 95.0000 0.0000 0.0000 0.0000 0.0000 0.0000 0.0000 0.0000 0.0000 0.0000 0.0000 0.0000 0.0000 0.0000 0.0000 0.0000 0.0000 0.0000 0.0000 0.0000 0.0000 0.0000 0.0000 -17.4284 -6.7963 -42.3523 -2.2861 1.4828 -14.7117 0.0000 0.0000 0.0000 0.0000 0.0000 0.0000 10.0000 0.0000 0.0000 10.0000 0.0000 0.0000 0.0000 0.0000 0.0000 20.0000 0.0000 0.0000 10.0000 0.0000 0.0000 0.0000 0.0000 0.0000 20.0000 0.0000 0.0000 10.0000 0.0000 0.0000 0.0000 0.0000 0.0000 20.0000 0.0000 0.0000 10.0000 0.0000 0.0000 0.0000 0.0000 0.0000 20.0000 0.0000 0.0000 10.0000 0.0000 0.0000 0.0000 0.0000 0.0000 38.3128 -18.5534 50.3656 -25.8029 28.1230 14.4471 0.0000 0.0000 0.0000 0.0000 0.0000 0.0000 10.0000 0.0000 0.0000 10.0000 0.0000 0.0000 0.0000 0.0000 0.0000 20.0000 0.0000 0.0000 10.0000 0.0000 0.0000 0.0000 0.0000 0.0000 20.0000 0.0000 0.0000 10.0000 0.0000 0.0000 0.0000 0.0000 0.0000 20.0000 0.0000 0.0000 10.0000 0.0000 0.0000 0.0000 0.0000 0.0000 20.0000 0.0000 0.0000 10.0000 0.0000 0.0000 0.0000 0.0000 0.0000 0.0000 0.0000 0.0000 0.0000 0.0000 0.0000 0.0000 0.0000 0.0000 0.0000 0.0000 0.0000 0.0000 0.0000 0.0000
0.0000 95.0000 0.0000 0.0000 0.0000 0.0000 0.0000 0.0000 0.0000 0.0000 0.0000 0.0000 0.0000 0.0000 0.0000 0.0000 0.0000 0.0000 0.0000 0.0000 0.0000 0.0000 0.0000 0.0000 -16.4631 -7.0901 -46.3659 -1.0672 1.8847 -13.8125 0.0000 0.0000 0.0000 0.0000 0.0000 0.0000 10.0000 0.0000 0.0000 10.0000 0.0000 0.0000 0.0000 0.0000 0.0000 20.0000 0.0000 0.0000 10.0000 0.0000 0.0000 0.0000 0.0000 0.0000 20.0000 0.0000 0.0000 10.0000 0.0000 0.0000 0.0000 0.0000 0.0000 20.0000 0.0000 0.0000 10.0000 0.0000 0.0000 0.0000 0.0000 0.0000 20.0000 0.0000 0.0000 10.0000 0.0000 0.0000 0.0000 0.0000 0.0000 39.9349 -17.9818 47.0643 -26.5374 29.6903 16.5289 0.0000 0.0000 0.0000 0.0000 0.0000 0.0000 10.0000 0.0000 0.0000 10.0000 0.0000 0.0000 0.0000 0.0000 0.0000 20.0000 0.0000 0.0000 10.0000 0.0000 0.0000 0.0000 0.0000 0.0000 20.0000 0.0000 0.0000 10.0000 0.0000 0.0000 0.0000 0.0000 0.0000 20.0000 0.0000 0.0000 10.0000 0.0000 0.0000 0.0000 0.0000 0.0000 20.0000 0.0000 0.0000 10.0000 0.0000 0.0000 0.0000 0.0000 0.0000 0.0000 0.0000 0.0000 0.0000 0.0000 0.0000 0.0000 0.0000 0.0000 0.0000 0.0000 0.0000 0.0000 0.0000 0.0000
0.0000 95.0000 0.0000 0.0000 0.0000 0.0000 0.0000 0.0000 0.0000 0.0000 0.0000 0.0000 0.0000 0.0000 0.0000 0.0000 0.0000 0.0000 0.0000 0.0000 0.0000 0.0000 0.0000 0.0000 -15.4183 -7.2951 -50.4339 -0.0768 2.0760 -12.0928 0.0000 0.0000 0.0000 0.0000 0.0000 0.0000 10.0000 0.0000 0.0000 10.0000 0.0000 0.0000 0.0000 0.0000 0.0000 20.0000 0.0000 0.0000 10.0000 0.0000 0.0000 0.0000 0.0000 0.0000 20.0000 0.0000 0.0000 10.0000 0.0000 0.0000 0.0000 0.0000 0.0000 20.0000 0.0000 0.0000 10.0000 0.0000 0.0000 0.0000 0.0000 0.0000 20.0000 0.0000 0.0000 10.0000 0.0000 0.0000 0.0000 0.0000 0.0000 41.1908 -17.0763 43.5550 -26.7074 31.2547 19.4424 0.0000 0.0000 0.0000 0.0000 0.0000 0.0000 10.0000 0.0000 0.0000 10.0000 0.0000 0.0000 0.0000 0.0000 0.0000 20.0000 0.0000 0.0000 10.0000 0.0000 0.0000 0.0000 0.0000 0.0000 20.0000 0.0000 0.0000 10.0000 0.0000 0.0000 0.0000 0.0000 0.0000 20.0000 0.0000 0.0000 10.0000 0.0000 0.0000 0.0000 0.0000 0.0000 20.0000 0.0000 0.0000 10.0000 0.0000 0.0000 0.0000 0.0000 0.0000 0.0000 0.0000 0.0000 0.0000 0.0000 0.0000 0.0000 0.0000 0.0000 0.0000 0.0000 0.0000 0.0000 0.0000 0.0000
0.0000 95.0000 0.0000 0.0000 0.0000 0.0000 0.0000 0.0000 0.0000 0.0000 0.0000 0.0000 0.0000 0.0000 0.0000 0.0000 0.0000 0.0000 0.0000 0.0000 0.0000 0.0000 0.0000 0.0000 -14.3086 -7.3822 -54.4020 0.6776 2.0978 -9.9314 0.0000 0.0000 0.0000 0.0000 0.0000 0.0000 10.0000 0.0000 0.0000 10.0000 0.0000 0.0000 0.0000 0.0000 0.0000 20.0000 0.0000 0.0000 10.0000 0.0000 0.0000 0.0000 0.0000 0.0000 20.0000 0.0000 0.0000 10.0000 0.0000 0.0000 0.0000 0.0000 0.0000 20.0000 0.0000 0.0000 10.0000 0.0000 0.0000 0.0000 0.0000 0.0000 20.0000 0.0000 0.0000 10.0000 0.0000 0.0000 0.0000 0.0000 0.0000 42.0173 -15.9321 40.0419 -26.4124 32.6393 22.8363 0.0000 0.0000 0.0000 0.0000 0.0000 0.0000 10.0000 0.0000 0.0000 10.0000 0.0000 0.0000 0.0000 0.0000 0.0000 20.0000 0.0000 0.0000 10.0000 0.0000 0.0000 0.0000 0.0000 0.0000 20.0000 0.0000 0.0000 10.0000 0.0000 0.0000 0.0000 0.0000 0.0000 20.0000 0.0000 0.0000 10.0000 0.0000 0.0000 0.0000 0.0000 0.0000 20.0000 0.0000 0.0000 10.0000 0.0000 0.0000 0.0000 0.0000 0.0000 0.0000 0.0000 0.0000 0.0000 0.0000 0.0000 0.0000 0.0000 0.0000 0.0000 0.0000 0.0000 0.0000 0.0000 0.0000
0.0000 95.0000 0.0000 0.0000 0.0000 0.0000 0.0000 0.0000 0.0000 0.0000 0.0000 0.0000 0.0000 0.0000 0.0000 0.0000 0.0000 0.0000 0.0000 0.0000 0.0000 0.0000 0.0000 0.0000 -13.1647 -7.3484 -58.1913 1.2199 2.0005 -7.5736 0.0000 0.0000 0.0000 0.0000 0.0000 0.0000 10.0000 0.0000 0.0000 10.0000 0.0000 0.0000 0.0000 0.0000 0.0000 20.0000 0.0000 0.0000 10.0000 0.0000 0.0000 0.0000 0.0000 0.0000 20.0000 0.0000 0.0000 10.0000 0.0000 0.0000 0.0000 0.0000 0.0000 20.0000 0.0000 0.0000 10.0000 0.0000 0.0000 0.0000 0.0000 0.0000 20.0000 0.0000 0.0000 10.0000 0.0000 0.0000 0.0000 0.0000 0.0000 42.9027 -14.4531 35.7702 -26.1270 33.9710 26.5899 0.0000 0.0000 0.0000 0.0000 0.0000 0.0000 10.0000 0.0000 0.0000 10.0000 0.0000 0.0000 0.0000 0.0000 0.0000 20.0000 0.0000 0.0000 10.0000 0.0000 0.0000 0.0000 0.0000 0.0000 20.0000 0.0000 0.0000 10.0000 0.0000 0.0000 0.0000 0.0000 0.0000 20.0000 0.0000 0.0000 10.0000 0.0000 0.0000 0.0000 0.0000 0.0000 20.0000 0.0000 0.0000 10.0000 0.0000 0.0000 0.0000 0.0000 0.0000 0.0000 0.0000 0.0000 0.0000 0.0000 0.0000 0.0000 0.0000 0.0000 0.0000 0.0000 0.0000 0.0000 0.0000 0.0000
0.0000 95.0000 0.0000 0.0000 0.0000 0.0000 0.0000 0.0000 0.0000 0.0000 0.0000 0.0000 0.0000 0.0000 0.0000 0.0000 0.0000 0.0000 0.0000 0.0000 0.0000 0.0000 0.0000 0.0000 -12.0141 -7.2012 -61.7574 1.5804 1.8279 -5.1794 0.0000 0.0000 0.0000 0.0000 0.0000 0.0000 10.0000 0.0000 0.0000 10.0000 0.0000 0.0000 0.0000 0.0000 0.0000 20.0000 0.0000 0.0000 10.0000 0.0000 0.0000 0.0000 0.0000 0.0000 20.0000 0.0000 0.0000 10.0000 0.0000 0.0000 0.0000 0.0000 0.0000 20.0000 0.0000 0.0000 10.0000 0.0000 0.0000 0.0000 0.0000 0.0000 20.0000 0.0000 0.0000 10.0000 0.0000 0.0000 0.0000 0.0000 0.0000 43.6717 -12.6730 30.9795 -25.8404 35.1510 30.5743 0.0000 0.0000 0.0000 0.0000 0.0000 0.0000 10.0000 0.0000 0.0000 10.0000 0.0000 0.0000 0.0000 0.0000 0.0000 20.0000 0.0000 0.0000 10.0000 0.0000 0.0000 0.0000 0.0000 0.0000 20.0000 0.0000 0.0000 10.0000 0.0000 0.0000 0.0000 0.0000 0.0000 20.0000 0.0000 0.0000 10.0000 0.0000 0.0000 0.0000 0.0000 0.0000 20.0000 0.0000 0.0000 10.0000 0.0000 0.0000 0.0000 0.0000 0.0000 0.0000 0.0000 0.0000 0.0000 0.0000 0.0000 0.0000 0.0000 0.0000 0.0000 0.0000 0.0000 0.0000 0.0000 0.0000
0.0000 95.0000 0.0000 0.0000 0.0000 0.0000 0.0000 0.0000 0.0000 0.0000 0.0000 0.0000 0.0000 0.0000 0.0000 0.0000 0.0000 0.0000 0.0000 0.0000 0.0000 0.0000 0.0000 0.0000 -10.8790 -6.9540 -65.0824 1.7903 1.6132 -2.8440 0.0000 0.0000 0.0000 0.0000 0.0000 0.0000 10.0000 0.0000 0.0000 10.0000 0.0000 0.0000 0.0000 0.0000 0.0000 20.0000 0.0000 0.0000 10.0000 0.0000 0.0000 0.0000 0.0000 0.0000 20.0000 0.0000 0.0000 10.0000 0.0000 0.0000 0.0000 0.0000 0.0000 20.0000 0.0000 0.0000 10.0000 0.0000 0.0000 0.0000 0.0000 0.0000 20.0000 0.0000 0.0000 10.0000 0.0000 0.0000 0.0000 0.0000 0.0000 44.1654 -10.6807 25.9497 -25.5862 36.0600 34.5670 0.0000 0.0000 0.0000 0.0000 0.0000 0.0000 10.0000 0.0000 0.0000 10.0000 0.0000 0.0000 0.0000 0.0000 0.0000 20.0000 0.0000 0.0000 10.0000 0.0000 0.0000 0.0000 0.0000 0.0000 20.0000 0.0000 0.0000 10.0000 0.0000 0.0000 0.0000 0.0000 0.0000 20.0000 0.0000 0.0000 10.0000 0.0000 0.0000 0.0000 0.0000 0.0000 20.0000 0.0000 0.0000 10.0000 0.0000 0.0000 0.0000 0.0000 0.0000 0.0000 0.0000 0.0000 0.0000 0.0000 0.0000 0.0000 0.0000 0.0000 0.0000 0.0000 0.0000 0.0000 0.0000 0.0000
0.0000 95.0000 0.0000 0.0000 0.0000 0.0000 0.0000 0.0000 0.0000 0.0000 0.0000 0.0000 0.0000 0.0000 0.0000 0.0000 0.0000 0.0000 0.0000 0.0000 0.0000 0.0000 0.0000 0.0000 -10.8665 -7.5854 -69.7516 4.6866 3.4196 -0.4329 0.0000 0.0000 0.0000 0.0000 0.0000 0.0000 10.0000 0.0000 0.0000 10.0000 0.0000 0.0000 0.0000 0.0000 0.0000 20.0000 0.0000 0.0000 10.0000 0.0000 0.0000 0.0000 0.0000 0.0000 20.0000 0.0000 0.0000 10.0000 0.0000 0.0000 0.0000 0.0000 0.0000 20.0000 0.0000 0.0000 10.0000 0.0000 0.0000 0.0000 0.0000 0.0000 20.0000 0.0000 0.0000 10.0000 0.0000 0.0000 0.0000 0.0000 0.0000 42.7171 -11.1927 28.1334 -36.2160 34.1360 22.9193 0.0000 0.0000 0.0000 0.0000 0.0000 0.0000 10.0000 0.0000 0.0000 10.0000 0.0000 0.0000 0.0000 0.0000 0.0000 20.0000 0.0000 0.0000 10.0000 0.0000 0.0000 0.0000 0.0000 0.0000 20.0000 0.0000 0.0000 10.0000 0.0000 0.0000 0.0000 0.0000 0.0000 20.0000 0.0000 0.0000 10.0000 0.0000 0.0000 0.0000 0.0000 0.0000 20.0000 0.0000 0.0000 10.0000 0.0000 0.0000 0.0000 0.0000 0.0000 0.0000 0.0000 0.0000 0.0000 0.0000 0.0000 0.0000 0.0000 0.0000 0.0000 0.0000 0.0000 0.0000 0.0000 0.0000
0.0000 95.0000 0.0000 0.0000 0.0000 0.0000 0.0000 0.0000 0.0000 0.0000 0.0000 0.0000 0.0000 0.0000 0.0000 0.0000 0.0000 0.0000 0.0000 0.0000 0.0000 0.0000 0.0000 0.0000 -9.9963 -7.4543 -73.3623 4.6723 3.7966 -1.2507 0.0000 0.0000 0.0000 0.0000 0.0000 0.0000 10.0000 0.0000 0.0000 10.0000 0.0000 0.0000 0.0000 0.0000 0.0000 20.0000 0.0000 0.0000 10.0000 0.0000 0.0000 0.0000 0.0000 0.0000 20.0000 0.0000 0.0000 10.0000 0.0000 0.0000 0.0000 0.0000 0.0000 20.0000 0.0000 0.0000 10.0000 0.0000 0.0000 0.0000 0.0000 0.0000 20.0000 0.0000 0.0000 10.0000 0.0000 0.0000 0.0000 0.0000 0.0000 39.2555 -10.2253 28.1671 -45.3526 34.3344 17.9803 0.0000 0.0000 0.0000 0.0000 0.0000 0.0000 10.0000 0.0000 0.0000 10.0000 0.0000 0.0000 0.0000 0.0000 0.0000 20.0000 0.0000 0.0000 10.0000 0.0000 0.0000 0.0000 0.0000 0.0000 20.0000 0.0000 0.0000 10.0000 0.0000 0.0000 0.0000 0.0000 0.0000 20.0000 0.0000 0.0000 10.0000 0.0000 0.0000 0.0000 0.0000 0.0000 20.0000 0.0000 0.0000 10.0000 0.0000 0.0000 0.0000 0.0000 0.0000 0.0000 0.0000 0.0000 0.0000 0.0000 0.0000 0.0000 0.0000 0.0000 0.0000 0.0000 0.0000 0.0000 0.0000 0.0000
0.0000 95.0000 0.0000 0.0000 0.0000 0.0000 0.0000 0.0000 0.0000 0.0000 0.0000 0.0000 0.0000 0.0000 0.0000 0.0000 0.0000 0.0000 0.0000 0.0000 0.0000 0.0000 0.0000 0.0000 -9.5846 -7.3571 -74.9667 4.4941 3.8771 -1.8645 0.0000 0.0000 0.0000 0.0000 0.0000 0.0000 10.0000 0.0000 0.0000 10.0000 0.0000 0.0000 0.0000 0.0000 0.0000 20.0000 0.0000 0.0000 10.0000 0.0000 0.0000 0.0000 0.0000 0.0000 20.0000 0.0000 0.0000 10.0000 0.0000 0.0000 0.0000 0.0000 0.0000 20.0000 0.0000 0.0000 10.0000 0.0000 0.0000 0.0000 0.0000 0.0000 20.0000 0.0000 0.0000 10.0000 0.0000 0.0000 0.0000 0.0000 0.0000 36.7567 -9.5673 28.2756 -50.8348 33.5455 14.5090 0.0000 0.0000 0.0000 0.0000 0.0000 0.0000 10.0000 0.0000 0.0000 10.0000 0.0000 0.0000 0.0000 0.0000 0.0000 20.0000 0.0000 0.0000 10.0000 0.0000 0.0000 0.0000 0.0000 0.0000 20.0000 0.0000 0.0000 10.0000 0.0000 0.0000 0.0000 0.0000 0.0000 20.0000 0.0000 0.0000 10.0000 0.0000 0.0000 0.0000 0.0000 0.0000 20.0000 0.0000 0.0000 10.0000 0.0000 0.0000 0.0000 0.0000 0.0000 0.0000 0.0000 0.0000 0.0000 0.0000 0.0000 0.0000 0.0000 0.0000 0.0000 0.0000 0.0000 0.0000 0.0000 0.0000
0.0000 95.0000 0.0000 0.0000 0.0000 0.0000 0.0000 0.0000 0.0000 0.0000 0.0000 0.0000 0.0000 0.0000 0.0000 0.0000 0.0000 0.0000 0.0000 0.0000 0.0000 0.0000 0.0000 0.0000 -12.1306 -9.1089 -73.7161 6.6426 5.7867 -2.5094 0.0000 0.0000 0.0000 0.0000 0.0000 0.0000 10.0000 0.0000 0.0000 10.0000 0.0000 0.0000 0.0000 0.0000 0.0000 20.0000 0.0000 0.0000 10.0000 0.0000 0.0000 0.0000 0.0000 0.0000 20.0000 0.0000 0.0000 10.0000 0.0000 0.0000 0.0000 0.0000 0.0000 20.0000 0.0000 0.0000 10.0000 0.0000 0.0000 0.0000 0.0000 0.0000 20.0000 0.0000 0.0000 10.0000 0.0000 0.0000 0.0000 0.0000 0.0000 34.1359 -7.2562 23.3373 -57.9956 32.6307 13.8958 0.0000 0.0000 0.0000 0.0000 0.0000 0.0000 10.0000 0.0000 0.0000 10.0000 0.0000 0.0000 0.0000 0.0000 0.0000 20.0000 0.0000 0.0000 10.0000 0.0000 0.0000 0.0000 0.0000 0.0000 20.0000 0.0000 0.0000 10.0000 0.0000 0.0000 0.0000 0.0000 0.0000 20.0000 0.0000 0.0000 10.0000 0.0000 0.0000 0.0000 0.0000 0.0000 20.0000 0.0000 0.0000 10.0000 0.0000 0.0000 0.0000 0.0000 0.0000 0.0000 0.0000 0.0000 0.0000 0.0000 0.0000 0.0000 0.0000 0.0000 0.0000 0.0000 0.0000 0.0000 0.0000 0.0000
0.0000 95.0000 0.0000 0.0000 0.0000 0.0000 0.0000 0.0000 0.0000 0.0000 0.0000 0.0000 0.0000 0.0000 0.0000 0.0000 0.0000 0.0000 0.0000 0.0000 0.0000 0.0000 0.0000 0.0000 -14.1925 -10.4311 -72.5006 8.4625 7.5657 -3.4815 0.0000 0.0000 0.0000 0.0000 0.0000 0.0000 10.0000 0.0000 0.0000 10.0000 0.0000 0.0000 0.0000 0.0000 0.0000 20.0000 0.0000 0.0000 10.0000 0.0000 0.0000 0.0000 0.0000 0.0000 20.0000 0.0000 0.0000 10.0000 0.0000 0.0000 0.0000 0.0000 0.0000 20.0000 0.0000 0.0000 10.0000 0.0000 0.0000 0.0000 0.0000 0.0000 20.0000 0.0000 0.0000 10.0000 0.0000 0.0000 0.0000 0.0000 0.0000 31.8954 -5.6870 19.7208 -62.3933 31.0900 13.6808 0.0000 0.0000 0.0000 0.0000 0.0000 0.0000 10.0000 0.0000 0.0000 10.0000 0.0000 0.0000 0.0000 0.0000 0.0000 20.0000 0.0000 0.0000 10.0000 0.0000 0.0000 0.0000 0.0000 0.0000 20.0000 0.0000 0.0000 10.0000 0.0000 0.0000 0.0000 0.0000 0.0000 20.0000 0.0000 0.0000 10.0000 0.0000 0.0000 0.0000 0.0000 0.0000 20.0000 0.0000 0.0000 10.0000 0.0000 0.0000 0.0000 0.0000 0.0000 0.0000 0.0000 0.0000 0.0000 0.0000 0.0000 0.0000 0.0000 0.0000 0.0000 0.0000 0.0000 0.0000 0.0000 0.0000
0.0000 95.0000 0.0000 0.0000 0.0000 0.0000 0.0000 0.0000 0.0000 0.0000 0.0000 0.0000 0.0000 0.0000 0.0000 0.0000 0.0000 0.0000 0.0000 0.0000 0.0000 0.0000 0.0000 0.0000 -11.3628 -8.4925 -73.4688 4.8506 4.5228 -3.5812 0.0000 0.0000 0.0000 0.0000 0.0000 0.0000 10.0000 0.0000 0.0000 10.0000 0.0000 0.0000 0.0000 0.0000 0.0000 20.0000 0.0000 0.0000 10.0000 0.0000 0.0000 0.0000 0.0000 0.0000 20.0000 0.0000 0.0000 10.0000 0.0000 0.0000 0.0000 0.0000 0.0000 20.0000 0.0000 0.0000 10.0000 0.0000 0.0000 0.0000 0.0000 0.0000 20.0000 0.0000 0.0000 10.0000 0.0000 0.0000 0.0000 0.0000 0.0000 28.6930 -5.2940 20.4926 -59.2871 30.0296 15.1791 0.0000 0.0000 0.0000 0.0000 0.0000 0.0000 10.0000 0.0000 0.0000 10.0000 0.0000 0.0000 0.0000 0.0000 0.0000 20.0000 0.0000 0.0000 10.0000 0.0000 0.0000 0.0000 0.0000 0.0000 20.0000 0.0000 0.0000 10.0000 0.0000 0.0000 0.0000 0.0000 0.0000 20.0000 0.0000 0.0000 10.0000 0.0000 0.0000 0.0000 0.0000 0.0000 20.0000 0.0000 0.0000 10.0000 0.0000 0.0000 0.0000 0.0000 0.0000 0.0000 0.0000 0.0000 0.0000 0.0000 0.0000 0.0000 0.0000 0.0000 0.0000 0.0000 0.0000 0.0000 0.0000 0.0000
0.0000 95.0000 0.0000 0.0000 0.0000 0.0000 0.0000 0.0000 0.0000 0.0000 0.0000 0.0000 0.0000 0.0000 0.0000 0.0000 0.0000 0.0000 0.0000 0.0000 0.0000 0.0000 0.0000 0.0000 -11.5149 -8.5739 -73.2593 5.8653 4.9729 -2.0792 0.0000 0.0000 0.0000 0.0000 0.0000 0.0000 10.0000 0.0000 0.0000 10.0000 0.0000 0.0000 0.0000 0.0000 0.0000 20.0000 0.0000 0.0000 10.0000 0.0000 0.0000 0.0000 0.0000 0.0000 20.0000 0.0000 0.0000 10.0000 0.0000 0.0000 0.0000 0.0000 0.0000 20.0000 0.0000 0.0000 10.0000 0.0000 0.0000 0.0000 0.0000 0.0000 20.0000 0.0000 0.0000 10.0000 0.0000 0.0000 0.0000 0.0000 0.0000 27.7739 -5.1271 20.5292 -58.0797 29.0408 15.2556 0.0000 0.0000 0.0000 0.0000 0.0000 0.0000 10.0000 0.0000 0.0000 10.0000 0.0000 0.0000 0.0000 0.0000 0.0000 20.0000 0.0000 0.0000 10.0000 0.0000 0.0000 0.0000 0.0000 0.0000 20.0000 0.0000 0.0000 10.0000 0.0000 0.0000 0.0000 0.0000 0.0000 20.0000 0.0000 0.0000 10.0000 0.0000 0.0000 0.0000 0.0000 0.0000 20.0000 0.0000 0.0000 10.0000 0.0000 0.0000 0.0000 0.0000 0.0000 0.0000 0.0000 0.0000 0.0000 0.0000 0.0000 0.0000 0.0000 0.0000 0.0000 0.0000 0.0000 0.0000 0.0000 0.0000
0.0000 95.0000 0.0000 0.0000 0.0000 0.0000 0.0000 0.0000 0.0000 0.0000 0.0000 0.0000 0.0000 0.0000 0.0000 0.0000 0.0000 0.0000 0.0000 0.0000 0.0000 0.0000 0.0000 0.0000 -11.9094 -8.9761 -73.9243 6.8600 5.5656 -0.9867 0.0000 0.0000 0.0000 0.0000 0.0000 0.0000 10.0000 0.0000 0.0000 10.0000 0.0000 0.0000 0.0000 0.0000 0.0000 20.0000 0.0000 0.0000 10.0000 0.0000 0.0000 0.0000 0.0000 0.0000 20.0000 0.0000 0.0000 10.0000 0.0000 0.0000 0.0000 0.0000 0.0000 20.0000 0.0000 0.0000 10.0000 0.0000 0.0000 0.0000 0.0000 0.0000 20.0000 0.0000 0.0000 10.0000 0.0000 0.0000 0.0000 0.0000 0.0000 27.1023 -4.7682 19.6013 -57.2619 28.1132 15.7760 0.0000 0.0000 0.0000 0.0000 0.0000 0.0000 10.0000 0.0000 0.0000 10.0000 0.0000 0.0000 0.0000 0.0000 0.0000 20.0000 0.0000 0.0000 10.0000 0.0000 0.0000 0.0000 0.0000 0.0000 20.0000 0.0000 0.0000 10.0000 0.0000 0.0000 0.0000 0.0000 0.0000 20.0000 0.0000 0.0000 10.0000 0.0000 0.0000 0.0000 0.0000 0.0000 20.0000 0.0000 0.0000 10.0000 0.0000 0.0000 0.0000 0.0000 0.0000 0.0000 0.0000 0.0000 0.0000 0.0000 0.0000 0.0000 0.0000 0.0000 0.0000 0.0000 0.0000 0.0000 0.0000 0.0000
0.0000 95.0000 0.0000 0.0000 0.0000 0.0000 0.0000 0.0000 0.0000 0.0000 0.0000 0.0000 0.0000 0.0000 0.0000 0.0000 0.0000 0.0000 0.0000 0.0000 0.0000 0.0000 0.0000 0.0000 -11.3693 -8.4894 -73.4168 6.1598 5.1509 -1.8169 0.0000 0.0000 0.0000 0.0000 0.0000 0.0000 10.0000 0.0000 0.0000 10.0000 0.0000 0.0000 0.0000 0.0000 0.0000 20.0000 0.0000 0.0000 10.0000 0.0000 0.0000 0.0000 0.0000 0.0000 20.0000 0.0000 0.0000 10.0000 0.0000 0.0000 0.0000 0.0000 0.0000 20.0000 0.0000 0.0000 10.0000 0.0000 0.0000 0.0000 0.0000 0.0000 20.0000 0.0000 0.0000 10.0000 0.0000 0.0000 0.0000 0.0000 0.0000 25.7712 -3.9755 17.2535 -58.2643 25.0638 14.3548 0.0000 0.0000 0.0000 0.0000 0.0000 0.0000 10.0000 0.0000 0.0000 10.0000 0.0000 0.0000 0.0000 0.0000 0.0000 20.0000 0.0000 0.0000 10.0000 0.0000 0.0000 0.0000 0.0000 0.0000 20.0000 0.0000 0.0000 10.0000 0.0000 0.0000 0.0000 0.0000 0.0000 20.0000 0.0000 0.0000 10.0000 0.0000 0.0000 0.0000 0.0000 0.0000 20.0000 0.0000 0.0000 10.0000 0.0000 0.0000 0.0000 0.0000 0.0000 0.0000 0.0000 0.0000 0.0000 0.0000 0.0000 0.0000 0.0000 0.0000 0.0000 0.0000 0.0000 0.0000 0.0000 0.0000
0.0000 95.0000 0.0000 0.0000 0.0000 0.0000 0.0000 0.0000 0.0000 0.0000 0.0000 0.0000 0.0000 0.0000 0.0000 0.0000 0.0000 0.0000 0.0000 0.0000 0.0000 0.0000 0.0000 0.0000 -12.5667 -8.9028 -70.5222 6.5374 5.7011 -3.6262 0.0000 0.0000 0.0000 0.0000 0.0000 0.0000 10.0000 0.0000 0.0000 10.0000 0.0000 0.0000 0.0000 0.0000 0.0000 20.0000 0.0000 0.0000 10.0000 0.0000 0.0000 0.0000 0.0000 0.0000 20.0000 0.0000 0.0000 10.0000 0.0000 0.0000 0.0000 0.0000 0.0000 20.0000 0.0000 0.0000 10.0000 0.0000 0.0000 0.0000 0.0000 0.0000 20.0000 0.0000 0.0000 10.0000 0.0000 0.0000 0.0000 0.0000 0.0000 24.6250 -3.2287 14.7151 -57.9133 23.2964 15.0207 0.0000 0.0000 0.0000 0.0000 0.0000 0.0000 10.0000 0.0000 0.0000 10.0000 0.0000 0.0000 0.0000 0.0000 0.0000 20.0000 0.0000 0.0000 10.0000 0.0000 0.0000 0.0000 0.0000 0.0000 20.0000 0.0000 0.0000 10.0000 0.0000 0.0000 0.0000 0.0000 0.0000 20.0000 0.0000 0.0000 10.0000 0.0000 0.0000 0.0000 0.0000 0.0000 20.0000 0.0000 0.0000 10.0000 0.0000 0.0000 0.0000 0.0000 0.0000 0.0000 0.0000 0.0000 0.0000 0.0000 0.0000 0.0000 0.0000 0.0000 0.0000 0.0000 0.0000 0.0000 0.0000 0.0000
0.0000 95.0000 0.0000 0.0000 0.0000 0.0000 0.0000 0.0000 0.0000 0.0000 0.0000 0.0000 0.0000 0.0000 0.0000 0.0000 0.0000 0.0000 0.0000 0.0000 0.0000 0.0000 0.0000 0.0000 -13.4750 -9.5529 -70.5442 7.1092 6.8019 -5.6154 0.0000 0.0000 0.0000 0.0000 0.0000 0.0000 10.0000 0.0000 0.0000 10.0000 0.0000 0.0000 0.0000 0.0000 0.0000 20.0000 0.0000 0.0000 10.0000 0.0000 0.0000 0.0000 0.0000 0.0000 20.0000 0.0000 0.0000 10.0000 0.0000 0.0000 0.0000 0.0000 0.0000 20.0000 0.0000 0.0000 10.0000 0.0000 0.0000 0.0000 0.0000 0.0000 20.0000 0.0000 0.0000 10.0000 0.0000 0.0000 0.0000 0.0000 0.0000 23.9700 -3.0407 14.2532 -58.5621 23.9235 15.9842 0.0000 0.0000 0.0000 0.0000 0.0000 0.0000 10.0000 0.0000 0.0000 10.0000 0.0000 0.0000 0.0000 0.0000 0.0000 20.0000 0.0000 0.0000 10.0000 0.0000 0.0000 0.0000 0.0000 0.0000 20.0000 0.0000 0.0000 10.0000 0.0000 0.0000 0.0000 0.0000 0.0000 20.0000 0.0000 0.0000 10.0000 0.0000 0.0000 0.0000 0.0000 0.0000 20.0000 0.0000 0.0000 10.0000 0.0000 0.0000 0.0000 0.0000 0.0000 0.0000 0.0000 0.0000 0.0000 0.0000 0.0000 0.0000 0.0000 0.0000 0.0000 0.0000 0.0000 0.0000 0.0000 0.0000
0.0000 95.0000 0.0000 0.0000 0.0000 0.0000 0.0000 0.0000 0.0000 0.0000 0.0000 0.0000 0.0000 0.0000 0.0000 0.0000 0.0000 0.0000 0.0000 0.0000 0.0000 0.0000 0.0000 0.0000 -13.2497 -9.6532 -72.0369 7.8844 6.7323 -2.7330 0.0000 0.0000 0.0000 0.0000 0.0000 0.0000 10.0000 0.0000 0.0000 10.0000 0.0000 0.0000 0.0000 0.0000 0.0000 20.0000 0.0000 0.0000 10.0000 0.0000 0.0000 0.0000 0.0000 0.0000 20.0000 0.0000 0.0000 10.0000 0.0000 0.0000 0.0000 0.0000 0.0000 20.0000 0.0000 0.0000 10.0000 0.0000 0.0000 0.0000 0.0000 0.0000 20.0000 0.0000 0.0000 10.0000 0.0000 0.0000 0.0000 0.0000 0.0000 23.6669 -3.1942 15.1604 -59.5356 25.2585 16.3363 0.0000 0.0000 0.0000 0.0000 0.0000 0.0000 10.0000 0.0000 0.0000 10.0000 0.0000 0.0000 0.0000 0.0000 0.0000 20.0000 0.0000 0.0000 10.0000 0.0000 0.0000 0.0000 0.0000 0.0000 20.0000 0.0000 0.0000 10.0000 0.0000 0.0000 0.0000 0.0000 0.0000 20.0000 0.0000 0.0000 10.0000 0.0000 0.0000 0.0000 0.0000 0.0000 20.0000 0.0000 0.0000 10.0000 0.0000 0.0000 0.0000 0.0000 0.0000 0.0000 0.0000 0.0000 0.0000 0.0000 0.0000 0.0000 0.0000 0.0000 0.0000 0.0000 0.0000 0.0000 0.0000 0.0000
0.0000 95.0000 0.0000 0.0000 0.0000 0.0000 0.0000 0.0000 0.0000 0.0000 0.0000 0.0000 0.0000 0.0000 0.0000 0.0000 0.0000 0.0000 0.0000 0.0000 0.0000 0.0000 0.0000 0.0000 -13.0743 -9.7527 -73.3357 8.4161 6.7708 -0.9498 0.0000 0.0000 0.0000 0.0000 0.0000 0.0000 10.0000 0.0000 0.0000 10.0000 0.0000 0.0000 0.0000 0.0000 0.0000 20.0000 0.0000 0.0000 10.0000 0.0000 0.0000 0.0000 0.0000 0.0000 20.0000 0.0000 0.0000 10.0000 0.0000 0.0000 0.0000 0.0000 0.0000 20.0000 0.0000 0.0000 10.0000 0.0000 0.0000 0.0000 0.0000 0.0000 20.0000 0.0000 0.0000 10.0000 0.0000 0.0000 0.0000 0.0000 0.0000 24.2577 -3.6655 16.9376 -59.3812 27.1244 16.7800 0.0000 0.0000 0.0000 0.0000 0.0000 0.0000 10.0000 0.0000 0.0000 10.0000 0.0000 0.0000 0.0000 0.0000 0.0000 20.0000 0.0000 0.0000 10.0000 0.0000 0.0000 0.0000 0.0000 0.0000 20.0000 0.0000 0.0000 10.0000 0.0000 0.0000 0.0000 0.0000 0.0000 20.0000 0.0000 0.0000 10.0000 0.0000 0.0000 0.0000 0.0000 0.0000 20.0000 0.0000 0.0000 10.0000 0.0000 0.0000 0.0000 0.0000 0.0000 0.0000 0.0000 0.0000 0.0000 0.0000 0.0000 0.0000 0.0000 0.0000 0.0000 0.0000 0.0000 0.0000 0.0000 0.0000
0.0000 95.0000 0.0000 0.0000 0.0000 0.0000 0.0000 0.0000 0.0000 0.0000 0.0000 0.0000 0.0000 0.0000 0.0000 0.0000 0.0000 0.0000 0.0000 0.0000 0.0000 0.0000 0.0000 0.0000 -13.5995 -10.0260 -72.6798 8.9947 7.1484 -0.8896 0.0000 0.0000 0.0000 0.0000 0.0000 0.0000 10.0000 0.0000 0.0000 10.0000 0.0000 0.0000 0.0000 0.0000 0.0000 20.0000 0.0000 0.0000 10.0000 0.0000 0.0000 0.0000 0.0000 0.0000 20.0000 0.0000 0.0000 10.0000 0.0000 0.0000 0.0000 0.0000 0.0000 20.0000 0.0000 0.0000 10.0000 0.0000 0.0000 0.0000 0.0000 0.0000 20.0000 0.0000 0.0000 10.0000 0.0000 0.0000 0.0000 0.0000 0.0000 24.4513 -3.8817 17.7778 -59.9388 28.1812 16.8363 0.0000 0.0000 0.0000 0.0000 0.0000 0.0000 10.0000 0.0000 0.0000 10.0000 0.0000 0.0000 0.0000 0.0000 0.0000 20.0000 0.0000 0.0000 10.0000 0.0000 0.0000 0.0000 0.0000 0.0000 20.0000 0.0000 0.0000 10.0000 0.0000 0.0000 0.0000 0.0000 0.0000 20.0000 0.0000 0.0000 10.0000 0.0000 0.0000 0.0000 0.0000 0.0000 20.0000 0.0000 0.0000 10.0000 0.0000 0.0000 0.0000 0.0000 0.0000 0.0000 0.0000 0.0000 0.0000 0.0000 0.0000 0.0000 0.0000 0.0000 0.0000 0.0000 0.0000 0.0000 0.0000 0.0000
0.0000 95.0000 0.0000 0.0000 0.0000 0.0000 0.0000 0.0000 0.0000 0.0000 0.0000 0.0000 0.0000 0.0000 0.0000 0.0000 0.0000 0.0000 0.0000 0.0000 0.0000 0.0000 0.0000 0.0000 -14.1407 -10.3176 -72.1018 8.9711 7.9896 -3.6775 0.0000 0.0000 0.0000 0.0000 0.0000 0.0000 10.0000 0.0000 0.0000 10.0000 0.0000 0.0000 0.0000 0.0000 0.0000 20.0000 0.0000 0.0000 10.0000 0.0000 0.0000 0.0000 0.0000 0.0000 20.0000 0.0000 0.0000 10.0000 0.0000 0.0000 0.0000 0.0000 0.0000 20.0000 0.0000 0.0000 10.0000 0.0000 0.0000 0.0000 0.0000 0.0000 20.0000 0.0000 0.0000 10.0000 0.0000 0.0000 0.0000 0.0000 0.0000 23.9016 -3.3535 15.7487 -59.7544 26.1019 16.5689 0.0000 0.0000 0.0000 0.0000 0.0000 0.0000 10.0000 0.0000 0.0000 10.0000 0.0000 0.0000 0.0000 0.0000 0.0000 20.0000 0.0000 0.0000 10.0000 0.0000 0.0000 0.0000 0.0000 0.0000 20.0000 0.0000 0.0000 10.0000 0.0000 0.0000 0.0000 0.0000 0.0000 20.0000 0.0000 0.0000 10.0000 0.0000 0.0000 0.0000 0.0000 0.0000 20.0000 0.0000 0.0000 10.0000 0.0000 0.0000 0.0000 0.0000 0.0000 0.0000 0.0000 0.0000 0.0000 0.0000 0.0000 0.0000 0.0000 0.0000 0.0000 0.0000 0.0000 0.0000 0.0000 0.0000
0.0000 95.0000 0.0000 0.0000 0.0000 0.0000 0.0000 0.0000 0.0000 0.0000 0.0000 0.0000 0.0000 0.0000 0.0000 0.0000 0.0000 0.0000 0.0000 0.0000 0.0000 0.0000 0.0000 0.0000 -14.6165 -10.4891 -71.1845 8.8261 8.0244 -4.4017 0.0000 0.0000 0.0000 0.0000 0.0000 0.0000 10.0000 0.0000 0.0000 10.0000 0.0000 0.0000 0.0000 0.0000 0.0000 20.0000 0.0000 0.0000 10.0000 0.0000 0.0000 0.0000 0.0000 0.0000 20.0000 0.0000 0.0000 10.0000 0.0000 0.0000 0.0000 0.0000 0.0000 20.0000 0.0000 0.0000 10.0000 0.0000 0.0000 0.0000 0.0000 0.0000 20.0000 0.0000 0.0000 10.0000 0.0000 0.0000 0.0000 0.0000 0.0000 23.8122 -3.0981 14.6176 -60.3477 25.9372 17.0101 0.0000 0.0000 0.0000 0.0000 0.0000 0.0000 10.0000 0.0000 0.0000 10.0000 0.0000 0.0000 0.0000 0.0000 0.0000 20.0000 0.0000 0.0000 10.0000 0.0000 0.0000 0.0000 0.0000 0.0000 20.0000 0.0000 0.0000 10.0000 0.0000 0.0000 0.0000 0.0000 0.0000 20.0000 0.0000 0.0000 10.0000 0.0000 0.0000 0.0000 0.0000 0.0000 20.0000 0.0000 0.0000 10.0000 0.0000 0.0000 0.0000 0.0000 0.0000 0.0000 0.0000 0.0000 0.0000 0.0000 0.0000 0.0000 0.0000 0.0000 0.0000 0.0000 0.0000 0.0000 0.0000 0.0000
0.0000 95.0000 0.0000 0.0000 0.0000 0.0000 0.0000 0.0000 0.0000 0.0000 0.0000 0.0000 0.0000 0.0000 0.0000 0.0000 0.0000 0.0000 0.0000 0.0000 0.0000 0.0000 0.0000 0.0000 -12.7988 -9.2181 -71.4160 7.1684 5.9512 -2.3323 0.0000 0.0000 0.0000 0.0000 0.0000 0.0000 10.0000 0.0000 0.0000 10.0000 0.0000 0.0000 0.0000 0.0000 0.0000 20.0000 0.0000 0.0000 10.0000 0.0000 0.0000 0.0000 0.0000 0.0000 20.0000 0.0000 0.0000 10.0000 0.0000 0.0000 0.0000 0.0000 0.0000 20.0000 0.0000 0.0000 10.0000 0.0000 0.0000 0.0000 0.0000 0.0000 20.0000 0.0000 0.0000 10.0000 0.0000 0.0000 0.0000 0.0000 0.0000 23.1610 -2.8890 14.0311 -60.5793 24.1822 15.7284 0.0000 0.0000 0.0000 0.0000 0.0000 0.0000 10.0000 0.0000 0.0000 10.0000 0.0000 0.0000 0.0000 0.0000 0.0000 20.0000 0.0000 0.0000 10.0000 0.0000 0.0000 0.0000 0.0000 0.0000 20.0000 0.0000 0.0000 10.0000 0.0000 0.0000 0.0000 0.0000 0.0000 20.0000 0.0000 0.0000 10.0000 0.0000 0.0000 0.0000 0.0000 0.0000 20.0000 0.0000 0.0000 10.0000 0.0000 0.0000 0.0000 0.0000 0.0000 0.0000 0.0000 0.0000 0.0000 0.0000 0.0000 0.0000 0.0000 0.0000 0.0000 0.0000 0.0000 0.0000 0.0000 0.0000
0.0000 95.0000 0.0000 0.0000 0.0000 0.0000 0.0000 0.0000 0.0000 0.0000 0.0000 0.0000 0.0000 0.0000 0.0000 0.0000 0.0000 0.0000 0.0000 0.0000 0.0000 0.0000 0.0000 0.0000 -11.2621 -7.6798 -68.4888 4.3540 3.2825 -1.2705 0.0000 0.0000 0.0000 0.0000 0.0000 0.0000 10.0000 0.0000 0.0000 10.0000 0.0000 0.0000 0.0000 0.0000 0.0000 20.0000 0.0000 0.0000 10.0000 0.0000 0.0000 0.0000 0.0000 0.0000 20.0000 0.0000 0.0000 10.0000 0.0000 0.0000 0.0000 0.0000 0.0000 20.0000 0.0000 0.0000 10.0000 0.0000 0.0000 0.0000 0.0000 0.0000 20.0000 0.0000 0.0000 10.0000 0.0000 0.0000 0.0000 0.0000 0.0000 21.6423 -2.4156 12.5886 -61.2193 21.4877 14.1781 0.0000 0.0000 0.0000 0.0000 0.0000 0.0000 10.0000 0.0000 0.0000 10.0000 0.0000 0.0000 0.0000 0.0000 0.0000 20.0000 0.0000 0.0000 10.0000 0.0000 0.0000 0.0000 0.0000 0.0000 20.0000 0.0000 0.0000 10.0000 0.0000 0.0000 0.0000 0.0000 0.0000 20.0000 0.0000 0.0000 10.0000 0.0000 0.0000 0.0000 0.0000 0.0000 20.0000 0.0000 0.0000 10.0000 0.0000 0.0000 0.0000 0.0000 0.0000 0.0000 0.0000 0.0000 0.0000 0.0000 0.0000 0.0000 0.0000 0.0000 0.0000 0.0000 0.0000 0.0000 0.0000 0.0000
0.0000 95.0000 0.0000 0.0000 0.0000 0.0000 0.0000 0.0000 0.0000 0.0000 0.0000 0.0000 0.0000 0.0000 0.0000 0.0000 0.0000 0.0000 0.0000 0.0000 0.0000 0.0000 0.0000 0.0000 -9.0998 -6.2387 -68.8081 2.0805 1.4742 -0.2285 0.0000 0.0000 0.0000 0.0000 0.0000 0.0000 10.0000 0.0000 0.0000 10.0000 0.0000 0.0000 0.0000 0.0000 0.0000 20.0000 0.0000 0.0000 10.0000 0.0000 0.0000 0.0000 0.0000 0.0000 20.0000 0.0000 0.0000 10.0000 0.0000 0.0000 0.0000 0.0000 0.0000 20.0000 0.0000 0.0000 10.0000 0.0000 0.0000 0.0000 0.0000 0.0000 20.0000 0.0000 0.0000 10.0000 0.0000 0.0000 0.0000 0.0000 0.0000 21.1887 -2.4105 12.8353 -61.4151 21.5908 14.1574 0.0000 0.0000 0.0000 0.0000 0.0000 0.0000 10.0000 0.0000 0.0000 10.0000 0.0000 0.0000 0.0000 0.0000 0.0000 20.0000 0.0000 0.0000 10.0000 0.0000 0.0000 0.0000 0.0000 0.0000 20.0000 0.0000 0.0000 10.0000 0.0000 0.0000 0.0000 0.0000 0.0000 20.0000 0.0000 0.0000 10.0000 0.0000 0.0000 0.0000 0.0000 0.0000 20.0000 0.0000 0.0000 10.0000 0.0000 0.0000 0.0000 0.0000 0.0000 0.0000 0.0000 0.0000 0.0000 0.0000 0.0000 0.0000 0.0000 0.0000 0.0000 0.0000 0.0000 0.0000 0.0000 0.0000
0.0000 95.0000 0.0000 0.0000 0.0000 0.0000 0.0000 0.0000 0.0000 0.0000 0.0000 0.0000 0.0000 0.0000 0.0000 0.0000 0.0000 0.0000 0.0000 0.0000 0.0000 0.0000 0.0000 0.0000 -8.0088 -5.4613 -68.5340 0.2281 0.2433 -0.8162 0.0000 0.0000 0.0000 0.0000 0.0000 0.0000 10.0000 0.0000 0.0000 10.0000 0.0000 0.0000 0.0000 0.0000 0.0000 20.0000 0.0000 0.0000 10.0000 0.0000 0.0000 0.0000 0.0000 0.0000 20.0000 0.0000 0.0000 10.0000 0.0000 0.0000 0.0000 0.0000 0.0000 20.0000 0.0000 0.0000 10.0000 0.0000 0.0000 0.0000 0.0000 0.0000 20.0000 0.0000 0.0000 10.0000 0.0000 0.0000 0.0000 0.0000 0.0000 21.2279 -2.4617 13.0814 -60.9020 21.6204 14.2153 0.0000 0.0000 0.0000 0.0000 0.0000 0.0000 10.0000 0.0000 0.0000 10.0000 0.0000 0.0000 0.0000 0.0000 0.0000 20.0000 0.0000 0.0000 10.0000 0.0000 0.0000 0.0000 0.0000 0.0000 20.0000 0.0000 0.0000 10.0000 0.0000 0.0000 0.0000 0.0000 0.0000 20.0000 0.0000 0.0000 10.0000 0.0000 0.0000 0.0000 0.0000 0.0000 20.0000 0.0000 0.0000 10.0000 0.0000 0.0000 0.0000 0.0000 0.0000 0.0000 0.0000 0.0000 0.0000 0.0000 0.0000 0.0000 0.0000 0.0000 0.0000 0.0000 0.0000 0.0000 0.0000 0.0000
0.0000 95.0000 0.0000 0.0000 0.0000 0.0000 0.0000 0.0000 0.0000 0.0000 0.0000 0.0000 0.0000 0.0000 0.0000 0.0000 0.0000 0.0000 0.0000 0.0000 0.0000 0.0000 0.0000 0.0000 -8.3036 -5.8536 -70.3160 1.6265 1.2247 -0.5214 0.0000 0.0000 0.0000 0.0000 0.0000 0.0000 10.0000 0.0000 0.0000 10.0000 0.0000 0.0000 0.0000 0.0000 0.0000 20.0000 0.0000 0.0000 10.0000 0.0000 0.0000 0.0000 0.0000 0.0000 20.0000 0.0000 0.0000 10.0000 0.0000 0.0000 0.0000 0.0000 0.0000 20.0000 0.0000 0.0000 10.0000 0.0000 0.0000 0.0000 0.0000 0.0000 20.0000 0.0000 0.0000 10.0000 0.0000 0.0000 0.0000 0.0000 0.0000 20.9888 -2.4431 13.1332 -60.7114 21.7260 14.4622 0.0000 0.0000 0.0000 0.0000 0.0000 0.0000 10.0000 0.0000 0.0000 10.0000 0.0000 0.0000 0.0000 0.0000 0.0000 20.0000 0.0000 0.0000 10.0000 0.0000 0.0000 0.0000 0.0000 0.0000 20.0000 0.0000 0.0000 10.0000 0.0000 0.0000 0.0000 0.0000 0.0000 20.0000 0.0000 0.0000 10.0000 0.0000 0.0000 0.0000 0.0000 0.0000 20.0000 0.0000 0.0000 10.0000 0.0000 0.0000 0.0000 0.0000 0.0000 0.0000 0.0000 0.0000 0.0000 0.0000 0.0000 0.0000 0.0000 0.0000 0.0000 0.0000 0.0000 0.0000 0.0000 0.0000
0.0000 95.0000 0.0000 0.0000 0.0000 0.0000 0.0000 0.0000 0.0000 0.0000 0.0000 0.0000 0.0000 0.0000 0.0000 0.0000 0.0000 0.0000 0.0000 0.0000 0.0000 0.0000 0.0000 0.0000 -7.9823 -5.7446 -71.4397 1.6832 1.1804 0.3186 0.0000 0.0000 0.0000 0.0000 0.0000 0.0000 10.0000 0.0000 0.0000 10.0000 0.0000 0.0000 0.0000 0.0000 0.0000 20.0000 0.0000 0.0000 10.0000 0.0000 0.0000 0.0000 0.0000 0.0000 20.0000 0.0000 0.0000 10.0000 0.0000 0.0000 0.0000 0.0000 0.0000 20.0000 0.0000 0.0000 10.0000 0.0000 0.0000 0.0000 0.0000 0.0000 20.0000 0.0000 0.0000 10.0000 0.0000 0.0000 0.0000 0.0000 0.0000 22.4915 -3.1040 15.5190 -59.4424 24.3210 15.5273 0.0000 0.0000 0.0000 0.0000 0.0000 0.0000 10.0000 0.0000 0.0000 10.0000 0.0000 0.0000 0.0000 0.0000 0.0000 20.0000 0.0000 0.0000 10.0000 0.0000 0.0000 0.0000 0.0000 0.0000 20.0000 0.0000 0.0000 10.0000 0.0000 0.0000 0.0000 0.0000 0.0000 20.0000 0.0000 0.0000 10.0000 0.0000 0.0000 0.0000 0.0000 0.0000 20.0000 0.0000 0.0000 10.0000 0.0000 0.0000 0.0000 0.0000 0.0000 0.0000 0.0000 0.0000 0.0000 0.0000 0.0000 0.0000 0.0000 0.0000 0.0000 0.0000 0.0000 0.0000 0.0000 0.0000
0.0000 95.0000 0.0000 0.0000 0.0000 0.0000 0.0000 0.0000 0.0000 0.0000 0.0000 0.0000 0.0000 0.0000 0.0000 0.0000 0.0000 0.0000 0.0000 0.0000 0.0000 0.0000 0.0000 0.0000 -9.7313 -7.0224 -71.5678 4.4510 3.1281 0.7012 0.0000 0.0000 0.0000 0.0000 0.0000 0.0000 10.0000 0.0000 0.0000 10.0000 0.0000 0.0000 0.0000 0.0000 0.0000 20.0000 0.0000 0.0000 10.0000 0.0000 0.0000 0.0000 0.0000 0.0000 20.0000 0.0000 0.0000 10.0000 0.0000 0.0000 0.0000 0.0000 0.0000 20.0000 0.0000 0.0000 10.0000 0.0000 0.0000 0.0000 0.0000 0.0000 20.0000 0.0000 0.0000 10.0000 0.0000 0.0000 0.0000 0.0000 0.0000 25.8267 -3.8571 16.7100 -56.8310 25.6426 16.1434 0.0000 0.0000 0.0000 0.0000 0.0000 0.0000 10.0000 0.0000 0.0000 10.0000 0.0000 0.0000 0.0000 0.0000 0.0000 20.0000 0.0000 0.0000 10.0000 0.0000 0.0000 0.0000 0.0000 0.0000 20.0000 0.0000 0.0000 10.0000 0.0000 0.0000 0.0000 0.0000 0.0000 20.0000 0.0000 0.0000 10.0000 0.0000 0.0000 0.0000 0.0000 0.0000 20.0000 0.0000 0.0000 10.0000 0.0000 0.0000 0.0000 0.0000 0.0000 0.0000 0.0000 0.0000 0.0000 0.0000 0.0000 0.0000 0.0000 0.0000 0.0000 0.0000 0.0000 0.0000 0.0000 0.0000
0.0000 95.0000 0.0000 0.0000 0.0000 0.0000 0.0000 0.0000 0.0000 0.0000 0.0000 0.0000 0.0000 0.0000 0.0000 0.0000 0.0000 0.0000 0.0000 0.0000 0.0000 0.0000 0.0000 0.0000 -11.4879 -8.2785 -71.4675 6.0104 4.7244 -1.2448 0.0000 0.0000 0.0000 0.0000 0.0000 0.0000 10.0000 0.0000 0.0000 10.0000 0.0000 0.0000 0.0000 0.0000 0.0000 20.0000 0.0000 0.0000 10.0000 0.0000 0.0000 0.0000 0.0000 0.0000 20.0000 0.0000 0.0000 10.0000 0.0000 0.0000 0.0000 0.0000 0.0000 20.0000 0.0000 0.0000 10.0000 0.0000 0.0000 0.0000 0.0000 0.0000 20.0000 0.0000 0.0000 10.0000 0.0000 0.0000 0.0000 0.0000 0.0000 30.8539 -4.6992 16.9145 -55.3213 24.8095 13.9995 0.0000 0.0000 0.0000 0.0000 0.0000 0.0000 10.0000 0.0000 0.0000 10.0000 0.0000 0.0000 0.0000 0.0000 0.0000 20.0000 0.0000 0.0000 10.0000 0.0000 0.0000 0.0000 0.0000 0.0000 20.0000 0.0000 0.0000 10.0000 0.0000 0.0000 0.0000 0.0000 0.0000 20.0000 0.0000 0.0000 10.0000 0.0000 0.0000 0.0000 0.0000 0.0000 20.0000 0.0000 0.0000 10.0000 0.0000 0.0000 0.0000 0.0000 0.0000 0.0000 0.0000 0.0000 0.0000 0.0000 0.0000 0.0000 0.0000 0.0000 0.0000 0.0000 0.0000 0.0000 0.0000 0.0000
0.0000 95.0000 0.0000 0.0000 0.0000 0.0000 0.0000 0.0000 0.0000 0.0000 0.0000 0.0000 0.0000 0.0000 0.0000 0.0000 0.0000 0.0000 0.0000 0.0000 0.0000 0.0000 0.0000 0.0000 -12.2719 -8.9374 -72.0320 5.7694 4.4819 -0.7133 0.0000 0.0000 0.0000 0.0000 0.0000 0.0000 10.0000 0.0000 0.0000 10.0000 0.0000 0.0000 0.0000 0.0000 0.0000 20.0000 0.0000 0.0000 10.0000 0.0000 0.0000 0.0000 0.0000 0.0000 20.0000 0.0000 0.0000 10.0000 0.0000 0.0000 0.0000 0.0000 0.0000 20.0000 0.0000 0.0000 10.0000 0.0000 0.0000 0.0000 0.0000 0.0000 20.0000 0.0000 0.0000 10.0000 0.0000 0.0000 0.0000 0.0000 0.0000 36.1816 -4.5518 13.8731 -46.0397 21.1234 14.9842 0.0000 0.0000 0.0000 0.0000 0.0000 0.0000 10.0000 0.0000 0.0000 10.0000 0.0000 0.0000 0.0000 0.0000 0.0000 20.0000 0.0000 0.0000 10.0000 0.0000 0.0000 0.0000 0.0000 0.0000 20.0000 0.0000 0.0000 10.0000 0.0000 0.0000 0.0000 0.0000 0.0000 20.0000 0.0000 0.0000 10.0000 0.0000 0.0000 0.0000 0.0000 0.0000 20.0000 0.0000 0.0000 10.0000 0.0000 0.0000 0.0000 0.0000 0.0000 0.0000 0.0000 0.0000 0.0000 0.0000 0.0000 0.0000 0.0000 0.0000 0.0000 0.0000 0.0000 0.0000 0.0000 0.0000
0.0000 95.0000 0.0000 0.0000 0.0000 0.0000 0.0000 0.0000 0.0000 0.0000 0.0000 0.0000 0.0000 0.0000 0.0000 0.0000 0.0000 0.0000 0.0000 0.0000 0.0000 0.0000 0.0000 0.0000 -14.5441 -8.7408 -61.8366 3.6113 -0.5160 13.3515 0.0000 0.0000 0.0000 0.0000 0.0000 0.0000 10.0000 0.0000 0.0000 10.0000 0.0000 0.0000 0.0000 0.0000 0.0000 20.0000 0.0000 0.0000 10.0000 0.0000 0.0000 0.0000 0.0000 0.0000 20.0000 0.0000 0.0000 10.0000 0.0000 0.0000 0.0000 0.0000 0.0000 20.0000 0.0000 0.0000 10.0000 0.0000 0.0000 0.0000 0.0000 0.0000 20.0000 0.0000 0.0000 10.0000 0.0000 0.0000 0.0000 0.0000 0.0000 38.4784 -0.9850 2.8218 -46.2113 6.8142 5.7245 0.0000 0.0000 0.0000 0.0000 0.0000 0.0000 10.0000 0.0000 0.0000 10.0000 0.0000 0.0000 0.0000 0.0000 0.0000 20.0000 0.0000 0.0000 10.0000 0.0000 0.0000 0.0000 0.0000 0.0000 20.0000 0.0000 0.0000 10.0000 0.0000 0.0000 0.0000 0.0000 0.0000 20.0000 0.0000 0.0000 10.0000 0.0000 0.0000 0.0000 0.0000 0.0000 20.0000 0.0000 0.0000 10.0000 0.0000 0.0000 0.0000 0.0000 0.0000 0.0000 0.0000 0.0000 0.0000 0.0000 0.0000 0.0000 0.0000 0.0000 0.0000 0.0000 0.0000 0.0000 0.0000 0.0000
0.0000 95.0000 0.0000 0.0000 0.0000 0.0000 0.0000 0.0000 0.0000 0.0000 0.0000 0.0000 0.0000 0.0000 0.0000 0.0000 0.0000 0.0000 0.0000 0.0000 0.0000 0.0000 0.0000 0.0000 -16.7506 -8.0197 -50.9216 1.4741 -6.3188 40.2649 0.0000 0.0000 0.0000 0.0000 0.0000 0.0000 10.0000 0.0000 0.0000 10.0000 0.0000 0.0000 0.0000 0.0000 0.0000 20.0000 0.0000 0.0000 10.0000 0.0000 0.0000 0.0000 0.0000 0.0000 20.0000 0.0000 0.0000 10.0000 0.0000 0.0000 0.0000 0.0000 0.0000 20.0000 0.0000 0.0000 10.0000 0.0000 0.0000 0.0000 0.0000 0.0000 20.0000 0.0000 0.0000 10.0000 0.0000 0.0000 0.0000 0.0000 0.0000 40.0739 2.2043 -6.0394 -42.8270 6.1555 10.5220 0.0000 0.0000 0.0000 0.0000 0.0000 0.0000 10.0000 0.0000 0.0000 10.0000 0.0000 0.0000 0.0000 0.0000 0.0000 20.0000 0.0000 0.0000 10.0000 0.0000 0.0000 0.0000 0.0000 0.0000 20.0000 0.0000 0.0000 10.0000 0.0000 0.0000 0.0000 0.0000 0.0000 20.0000 0.0000 0.0000 10.0000 0.0000 0.0000 0.0000 0.0000 0.0000 20.0000 0.0000 0.0000 10.0000 0.0000 0.0000 0.0000 0.0000 0.0000 0.0000 0.0000 0.0000 0.0000 0.0000 0.0000 0.0000 0.0000 0.0000 0.0000 0.0000 0.0000 0.0000 0.0000 0.0000
0.0000 95.0000 0.0000 0.0000 0.0000 0.0000 0.0000 0.0000 0.0000 0.0000 0.0000 0.0000 0.0000 0.0000 0.0000 0.0000 0.0000 0.0000 0.0000 0.0000 0.0000 0.0000 0.0000 0.0000 -18.0531 -7.4196 -44.4056 3.1490 -7.1992 43.2189 0.0000 0.0000 0.0000 0.0000 0.0000 0.0000 10.0000 0.0000 0.0000 10.0000 0.0000 0.0000 0.0000 0.0000 0.0000 20.0000 0.0000 0.0000 10.0000 0.0000 0.0000 0.0000 0.0000 0.0000 20.0000 0.0000 0.0000 10.0000 0.0000 0.0000 0.0000 0.0000 0.0000 20.0000 0.0000 0.0000 10.0000 0.0000 0.0000 0.0000 0.0000 0.0000 20.0000 0.0000 0.0000 10.0000 0.0000 0.0000 0.0000 0.0000 0.0000 41.5516 4.9344 -12.9591 -41.0989 9.4947 18.1817 0.0000 0.0000 0.0000 0.0000 0.0000 0.0000 10.0000 0.0000 0.0000 10.0000 0.0000 0.0000 0.0000 0.0000 0.0000 20.0000 0.0000 0.0000 10.0000 0.0000 0.0000 0.0000 0.0000 0.0000 20.0000 0.0000 0.0000 10.0000 0.0000 0.0000 0.0000 0.0000 0.0000 20.0000 0.0000 0.0000 10.0000 0.0000 0.0000 0.0000 0.0000 0.0000 20.0000 0.0000 0.0000 10.0000 0.0000 0.0000 0.0000 0.0000 0.0000 0.0000 0.0000 0.0000 0.0000 0.0000 0.0000 0.0000 0.0000 0.0000 0.0000 0.0000 0.0000 0.0000 0.0000 0.0000
0.0000 95.0000 0.0000 0.0000 0.0000 0.0000 0.0000 0.0000 0.0000 0.0000 0.0000 0.0000 0.0000 0.0000 0.0000 0.0000 0.0000 0.0000 0.0000 0.0000 0.0000 0.0000 0.0000 0.0000 -18.7272 -7.5204 -43.4613 6.4611 -4.8381 31.4311 0.0000 0.0000 0.0000 0.0000 0.0000 0.0000 10.0000 0.0000 0.0000 10.0000 0.0000 0.0000 0.0000 0.0000 0.0000 20.0000 0.0000 0.0000 10.0000 0.0000 0.0000 0.0000 0.0000 0.0000 20.0000 0.0000 0.0000 10.0000 0.0000 0.0000 0.0000 0.0000 0.0000 20.0000 0.0000 0.0000 10.0000 0.0000 0.0000 0.0000 0.0000 0.0000 20.0000 0.0000 0.0000 10.0000 0.0000 0.0000 0.0000 0.0000 0.0000 45.4698 2.5259 -6.0236 -44.0611 8.0903 11.6511 0.0000 0.0000 0.0000 0.0000 0.0000 0.0000 10.0000 0.0000 0.0000 10.0000 0.0000 0.0000 0.0000 0.0000 0.0000 20.0000 0.0000 0.0000 10.0000 0.0000 0.0000 0.0000 0.0000 0.0000 20.0000 0.0000 0.0000 10.0000 0.0000 0.0000 0.0000 0.0000 0.0000 20.0000 0.0000 0.0000 10.0000 0.0000 0.0000 0.0000 0.0000 0.0000 20.0000 0.0000 0.0000 10.0000 0.0000 0.0000 0.0000 0.0000 0.0000 0.0000 0.0000 0.0000 0.0000 0.0000 0.0000 0.0000 0.0000 0.0000 0.0000 0.0000 0.0000 0.0000 0.0000 0.0000
0.0000 95.0000 0.0000 0.0000 0.0000 0.0000 0.0000 0.0000 0.0000 0.0000 0.0000 0.0000 0.0000 0.0000 0.0000 0.0000 0.0000 0.0000 0.0000 0.0000 0.0000 0.0000 0.0000 0.0000 -19.1524 -8.1850 -45.9632 9.7564 -0.6645 17.3328 0.0000 0.0000 0.0000 0.0000 0.0000 0.0000 10.0000 0.0000 0.0000 10.0000 0.0000 0.0000 0.0000 0.0000 0.0000 20.0000 0.0000 0.0000 10.0000 0.0000 0.0000 0.0000 0.0000 0.0000 20.0000 0.0000 0.0000 10.0000 0.0000 0.0000 0.0000 0.0000 0.0000 20.0000 0.0000 0.0000 10.0000 0.0000 0.0000 0.0000 0.0000 0.0000 20.0000 0.0000 0.0000 10.0000 0.0000 0.0000 0.0000 0.0000 0.0000 49.2380 2.8507 -6.2161 -47.9572 9.4101 12.0247 0.0000 0.0000 0.0000 0.0000 0.0000 0.0000 10.0000 0.0000 0.0000 10.0000 0.0000 0.0000 0.0000 0.0000 0.0000 20.0000 0.0000 0.0000 10.0000 0.0000 0.0000 0.0000 0.0000 0.0000 20.0000 0.0000 0.0000 10.0000 0.0000 0.0000 0.0000 0.0000 0.0000 20.0000 0.0000 0.0000 10.0000 0.0000 0.0000 0.0000 0.0000 0.0000 20.0000 0.0000 0.0000 10.0000 0.0000 0.0000 0.0000 0.0000 0.0000 0.0000 0.0000 0.0000 0.0000 0.0000 0.0000 0.0000 0.0000 0.0000 0.0000 0.0000 0.0000 0.0000 0.0000 0.0000
0.0000 95.0000 0.0000 0.0000 0.0000 0.0000 0.0000 0.0000 0.0000 0.0000 0.0000 0.0000 0.0000 0.0000 0.0000 0.0000 0.0000 0.0000 0.0000 0.0000 0.0000 0.0000 0.0000 0.0000 -19.5784 -9.1394 -49.7112 12.4295 3.5979 7.3790 0.0000 0.0000 0.0000 0.0000 0.0000 0.0000 10.0000 0.0000 0.0000 10.0000 0.0000 0.0000 0.0000 0.0000 0.0000 20.0000 0.0000 0.0000 10.0000 0.0000 0.0000 0.0000 0.0000 0.0000 20.0000 0.0000 0.0000 10.0000 0.0000 0.0000 0.0000 0.0000 0.0000 20.0000 0.0000 0.0000 10.0000 0.0000 0.0000 0.0000 0.0000 0.0000 20.0000 0.0000 0.0000 10.0000 0.0000 0.0000 0.0000 0.0000 0.0000 53.8425 3.2725 -6.4395 -53.6101 10.8639 12.0446 0.0000 0.0000 0.0000 0.0000 0.0000 0.0000 10.0000 0.0000 0.0000 10.0000 0.0000 0.0000 0.0000 0.0000 0.0000 20.0000 0.0000 0.0000 10.0000 0.0000 0.0000 0.0000 0.0000 0.0000 20.0000 0.0000 0.0000 10.0000 0.0000 0.0000 0.0000 0.0000 0.0000 20.0000 0.0000 0.0000 10.0000 0.0000 0.0000 0.0000 0.0000 0.0000 20.0000 0.0000 0.0000 10.0000 0.0000 0.0000 0.0000 0.0000 0.0000 0.0000 0.0000 0.0000 0.0000 0.0000 0.0000 0.0000 0.0000 0.0000 0.0000 0.0000 0.0000 0.0000 0.0000 0.0000
0.0000 95.0000 0.0000 0.0000 0.0000 0.0000 0.0000 0.0000 0.0000 0.0000 0.0000 0.0000 0.0000 0.0000 0.0000 0.0000 0.0000 0.0000 0.0000 0.0000 0.0000 0.0000 0.0000 0.0000 -20.0373 -10.1727 -53.4803 14.4163 6.9106 2.2711 0.0000 0.0000 0.0000 0.0000 0.0000 0.0000 10.0000 0.0000 0.0000 10.0000 0.0000 0.0000 0.0000 0.0000 0.0000 20.0000 0.0000 0.0000 10.0000 0.0000 0.0000 0.0000 0.0000 0.0000 20.0000 0.0000 0.0000 10.0000 0.0000 0.0000 0.0000 0.0000 0.0000 20.0000 0.0000 0.0000 10.0000 0.0000 0.0000 0.0000 0.0000 0.0000 20.0000 0.0000 0.0000 10.0000 0.0000 0.0000 0.0000 0.0000 0.0000 59.3368 3.8178 -6.6967 -60.6101 12.4286 11.7160 0.0000 0.0000 0.0000 0.0000 0.0000 0.0000 10.0000 0.0000 0.0000 10.0000 0.0000 0.0000 0.0000 0.0000 0.0000 20.0000 0.0000 0.0000 10.0000 0.0000 0.0000 0.0000 0.0000 0.0000 20.0000 0.0000 0.0000 10.0000 0.0000 0.0000 0.0000 0.0000 0.0000 20.0000 0.0000 0.0000 10.0000 0.0000 0.0000 0.0000 0.0000 0.0000 20.0000 0.0000 0.0000 10.0000 0.0000 0.0000 0.0000 0.0000 0.0000 0.0000 0.0000 0.0000 0.0000 0.0000 0.0000 0.0000 0.0000 0.0000 0.0000 0.0000 0.0000 0.0000 0.0000 0.0000
0.0000 95.0000 0.0000 0.0000 0.0000 0.0000 0.0000 0.0000 0.0000 0.0000 0.0000 0.0000 0.0000 0.0000 0.0000 0.0000 0.0000 0.0000 0.0000 0.0000 0.0000 0.0000 0.0000 0.0000 -20.5297 -11.1811 -56.7830 15.7444 10.8000 -3.6169 0.0000 0.0000 0.0000 0.0000 0.0000 0.0000 10.0000 0.0000 0.0000 10.0000 0.0000 0.0000 0.0000 0.0000 0.0000 20.0000 0.0000 0.0000 10.0000 0.0000 0.0000 0.0000 0.0000 0.0000 20.0000 0.0000 0.0000 10.0000 0.0000 0.0000 0.0000 0.0000 0.0000 20.0000 0.0000 0.0000 10.0000 0.0000 0.0000 0.0000 0.0000 0.0000 20.0000 0.0000 0.0000 10.0000 0.0000 0.0000 0.0000 0.0000 0.0000 65.7874 4.5228 -6.9878 -68.7143 14.0900 11.0466 0.0000 0.0000 0.0000 0.0000 0.0000 0.0000 10.0000 0.0000 0.0000 10.0000 0.0000 0.0000 0.0000 0.0000 0.0000 20.0000 0.0000 0.0000 10.0000 0.0000 0.0000 0.0000 0.0000 0.0000 20.0000 0.0000 0.0000 10.0000 0.0000 0.0000 0.0000 0.0000 0.0000 20.0000 0.0000 0.0000 10.0000 0.0000 0.0000 0.0000 0.0000 0.0000 20.0000 0.0000 0.0000 10.0000 0.0000 0.0000 0.0000 0.0000 0.0000 0.0000 0.0000 0.0000 0.0000 0.0000 0.0000 0.0000 0.0000 0.0000 0.0000 0.0000 0.0000 0.0000 0.0000 0.0000
0.0000 95.0000 0.0000 0.0000 0.0000 0.0000 0.0000 0.0000 0.0000 0.0000 0.0000 0.0000 0.0000 0.0000 0.0000 0.0000 0.0000 0.0000 0.0000 0.0000 0.0000 0.0000 0.0000 0.0000 -20.7771 -12.0781 -59.9762 16.4293 13.7455 -7.1856 0.0000 0.0000 0.0000 0.0000 0.0000 0.0000 10.0000 0.0000 0.0000 10.0000 0.0000 0.0000 0.0000 0.0000 0.0000 20.0000 0.0000 0.0000 10.0000 0.0000 0.0000 0.0000 0.0000 0.0000 20.0000 0.0000 0.0000 10.0000 0.0000 0.0000 0.0000 0.0000 0.0000 20.0000 0.0000 0.0000 10.0000 0.0000 0.0000 0.0000 0.0000 0.0000 20.0000 0.0000 0.0000 10.0000 0.0000 0.0000 0.0000 0.0000 0.0000 73.2491 5.4313 -7.3023 -77.8748 15.8317 10.0226 0.0000 0.0000 0.0000 0.0000 0.0000 0.0000 10.0000 0.0000 0.0000 10.0000 0.0000 0.0000 0.0000 0.0000 0.0000 20.0000 0.0000 0.0000 10.0000 0.0000 0.0000 0.0000 0.0000 0.0000 20.0000 0.0000 0.0000 10.0000 0.0000 0.0000 0.0000 0.0000 0.0000 20.0000 0.0000 0.0000 10.0000 0.0000 0.0000 0.0000 0.0000 0.0000 20.0000 0.0000 0.0000 10.0000 0.0000 0.0000 0.0000 0.0000 0.0000 0.0000 0.0000 0.0000 0.0000 0.0000 0.0000 0.0000 0.0000 0.0000 0.0000 0.0000 0.0000 0.0000 0.0000 0.0000
0.0000 95.0000 0.0000 0.0000 0.0000 0.0000 0.0000 0.0000 0.0000 0.0000 0.0000 0.0000 0.0000 0.0000 0.0000 0.0000 0.0000 0.0000 0.0000 0.0000 0.0000 0.0000 0.0000 0.0000 -21.0674 -12.2886 -60.1358 15.9575 14.1828 -8.5989 0.0000 0.0000 0.0000 0.0000 0.0000 0.0000 10.0000 0.0000 0.0000 10.0000 0.0000 0.0000 0.0000 0.0000 0.0000 20.0000 0.0000 0.0000 10.0000 0.0000 0.0000 0.0000 0.0000 0.0000 20.0000 0.0000 0.0000 10.0000 0.0000 0.0000 0.0000 0.0000 0.0000 20.0000 0.0000 0.0000 10.0000 0.0000 0.0000 0.0000 0.0000 0.0000 20.0000 0.0000 0.0000 10.0000 0.0000 0.0000 0.0000 0.0000 0.0000 74.8527 5.7857 -7.5556 -79.3441 16.5266 10.0592 0.0000 0.0000 0.0000 0.0000 0.0000 0.0000 10.0000 0.0000 0.0000 10.0000 0.0000 0.0000 0.0000 0.0000 0.0000 20.0000 0.0000 0.0000 10.0000 0.0000 0.0000 0.0000 0.0000 0.0000 20.0000 0.0000 0.0000 10.0000 0.0000 0.0000 0.0000 0.0000 0.0000 20.0000 0.0000 0.0000 10.0000 0.0000 0.0000 0.0000 0.0000 0.0000 20.0000 0.0000 0.0000 10.0000 0.0000 0.0000 0.0000 0.0000 0.0000 0.0000 0.0000 0.0000 0.0000 0.0000 0.0000 0.0000 0.0000 0.0000 0.0000 0.0000 0.0000 0.0000 0.0000 0.0000
0.0000 95.0000 0.0000 0.0000 0.0000 0.0000 0.0000 0.0000 0.0000 0.0000 0.0000 0.0000 0.0000 0.0000 0.0000 0.0000 0.0000 0.0000 0.0000 0.0000 0.0000 0.0000 0.0000 0.0000 -21.4166 -12.0517 -58.3423 14.5064 13.4529 -10.1649 0.0000 0.0000 0.0000 0.0000 0.0000 0.0000 10.0000 0.0000 0.0000 10.0000 0.0000 0.0000 0.0000 0.0000 0.0000 20.0000 0.0000 0.0000 10.0000 0.0000 0.0000 0.0000 0.0000 0.0000 20.0000 0.0000 0.0000 10.0000 0.0000 0.0000 0.0000 0.0000 0.0000 20.0000 0.0000 0.0000 10.0000 0.0000 0.0000 0.0000 0.0000 0.0000 20.0000 0.0000 0.0000 10.0000 0.0000 0.0000 0.0000 0.0000 0.0000 72.8208 5.7460 -7.7853 -75.8796 16.6183 10.8846 0.0000 0.0000 0.0000 0.0000 0.0000 0.0000 10.0000 0.0000 0.0000 10.0000 0.0000 0.0000 0.0000 0.0000 0.0000 20.0000 0.0000 0.0000 10.0000 0.0000 0.0000 0.0000 0.0000 0.0000 20.0000 0.0000 0.0000 10.0000 0.0000 0.0000 0.0000 0.0000 0.0000 20.0000 0.0000 0.0000 10.0000 0.0000 0.0000 0.0000 0.0000 0.0000 20.0000 0.0000 0.0000 10.0000 0.0000 0.0000 0.0000 0.0000 0.0000 0.0000 0.0000 0.0000 0.0000 0.0000 0.0000 0.0000 0.0000 0.0000 0.0000 0.0000 0.0000 0.0000 0.0000 0.0000
0.0000 95.0000 0.0000 0.0000 0.0000 0.0000 0.0000 0.0000 0.0000 0.0000 0.0000 0.0000 0.0000 0.0000 0.0000 0.0000 0.0000 0.0000 0.0000 0.0000 0.0000 0.0000 0.0000 0.0000 -21.7087 -11.4197 -55.0806 11.8752 11.7498 -12.2053 0.0000 0.0000 0.0000 0.0000 0.0000 0.0000 10.0000 0.0000 0.0000 10.0000 0.0000 0.0000 0.0000 0.0000 0.0000 20.0000 0.0000 0.0000 10.0000 0.0000 0.0000 0.0000 0.0000 0.0000 20.0000 0.0000 0.0000 10.0000 0.0000 0.0000 0.0000 0.0000 0.0000 20.0000 0.0000 0.0000 10.0000 0.0000 0.0000 0.0000 0.0000 0.0000 20.0000 0.0000 0.0000 10.0000 0.0000 0.0000 0.0000 0.0000 0.0000 68.8878 5.4869 -7.9934 -69.5710 16.3087 12.1652 0.0000 0.0000 0.0000 0.0000 0.0000 0.0000 10.0000 0.0000 0.0000 10.0000 0.0000 0.0000 0.0000 0.0000 0.0000 20.0000 0.0000 0.0000 10.0000 0.0000 0.0000 0.0000 0.0000 0.0000 20.0000 0.0000 0.0000 10.0000 0.0000 0.0000 0.0000 0.0000 0.0000 20.0000 0.0000 0.0000 10.0000 0.0000 0.0000 0.0000 0.0000 0.0000 20.0000 0.0000 0.0000 10.0000 0.0000 0.0000 0.0000 0.0000 0.0000 0.0000 0.0000 0.0000 0.0000 0.0000 0.0000 0.0000 0.0000 0.0000 0.0000 0.0000 0.0000 0.0000 0.0000 0.0000
0.0000 95.0000 0.0000 0.0000 0.0000 0.0000 0.0000 0.0000 0.0000 0.0000 0.0000 0.0000 0.0000 0.0000 0.0000 0.0000 0.0000 0.0000 0.0000 0.0000 0.0000 0.0000 0.0000 0.0000 -21.9367 -10.4018 -50.3150 7.7243 8.7156 -13.8786 0.0000 0.0000 0.0000 0.0000 0.0000 0.0000 10.0000 0.0000 0.0000 10.0000 0.0000 0.0000 0.0000 0.0000 0.0000 20.0000 0.0000 0.0000 10.0000 0.0000 0.0000 0.0000 0.0000 0.0000 20.0000 0.0000 0.0000 10.0000 0.0000 0.0000 0.0000 0.0000 0.0000 20.0000 0.0000 0.0000 10.0000 0.0000 0.0000 0.0000 0.0000 0.0000 20.0000 0.0000 0.0000 10.0000 0.0000 0.0000 0.0000 0.0000 0.0000 64.1456 5.1274 -8.1739 -61.8248 15.6972 13.6413 0.0000 0.0000 0.0000 0.0000 0.0000 0.0000 10.0000 0.0000 0.0000 10.0000 0.0000 0.0000 0.0000 0.0000 0.0000 20.0000 0.0000 0.0000 10.0000 0.0000 0.0000 0.0000 0.0000 0.0000 20.0000 0.0000 0.0000 10.0000 0.0000 0.0000 0.0000 0.0000 0.0000 20.0000 0.0000 0.0000 10.0000 0.0000 0.0000 0.0000 0.0000 0.0000 20.0000 0.0000 0.0000 10.0000 0.0000 0.0000 0.0000 0.0000 0.0000 0.0000 0.0000 0.0000 0.0000 0.0000 0.0000 0.0000 0.0000 0.0000 0.0000 0.0000 0.0000 0.0000 0.0000 0.0000
0.0000 95.0000 0.0000 0.0000 0.0000 0.0000 0.0000 0.0000 0.0000 0.0000 0.0000 0.0000 0.0000 0.0000 0.0000 0.0000 0.0000 0.0000 0.0000 0.0000 0.0000 0.0000 0.0000 0.0000 -22.0416 -8.9637 -43.8463 0.3947 2.7399 -10.6343 0.0000 0.0000 0.0000 0.0000 0.0000 0.0000 10.0000 0.0000 0.0000 10.0000 0.0000 0.0000 0.0000 0.0000 0.0000 20.0000 0.0000 0.0000 10.0000 0.0000 0.0000 0.0000 0.0000 0.0000 20.0000 0.0000 0.0000 10.0000 0.0000 0.0000 0.0000 0.0000 0.0000 20.0000 0.0000 0.0000 10.0000 0.0000 0.0000 0.0000 0.0000 0.0000 20.0000 0.0000 0.0000 10.0000 0.0000 0.0000 0.0000 0.0000 0.0000 59.2499 4.7409 -8.3271 -53.4771 14.8567 15.1400 0.0000 0.0000 0.0000 0.0000 0.0000 0.0000 10.0000 0.0000 0.0000 10.0000 0.0000 0.0000 0.0000 0.0000 0.0000 20.0000 0.0000 0.0000 10.0000 0.0000 0.0000 0.0000 0.0000 0.0000 20.0000 0.0000 0.0000 10.0000 0.0000 0.0000 0.0000 0.0000 0.0000 20.0000 0.0000 0.0000 10.0000 0.0000 0.0000 0.0000 0.0000 0.0000 20.0000 0.0000 0.0000 10.0000 0.0000 0.0000 0.0000 0.0000 0.0000 0.0000 0.0000 0.0000 0.0000 0.0000 0.0000 0.0000 0.0000 0.0000 0.0000 0.0000 0.0000 0.0000 0.0000 0.0000
0.0000 95.0000 0.0000 0.0000 0.0000 0.0000 0.0000 0.0000 0.0000 0.0000 0.0000 0.0000 0.0000 0.0000 0.0000 0.0000 0.0000 0.0000 0.0000 0.0000 0.0000 0.0000 0.0000 0.0000 -21.8264 -7.0781 -35.5693 -14.1378 -5.3871 10.6549 0.0000 0.0000 0.0000 0.0000 0.0000 0.0000 10.0000 0.0000 0.0000 10.0000 0.0000 0.0000 0.0000 0.0000 0.0000 20.0000 0.0000 0.0000 10.0000 0.0000 0.0000 0.0000 0.0000 0.0000 20.0000 0.0000 0.0000 10.0000 0.0000 0.0000 0.0000 0.0000 0.0000 20.0000 0.0000 0.0000 10.0000 0.0000 0.0000 0.0000 0.0000 0.0000 20.0000 0.0000 0.0000 10.0000 0.0000 0.0000 0.0000 0.0000 0.0000 53.8641 4.2829 -8.4191 -44.2434 13.7251 16.6900 0.0000 0.0000 0.0000 0.0000 0.0000 0.0000 10.0000 0.0000 0.0000 10.0000 0.0000 0.0000 0.0000 0.0000 0.0000 20.0000 0.0000 0.0000 10.0000 0.0000 0.0000 0.0000 0.0000 0.0000 20.0000 0.0000 0.0000 10.0000 0.0000 0.0000 0.0000 0.0000 0.0000 20.0000 0.0000 0.0000 10.0000 0.0000 0.0000 0.0000 0.0000 0.0000 20.0000 0.0000 0.0000 10.0000 0.0000 0.0000 0.0000 0.0000 0.0000 0.0000 0.0000 0.0000 0.0000 0.0000 0.0000 0.0000 0.0000 0.0000 0.0000 0.0000 0.0000 0.0000 0.0000 0.0000
0.0000 95.0000 0.0000 0.0000 0.0000 0.0000 0.0000 0.0000 0.0000 0.0000 0.0000 0.0000 0.0000 0.0000 0.0000 0.0000 0.0000 0.0000 0.0000 0.0000 0.0000 0.0000 0.0000 0.0000 -17.3984 0.9832 6.4190 -10.6499 1.8627 -21.2574 0.0000 0.0000 0.0000 0.0000 0.0000 0.0000 10.0000 0.0000 0.0000 10.0000 0.0000 0.0000 0.0000 0.0000 0.0000 20.0000 0.0000 0.0000 10.0000 0.0000 0.0000 0.0000 0.0000 0.0000 20.0000 0.0000 0.0000 10.0000 0.0000 0.0000 0.0000 0.0000 0.0000 20.0000 0.0000 0.0000 10.0000 0.0000 0.0000 0.0000 0.0000 0.0000 20.0000 0.0000 0.0000 10.0000 0.0000 0.0000 0.0000 0.0000 0.0000 46.8844 3.3497 -7.7156 -35.9025 10.0927 15.4028 0.0000 0.0000 0.0000 0.0000 0.0000 0.0000 10.0000 0.0000 0.0000 10.0000 0.0000 0.0000 0.0000 0.0000 0.0000 20.0000 0.0000 0.0000 10.0000 0.0000 0.0000 0.0000 0.0000 0.0000 20.0000 0.0000 0.0000 10.0000 0.0000 0.0000 0.0000 0.0000 0.0000 20.0000 0.0000 0.0000 10.0000 0.0000 0.0000 0.0000 0.0000 0.0000 20.0000 0.0000 0.0000 10.0000 0.0000 0.0000 0.0000 0.0000 0.0000 0.0000 0.0000 0.0000 0.0000 0.0000 0.0000 0.0000 0.0000 0.0000 0.0000 0.0000 0.0000 0.0000 0.0000 0.0000
0.0000 95.0000 0.0000 0.0000 0.0000 0.0000 0.0000 0.0000 0.0000 0.0000 0.0000 0.0000 0.0000 0.0000 0.0000 0.0000 0.0000 0.0000 0.0000 0.0000 0.0000 0.0000 0.0000 0.0000 -17.6160 0.8522 5.4955 -10.5906 1.4536 -15.2713 0.0000 0.0000 0.0000 0.0000 0.0000 0.0000 10.0000 0.0000 0.0000 10.0000 0.0000 0.0000 0.0000 0.0000 0.0000 20.0000 0.0000 0.0000 10.0000 0.0000 0.0000 0.0000 0.0000 0.0000 20.0000 0.0000 0.0000 10.0000 0.0000 0.0000 0.0000 0.0000 0.0000 20.0000 0.0000 0.0000 10.0000 0.0000 0.0000 0.0000 0.0000 0.0000 20.0000 0.0000 0.0000 10.0000 0.0000 0.0000 0.0000 0.0000 0.0000 41.0442 2.7315 -7.2888 -30.6238 7.9208 14.4941 0.0000 0.0000 0.0000 0.0000 0.0000 0.0000 10.0000 0.0000 0.0000 10.0000 0.0000 0.0000 0.0000 0.0000 0.0000 20.0000 0.0000 0.0000 10.0000 0.0000 0.0000 0.0000 0.0000 0.0000 20.0000 0.0000 0.0000 10.0000 0.0000 0.0000 0.0000 0.0000 0.0000 20.0000 0.0000 0.0000 10.0000 0.0000 0.0000 0.0000 0.0000 0.0000 20.0000 0.0000 0.0000 10.0000 0.0000 0.0000 0.0000 0.0000 0.0000 0.0000 0.0000 0.0000 0.0000 0.0000 0.0000 0.0000 0.0000 0.0000 0.0000 0.0000 0.0000 0.0000 0.0000 0.0000
0.0000 95.0000 0.0000 0.0000 0.0000 0.0000 0.0000 0.0000 0.0000 0.0000 0.0000 0.0000 0.0000 0.0000 0.0000 0.0000 0.0000 0.0000 0.0000 0.0000 0.0000 0.0000 0.0000 0.0000 -18.7031 -2.0762 -12.5581 -13.0221 -1.7660 6.3093 0.0000 0.0000 0.0000 0.0000 0.0000 0.0000 10.0000 0.0000 0.0000 10.0000 0.0000 0.0000 0.0000 0.0000 0.0000 20.0000 0.0000 0.0000 10.0000 0.0000 0.0000 0.0000 0.0000 0.0000 20.0000 0.0000 0.0000 10.0000 0.0000 0.0000 0.0000 0.0000 0.0000 20.0000 0.0000 0.0000 10.0000 0.0000 0.0000 0.0000 0.0000 0.0000 20.0000 0.0000 0.0000 10.0000 0.0000 0.0000 0.0000 0.0000 0.0000 37.2080 2.3025 -6.8331 -30.0215 6.4264 13.0472 0.0000 0.0000 0.0000 0.0000 0.0000 0.0000 10.0000 0.0000 0.0000 10.0000 0.0000 0.0000 0.0000 0.0000 0.0000 20.0000 0.0000 0.0000 10.0000 0.0000 0.0000 0.0000 0.0000 0.0000 20.0000 0.0000 0.0000 10.0000 0.0000 0.0000 0.0000 0.0000 0.0000 20.0000 0.0000 0.0000 10.0000 0.0000 0.0000 0.0000 0.0000 0.0000 20.0000 0.0000 0.0000 10.0000 0.0000 0.0000 0.0000 0.0000 0.0000 0.0000 0.0000 0.0000 0.0000 0.0000 0.0000 0.0000 0.0000 0.0000 0.0000 0.0000 0.0000 0.0000 0.0000 0.0000
0.0000 95.0000 0.0000 0.0000 0.0000 0.0000 0.0000 0.0000 0.0000 0.0000 0.0000 0.0000 0.0000 0.0000 0.0000 0.0000 0.0000 0.0000 0.0000 0.0000 0.0000 0.0000 0.0000 0.0000 -18.4713 -4.3069 -26.0420 -9.2050 -1.6923 -5.4460 0.0000 0.0000 0.0000 0.0000 0.0000 0.0000 10.0000 0.0000 0.0000 10.0000 0.0000 0.0000 0.0000 0.0000 0.0000 20.0000 0.0000 0.0000 10.0000 0.0000 0.0000 0.0000 0.0000 0.0000 20.0000 0.0000 0.0000 10.0000 0.0000 0.0000 0.0000 0.0000 0.0000 20.0000 0.0000 0.0000 10.0000 0.0000 0.0000 0.0000 0.0000 0.0000 20.0000 0.0000 0.0000 10.0000 0.0000 0.0000 0.0000 0.0000 0.0000 34.0324 2.0732 -6.7672 -27.6135 5.6993 12.8518 0.0000 0.0000 0.0000 0.0000 0.0000 0.0000 10.0000 0.0000 0.0000 10.0000 0.0000 0.0000 0.0000 0.0000 0.0000 20.0000 0.0000 0.0000 10.0000 0.0000 0.0000 0.0000 0.0000 0.0000 20.0000 0.0000 0.0000 10.0000 0.0000 0.0000 0.0000 0.0000 0.0000 20.0000 0.0000 0.0000 10.0000 0.0000 0.0000 0.0000 0.0000 0.0000 20.0000 0.0000 0.0000 10.0000 0.0000 0.0000 0.0000 0.0000 0.0000 0.0000 0.0000 0.0000 0.0000 0.0000 0.0000 0.0000 0.0000 0.0000 0.0000 0.0000 0.0000 0.0000 0.0000 0.0000
0.0000 95.0000 0.0000 0.0000 0.0000 0.0000 0.0000 0.0000 0.0000 0.0000 0.0000 0.0000 0.0000 0.0000 0.0000 0.0000 0.0000 0.0000 0.0000 0.0000 0.0000 0.0000 0.0000 0.0000 -17.3929 -5.8504 -36.9457 -5.8288 -0.1916 -15.0936 0.0000 0.0000 0.0000 0.0000 0.0000 0.0000 10.0000 0.0000 0.0000 10.0000 0.0000 0.0000 0.0000 0.0000 0.0000 20.0000 0.0000 0.0000 10.0000 0.0000 0.0000 0.0000 0.0000 0.0000 20.0000 0.0000 0.0000 10.0000 0.0000 0.0000 0.0000 0.0000 0.0000 20.0000 0.0000 0.0000 10.0000 0.0000 0.0000 0.0000 0.0000 0.0000 20.0000 0.0000 0.0000 10.0000 0.0000 0.0000 0.0000 0.0000 0.0000 32.7455 1.9401 -6.5969 -27.6123 5.3692 12.4996 0.0000 0.0000 0.0000 0.0000 0.0000 0.0000 10.0000 0.0000 0.0000 10.0000 0.0000 0.0000 0.0000 0.0000 0.0000 20.0000 0.0000 0.0000 10.0000 0.0000 0.0000 0.0000 0.0000 0.0000 20.0000 0.0000 0.0000 10.0000 0.0000 0.0000 0.0000 0.0000 0.0000 20.0000 0.0000 0.0000 10.0000 0.0000 0.0000 0.0000 0.0000 0.0000 20.0000 0.0000 0.0000 10.0000 0.0000 0.0000 0.0000 0.0000 0.0000 0.0000 0.0000 0.0000 0.0000 0.0000 0.0000 0.0000 0.0000 0.0000 0.0000 0.0000 0.0000 0.0000 0.0000 0.0000
0.0000 95.0000 0.0000 0.0000 0.0000 0.0000 0.0000 0.0000 0.0000 0.0000 0.0000 0.0000 0.0000 0.0000 0.0000 0.0000 0.0000 0.0000 0.0000 0.0000 0.0000 0.0000 0.0000 0.0000 -20.1425 -5.8164 -31.9242 -5.4227 0.1292 -11.8775 0.0000 0.0000 0.0000 0.0000 0.0000 0.0000 10.0000 0.0000 0.0000 10.0000 0.0000 0.0000 0.0000 0.0000 0.0000 20.0000 0.0000 0.0000 10.0000 0.0000 0.0000 0.0000 0.0000 0.0000 20.0000 0.0000 0.0000 10.0000 0.0000 0.0000 0.0000 0.0000 0.0000 20.0000 0.0000 0.0000 10.0000 0.0000 0.0000 0.0000 0.0000 0.0000 20.0000 0.0000 0.0000 10.0000 0.0000 0.0000 0.0000 0.0000 0.0000 37.4143 4.3781 -12.8810 -30.5963 11.7514 23.8779 0.0000 0.0000 0.0000 0.0000 0.0000 0.0000 10.0000 0.0000 0.0000 10.0000 0.0000 0.0000 0.0000 0.0000 0.0000 20.0000 0.0000 0.0000 10.0000 0.0000 0.0000 0.0000 0.0000 0.0000 20.0000 0.0000 0.0000 10.0000 0.0000 0.0000 0.0000 0.0000 0.0000 20.0000 0.0000 0.0000 10.0000 0.0000 0.0000 0.0000 0.0000 0.0000 20.0000 0.0000 0.0000 10.0000 0.0000 0.0000 0.0000 0.0000 0.0000 0.0000 0.0000 0.0000 0.0000 0.0000 0.0000 0.0000 0.0000 0.0000 0.0000 0.0000 0.0000 0.0000 0.0000 0.0000
0.0000 95.0000 0.0000 0.0000 0.0000 0.0000 0.0000 0.0000 0.0000 0.0000 0.0000 0.0000 0.0000 0.0000 0.0000 0.0000 0.0000 0.0000 0.0000 0.0000 0.0000 0.0000 0.0000 0.0000 -21.9484 -5.1943 -26.3314 -4.8281 0.9701 -13.0071 0.0000 0.0000 0.0000 0.0000 0.0000 0.0000 10.0000 0.0000 0.0000 10.0000 0.0000 0.0000 0.0000 0.0000 0.0000 20.0000 0.0000 0.0000 10.0000 0.0000 0.0000 0.0000 0.0000 0.0000 20.0000 0.0000 0.0000 10.0000 0.0000 0.0000 0.0000 0.0000 0.0000 20.0000 0.0000 0.0000 10.0000 0.0000 0.0000 0.0000 0.0000 0.0000 20.0000 0.0000 0.0000 10.0000 0.0000 0.0000 0.0000 0.0000 0.0000 40.8458 1.8806 -5.0477 -30.7040 19.1321 28.9530 0.0000 0.0000 0.0000 0.0000 0.0000 0.0000 10.0000 0.0000 0.0000 10.0000 0.0000 0.0000 0.0000 0.0000 0.0000 20.0000 0.0000 0.0000 10.0000 0.0000 0.0000 0.0000 0.0000 0.0000 20.0000 0.0000 0.0000 10.0000 0.0000 0.0000 0.0000 0.0000 0.0000 20.0000 0.0000 0.0000 10.0000 0.0000 0.0000 0.0000 0.0000 0.0000 20.0000 0.0000 0.0000 10.0000 0.0000 0.0000 0.0000 0.0000 0.0000 0.0000 0.0000 0.0000 0.0000 0.0000 0.0000 0.0000 0.0000 0.0000 0.0000 0.0000 0.0000 0.0000 0.0000 0.0000
0.0000 95.0000 0.0000 0.0000 0.0000 0.0000 0.0000 0.0000 0.0000 0.0000 0.0000 0.0000 0.0000 0.0000 0.0000 0.0000 0.0000 0.0000 0.0000 0.0000 0.0000 0.0000 0.0000 0.0000 -21.8875 -1.3204 -6.8209 -9.7334 -1.3840 7.4182 0.0000 0.0000 0.0000 0.0000 0.0000 0.0000 10.0000 0.0000 0.0000 10.0000 0.0000 0.0000 0.0000 0.0000 0.0000 20.0000 0.0000 0.0000 10.0000 0.0000 0.0000 0.0000 0.0000 0.0000 20.0000 0.0000 0.0000 10.0000 0.0000 0.0000 0.0000 0.0000 0.0000 20.0000 0.0000 0.0000 10.0000 0.0000 0.0000 0.0000 0.0000 0.0000 20.0000 0.0000 0.0000 10.0000 0.0000 0.0000 0.0000 0.0000 0.0000 42.4046 -11.6450 29.4564 -27.8290 27.8571 22.3257 0.0000 0.0000 0.0000 0.0000 0.0000 0.0000 10.0000 0.0000 0.0000 10.0000 0.0000 0.0000 0.0000 0.0000 0.0000 20.0000 0.0000 0.0000 10.0000 0.0000 0.0000 0.0000 0.0000 0.0000 20.0000 0.0000 0.0000 10.0000 0.0000 0.0000 0.0000 0.0000 0.0000 20.0000 0.0000 0.0000 10.0000 0.0000 0.0000 0.0000 0.0000 0.0000 20.0000 0.0000 0.0000 10.0000 0.0000 0.0000 0.0000 0.0000 0.0000 0.0000 0.0000 0.0000 0.0000 0.0000 0.0000 0.0000 0.0000 0.0000 0.0000 0.0000 0.0000 0.0000 0.0000 0.0000
0.0000 95.0000 0.0000 0.0000 0.0000 0.0000 0.0000 0.0000 0.0000 0.0000 0.0000 0.0000 0.0000 0.0000 0.0000 0.0000 0.0000 0.0000 0.0000 0.0000 0.0000 0.0000 0.0000 0.0000 -20.0598 1.0330 5.8358 -10.9520 1.5684 -12.5514 0.0000 0.0000 0.0000 0.0000 0.0000 0.0000 10.0000 0.0000 0.0000 10.0000 0.0000 0.0000 0.0000 0.0000 0.0000 20.0000 0.0000 0.0000 10.0000 0.0000 0.0000 0.0000 0.0000 0.0000 20.0000 0.0000 0.0000 10.0000 0.0000 0.0000 0.0000 0.0000 0.0000 20.0000 0.0000 0.0000 10.0000 0.0000 0.0000 0.0000 0.0000 0.0000 20.0000 0.0000 0.0000 10.0000 0.0000 0.0000 0.0000 0.0000 0.0000 39.8119 -16.6191 43.9324 -26.6651 26.5412 14.8570 0.0000 0.0000 0.0000 0.0000 0.0000 0.0000 10.0000 0.0000 0.0000 10.0000 0.0000 0.0000 0.0000 0.0000 0.0000 20.0000 0.0000 0.0000 10.0000 0.0000 0.0000 0.0000 0.0000 0.0000 20.0000 0.0000 0.0000 10.0000 0.0000 0.0000 0.0000 0.0000 0.0000 20.0000 0.0000 0.0000 10.0000 0.0000 0.0000 0.0000 0.0000 0.0000 20.0000 0.0000 0.0000 10.0000 0.0000 0.0000 0.0000 0.0000 0.0000 0.0000 0.0000 0.0000 0.0000 0.0000 0.0000 0.0000 0.0000 0.0000 0.0000 0.0000 0.0000 0.0000 0.0000 0.0000
0.0000 95.0000 0.0000 0.0000 0.0000 0.0000 0.0000 0.0000 0.0000 0.0000 0.0000 0.0000 0.0000 0.0000 0.0000 0.0000 0.0000 0.0000 0.0000 0.0000 0.0000 0.0000 0.0000 0.0000 -18.3985 1.8335 11.2853 -11.6424 2.2679 -18.6396 0.0000 0.0000 0.0000 0.0000 0.0000 0.0000 10.0000 0.0000 0.0000 10.0000 0.0000 0.0000 0.0000 0.0000 0.0000 20.0000 0.0000 0.0000 10.0000 0.0000 0.0000 0.0000 0.0000 0.0000 20.0000 0.0000 0.0000 10.0000 0.0000 0.0000 0.0000 0.0000 0.0000 20.0000 0.0000 0.0000 10.0000 0.0000 0.0000 0.0000 0.0000 0.0000 20.0000 0.0000 0.0000 10.0000 0.0000 0.0000 0.0000 0.0000 0.0000 39.7228 -18.5307 48.6084 -26.7039 26.5351 12.1957 0.0000 0.0000 0.0000 0.0000 0.0000 0.0000 10.0000 0.0000 0.0000 10.0000 0.0000 0.0000 0.0000 0.0000 0.0000 20.0000 0.0000 0.0000 10.0000 0.0000 0.0000 0.0000 0.0000 0.0000 20.0000 0.0000 0.0000 10.0000 0.0000 0.0000 0.0000 0.0000 0.0000 20.0000 0.0000 0.0000 10.0000 0.0000 0.0000 0.0000 0.0000 0.0000 20.0000 0.0000 0.0000 10.0000 0.0000 0.0000 0.0000 0.0000 0.0000 0.0000 0.0000 0.0000 0.0000 0.0000 0.0000 0.0000 0.0000 0.0000 0.0000 0.0000 0.0000 0.0000 0.0000 0.0000
0.0000 95.0000 0.0000 0.0000 0.0000 0.0000 0.0000 0.0000 0.0000 0.0000 0.0000 0.0000 0.0000 0.0000 0.0000 0.0000 0.0000 0.0000 0.0000 0.0000 0.0000 0.0000 0.0000 0.0000 -17.4047 1.8401 11.9790 -11.4972 2.2186 -19.3083 0.0000 0.0000 0.0000 0.0000 0.0000 0.0000 10.0000 0.0000 0.0000 10.0000 0.0000 0.0000 0.0000 0.0000 0.0000 20.0000 0.0000 0.0000 10.0000 0.0000 0.0000 0.0000 0.0000 0.0000 20.0000 0.0000 0.0000 10.0000 0.0000 0.0000 0.0000 0.0000 0.0000 20.0000 0.0000 0.0000 10.0000 0.0000 0.0000 0.0000 0.0000 0.0000 20.0000 0.0000 0.0000 10.0000 0.0000 0.0000 0.0000 0.0000 0.0000 40.9279 -19.3661 49.1440 -27.4409 27.3363 11.5106 0.0000 0.0000 0.0000 0.0000 0.0000 0.0000 10.0000 0.0000 0.0000 10.0000 0.0000 0.0000 0.0000 0.0000 0.0000 20.0000 0.0000 0.0000 10.0000 0.0000 0.0000 0.0000 0.0000 0.0000 20.0000 0.0000 0.0000 10.0000 0.0000 0.0000 0.0000 0.0000 0.0000 20.0000 0.0000 0.0000 10.0000 0.0000 0.0000 0.0000 0.0000 0.0000 20.0000 0.0000 0.0000 10.0000 0.0000 0.0000 0.0000 0.0000 0.0000 0.0000 0.0000 0.0000 0.0000 0.0000 0.0000 0.0000 0.0000 0.0000 0.0000 0.0000 0.0000 0.0000 0.0000 0.0000
0.0000 95.0000 0.0000 0.0000 0.0000 0.0000 0.0000 0.0000 0.0000 0.0000 0.0000 0.0000 0.0000 0.0000 0.0000 0.0000 0.0000 0.0000 0.0000 0.0000 0.0000 0.0000 0.0000 0.0000 -16.9614 1.4433 9.6569 -11.1817 1.7963 -16.6450 0.0000 0.0000 0.0000 0.0000 0.0000 0.0000 10.0000 0.0000 0.0000 10.0000 0.0000 0.0000 0.0000 0.0000 0.0000 20.0000 0.0000 0.0000 10.0000 0.0000 0.0000 0.0000 0.0000 0.0000 20.0000 0.0000 0.0000 10.0000 0.0000 0.0000 0.0000 0.0000 0.0000 20.0000 0.0000 0.0000 10.0000 0.0000 0.0000 0.0000 0.0000 0.0000 20.0000 0.0000 0.0000 10.0000 0.0000 0.0000 0.0000 0.0000 0.0000 42.5216 -19.5440 47.7515 -28.4064 28.4313 11.8244 0.0000 0.0000 0.0000 0.0000 0.0000 0.0000 10.0000 0.0000 0.0000 10.0000 0.0000 0.0000 0.0000 0.0000 0.0000 20.0000 0.0000 0.0000 10.0000 0.0000 0.0000 0.0000 0.0000 0.0000 20.0000 0.0000 0.0000 10.0000 0.0000 0.0000 0.0000 0.0000 0.0000 20.0000 0.0000 0.0000 10.0000 0.0000 0.0000 0.0000 0.0000 0.0000 20.0000 0.0000 0.0000 10.0000 0.0000 0.0000 0.0000 0.0000 0.0000 0.0000 0.0000 0.0000 0.0000 0.0000 0.0000 0.0000 0.0000 0.0000 0.0000 0.0000 0.0000 0.0000 0.0000 0.0000
0.0000 95.0000 0.0000 0.0000 0.0000 0.0000 0.0000 0.0000 0.0000 0.0000 0.0000 0.0000 0.0000 0.0000 0.0000 0.0000 0.0000 0.0000 0.0000 0.0000 0.0000 0.0000 0.0000 0.0000 -16.9729 0.8128 5.4432 -10.5545 1.1819 -12.0211 0.0000 0.0000 0.0000 0.0000 0.0000 0.0000 10.0000 0.0000 0.0000 10.0000 0.0000 0.0000 0.0000 0.0000 0.0000 20.0000 0.0000 0.0000 10.0000 0.0000 0.0000 0.0000 0.0000 0.0000 20.0000 0.0000 0.0000 10.0000 0.0000 0.0000 0.0000 0.0000 0.0000 20.0000 0.0000 0.0000 10.0000 0.0000 0.0000 0.0000 0.0000 0.0000 20.0000 0.0000 0.0000 10.0000 0.0000 0.0000 0.0000 0.0000 0.0000 44.0737 -19.2329 45.4270 -29.3438 29.5763 12.7569 0.0000 0.0000 0.0000 0.0000 0.0000 0.0000 10.0000 0.0000 0.0000 10.0000 0.0000 0.0000 0.0000 0.0000 0.0000 20.0000 0.0000 0.0000 10.0000 0.0000 0.0000 0.0000 0.0000 0.0000 20.0000 0.0000 0.0000 10.0000 0.0000 0.0000 0.0000 0.0000 0.0000 20.0000 0.0000 0.0000 10.0000 0.0000 0.0000 0.0000 0.0000 0.0000 20.0000 0.0000 0.0000 10.0000 0.0000 0.0000 0.0000 0.0000 0.0000 0.0000 0.0000 0.0000 0.0000 0.0000 0.0000 0.0000 0.0000 0.0000 0.0000 0.0000 0.0000 0.0000 0.0000 0.0000
0.0000 95.0000 0.0000 0.0000 0.0000 0.0000 0.0000 0.0000 0.0000 0.0000 0.0000 0.0000 0.0000 0.0000 0.0000 0.0000 0.0000 0.0000 0.0000 0.0000 0.0000 0.0000 0.0000 0.0000 -17.2798 -0.1863 -1.2261 -9.6872 0.2212 -4.9094 0.0000 0.0000 0.0000 0.0000 0.0000 0.0000 10.0000 0.0000 0.0000 10.0000 0.0000 0.0000 0.0000 0.0000 0.0000 20.0000 0.0000 0.0000 10.0000 0.0000 0.0000 0.0000 0.0000 0.0000 20.0000 0.0000 0.0000 10.0000 0.0000 0.0000 0.0000 0.0000 0.0000 20.0000 0.0000 0.0000 10.0000 0.0000 0.0000 0.0000 0.0000 0.0000 20.0000 0.0000 0.0000 10.0000 0.0000 0.0000 0.0000 0.0000 0.0000 45.4006 -18.5617 42.6758 -30.1443 30.6639 14.1042 0.0000 0.0000 0.0000 0.0000 0.0000 0.0000 10.0000 0.0000 0.0000 10.0000 0.0000 0.0000 0.0000 0.0000 0.0000 20.0000 0.0000 0.0000 10.0000 0.0000 0.0000 0.0000 0.0000 0.0000 20.0000 0.0000 0.0000 10.0000 0.0000 0.0000 0.0000 0.0000 0.0000 20.0000 0.0000 0.0000 10.0000 0.0000 0.0000 0.0000 0.0000 0.0000 20.0000 0.0000 0.0000 10.0000 0.0000 0.0000 0.0000 0.0000 0.0000 0.0000 0.0000 0.0000 0.0000 0.0000 0.0000 0.0000 0.0000 0.0000 0.0000 0.0000 0.0000 0.0000 0.0000 0.0000
0.0000 95.0000 0.0000 0.0000 0.0000 0.0000 0.0000 0.0000 0.0000 0.0000 0.0000 0.0000 0.0000 0.0000 0.0000 0.0000 0.0000 0.0000 0.0000 0.0000 0.0000 0.0000 0.0000 0.0000 -17.5006 -1.8082 -11.7075 -9.0443 -1.6771 9.9337 0.0000 0.0000 0.0000 0.0000 0.0000 0.0000 10.0000 0.0000 0.0000 10.0000 0.0000 0.0000 0.0000 0.0000 0.0000 20.0000 0.0000 0.0000 10.0000 0.0000 0.0000 0.0000 0.0000 0.0000 20.0000 0.0000 0.0000 10.0000 0.0000 0.0000 0.0000 0.0000 0.0000 20.0000 0.0000 0.0000 10.0000 0.0000 0.0000 0.0000 0.0000 0.0000 20.0000 0.0000 0.0000 10.0000 0.0000 0.0000 0.0000 0.0000 0.0000 46.4377 -17.6412 39.7727 -30.7767 31.6520 15.7327 0.0000 0.0000 0.0000 0.0000 0.0000 0.0000 10.0000 0.0000 0.0000 10.0000 0.0000 0.0000 0.0000 0.0000 0.0000 20.0000 0.0000 0.0000 10.0000 0.0000 0.0000 0.0000 0.0000 0.0000 20.0000 0.0000 0.0000 10.0000 0.0000 0.0000 0.0000 0.0000 0.0000 20.0000 0.0000 0.0000 10.0000 0.0000 0.0000 0.0000 0.0000 0.0000 20.0000 0.0000 0.0000 10.0000 0.0000 0.0000 0.0000 0.0000 0.0000 0.0000 0.0000 0.0000 0.0000 0.0000 0.0000 0.0000 0.0000 0.0000 0.0000 0.0000 0.0000 0.0000 0.0000 0.0000
0.0000 95.0000 0.0000 0.0000 0.0000 0.0000 0.0000 0.0000 0.0000 0.0000 0.0000 0.0000 0.0000 0.0000 0.0000 0.0000 0.0000 0.0000 0.0000 0.0000 0.0000 0.0000 0.0000 0.0000 -17.0451 -3.7756 -24.8094 -6.5798 -1.3606 -1.1320 0.0000 0.0000 0.0000 0.0000 0.0000 0.0000 10.0000 0.0000 0.0000 10.0000 0.0000 0.0000 0.0000 0.0000 0.0000 20.0000 0.0000 0.0000 10.0000 0.0000 0.0000 0.0000 0.0000 0.0000 20.0000 0.0000 0.0000 10.0000 0.0000 0.0000 0.0000 0.0000 0.0000 20.0000 0.0000 0.0000 10.0000 0.0000 0.0000 0.0000 0.0000 0.0000 20.0000 0.0000 0.0000 10.0000 0.0000 0.0000 0.0000 0.0000 0.0000 47.0480 -16.4741 36.7891 -30.9153 32.6145 18.0191 0.0000 0.0000 0.0000 0.0000 0.0000 0.0000 10.0000 0.0000 0.0000 10.0000 0.0000 0.0000 0.0000 0.0000 0.0000 20.0000 0.0000 0.0000 10.0000 0.0000 0.0000 0.0000 0.0000 0.0000 20.0000 0.0000 0.0000 10.0000 0.0000 0.0000 0.0000 0.0000 0.0000 20.0000 0.0000 0.0000 10.0000 0.0000 0.0000 0.0000 0.0000 0.0000 20.0000 0.0000 0.0000 10.0000 0.0000 0.0000 0.0000 0.0000 0.0000 0.0000 0.0000 0.0000 0.0000 0.0000 0.0000 0.0000 0.0000 0.0000 0.0000 0.0000 0.0000 0.0000 0.0000 0.0000
0.0000 95.0000 0.0000 0.0000 0.0000 0.0000 0.0000 0.0000 0.0000 0.0000 0.0000 0.0000 0.0000 0.0000 0.0000 0.0000 0.0000 0.0000 0.0000 0.0000 0.0000 0.0000 0.0000 0.0000 -15.7163 -5.4694 -38.1799 -3.2592 -0.2924 -6.8316 0.0000 0.0000 0.0000 0.0000 0.0000 0.0000 10.0000 0.0000 0.0000 10.0000 0.0000 0.0000 0.0000 0.0000 0.0000 20.0000 0.0000 0.0000 10.0000 0.0000 0.0000 0.0000 0.0000 0.0000 20.0000 0.0000 0.0000 10.0000 0.0000 0.0000 0.0000 0.0000 0.0000 20.0000 0.0000 0.0000 10.0000 0.0000 0.0000 0.0000 0.0000 0.0000 20.0000 0.0000 0.0000 10.0000 0.0000 0.0000 0.0000 0.0000 0.0000 47.2319 -15.1561 33.8481 -30.6930 33.3949 20.6384 0.0000 0.0000 0.0000 0.0000 0.0000 0.0000 10.0000 0.0000 0.0000 10.0000 0.0000 0.0000 0.0000 0.0000 0.0000 20.0000 0.0000 0.0000 10.0000 0.0000 0.0000 0.0000 0.0000 0.0000 20.0000 0.0000 0.0000 10.0000 0.0000 0.0000 0.0000 0.0000 0.0000 20.0000 0.0000 0.0000 10.0000 0.0000 0.0000 0.0000 0.0000 0.0000 20.0000 0.0000 0.0000 10.0000 0.0000 0.0000 0.0000 0.0000 0.0000 0.0000 0.0000 0.0000 0.0000 0.0000 0.0000 0.0000 0.0000 0.0000 0.0000 0.0000 0.0000 0.0000 0.0000 0.0000
0.0000 95.0000 0.0000 0.0000 0.0000 0.0000 0.0000 0.0000 0.0000 0.0000 0.0000 0.0000 0.0000 0.0000 0.0000 0.0000 0.0000 0.0000 0.0000 0.0000 0.0000 0.0000 0.0000 0.0000 -13.9163 -6.4831 -49.7888 -0.7806 0.6777 -7.2234 0.0000 0.0000 0.0000 0.0000 0.0000 0.0000 10.0000 0.0000 0.0000 10.0000 0.0000 0.0000 0.0000 0.0000 0.0000 20.0000 0.0000 0.0000 10.0000 0.0000 0.0000 0.0000 0.0000 0.0000 20.0000 0.0000 0.0000 10.0000 0.0000 0.0000 0.0000 0.0000 0.0000 20.0000 0.0000 0.0000 10.0000 0.0000 0.0000 0.0000 0.0000 0.0000 20.0000 0.0000 0.0000 10.0000 0.0000 0.0000 0.0000 0.0000 0.0000 47.3250 -13.5995 30.4450 -30.6078 33.8603 23.1818 0.0000 0.0000 0.0000 0.0000 0.0000 0.0000 10.0000 0.0000 0.0000 10.0000 0.0000 0.0000 0.0000 0.0000 0.0000 20.0000 0.0000 0.0000 10.0000 0.0000 0.0000 0.0000 0.0000 0.0000 20.0000 0.0000 0.0000 10.0000 0.0000 0.0000 0.0000 0.0000 0.0000 20.0000 0.0000 0.0000 10.0000 0.0000 0.0000 0.0000 0.0000 0.0000 20.0000 0.0000 0.0000 10.0000 0.0000 0.0000 0.0000 0.0000 0.0000 0.0000 0.0000 0.0000 0.0000 0.0000 0.0000 0.0000 0.0000 0.0000 0.0000 0.0000 0.0000 0.0000 0.0000 0.0000
0.0000 95.0000 0.0000 0.0000 0.0000 0.0000 0.0000 0.0000 0.0000 0.0000 0.0000 0.0000 0.0000 0.0000 0.0000 0.0000 0.0000 0.0000 0.0000 0.0000 0.0000 0.0000 0.0000 0.0000 -12.1331 -6.8746 -58.9464 0.7381 1.2722 -5.5168 0.0000 0.0000 0.0000 0.0000 0.0000 0.0000 10.0000 0.0000 0.0000 10.0000 0.0000 0.0000 0.0000 0.0000 0.0000 20.0000 0.0000 0.0000 10.0000 0.0000 0.0000 0.0000 0.0000 0.0000 20.0000 0.0000 0.0000 10.0000 0.0000 0.0000 0.0000 0.0000 0.0000 20.0000 0.0000 0.0000 10.0000 0.0000 0.0000 0.0000 0.0000 0.0000 20.0000 0.0000 0.0000 10.0000 0.0000 0.0000 0.0000 0.0000 0.0000 47.2918 -11.8422 26.6521 -30.6828 34.0724 25.6588 0.0000 0.0000 0.0000 0.0000 0.0000 0.0000 10.0000 0.0000 0.0000 10.0000 0.0000 0.0000 0.0000 0.0000 0.0000 20.0000 0.0000 0.0000 10.0000 0.0000 0.0000 0.0000 0.0000 0.0000 20.0000 0.0000 0.0000 10.0000 0.0000 0.0000 0.0000 0.0000 0.0000 20.0000 0.0000 0.0000 10.0000 0.0000 0.0000 0.0000 0.0000 0.0000 20.0000 0.0000 0.0000 10.0000 0.0000 0.0000 0.0000 0.0000 0.0000 0.0000 0.0000 0.0000 0.0000 0.0000 0.0000 0.0000 0.0000 0.0000 0.0000 0.0000 0.0000 0.0000 0.0000 0.0000
0.0000 95.0000 0.0000 0.0000 0.0000 0.0000 0.0000 0.0000 0.0000 0.0000 0.0000 0.0000 0.0000 0.0000 0.0000 0.0000 0.0000 0.0000 0.0000 0.0000 0.0000 0.0000 0.0000 0.0000 -10.5993 -6.8828 -65.9101 1.6403 1.6181 -3.4555 0.0000 0.0000 0.0000 0.0000 0.0000 0.0000 10.0000 0.0000 0.0000 10.0000 0.0000 0.0000 0.0000 0.0000 0.0000 20.0000 0.0000 0.0000 10.0000 0.0000 0.0000 0.0000 0.0000 0.0000 20.0000 0.0000 0.0000 10.0000 0.0000 0.0000 0.0000 0.0000 0.0000 20.0000 0.0000 0.0000 10.0000 0.0000 0.0000 0.0000 0.0000 0.0000 20.0000 0.0000 0.0000 10.0000 0.0000 0.0000 0.0000 0.0000 0.0000 47.0409 -9.9825 22.6927 -30.9519 33.9603 27.8787 0.0000 0.0000 0.0000 0.0000 0.0000 0.0000 10.0000 0.0000 0.0000 10.0000 0.0000 0.0000 0.0000 0.0000 0.0000 20.0000 0.0000 0.0000 10.0000 0.0000 0.0000 0.0000 0.0000 0.0000 20.0000 0.0000 0.0000 10.0000 0.0000 0.0000 0.0000 0.0000 0.0000 20.0000 0.0000 0.0000 10.0000 0.0000 0.0000 0.0000 0.0000 0.0000 20.0000 0.0000 0.0000 10.0000 0.0000 0.0000 0.0000 0.0000 0.0000 0.0000 0.0000 0.0000 0.0000 0.0000 0.0000 0.0000 0.0000 0.0000 0.0000 0.0000 0.0000 0.0000 0.0000 0.0000
0.0000 95.0000 0.0000 0.0000 0.0000 0.0000 0.0000 0.0000 0.0000 0.0000 0.0000 0.0000 0.0000 0.0000 0.0000 0.0000 0.0000 0.0000 0.0000 0.0000 0.0000 0.0000 0.0000 0.0000 -10.7782 -7.5788 -70.1464 4.4601 3.4824 -1.4326 0.0000 0.0000 0.0000 0.0000 0.0000 0.0000 10.0000 0.0000 0.0000 10.0000 0.0000 0.0000 0.0000 0.0000 0.0000 20.0000 0.0000 0.0000 10.0000 0.0000 0.0000 0.0000 0.0000 0.0000 20.0000 0.0000 0.0000 10.0000 0.0000 0.0000 0.0000 0.0000 0.0000 20.0000 0.0000 0.0000 10.0000 0.0000 0.0000 0.0000 0.0000 0.0000 20.0000 0.0000 0.0000 10.0000 0.0000 0.0000 0.0000 0.0000 0.0000 44.7974 -10.8400 25.9286 -40.2078 32.2654 18.4597 0.0000 0.0000 0.0000 0.0000 0.0000 0.0000 10.0000 0.0000 0.0000 10.0000 0.0000 0.0000 0.0000 0.0000 0.0000 20.0000 0.0000 0.0000 10.0000 0.0000 0.0000 0.0000 0.0000 0.0000 20.0000 0.0000 0.0000 10.0000 0.0000 0.0000 0.0000 0.0000 0.0000 20.0000 0.0000 0.0000 10.0000 0.0000 0.0000 0.0000 0.0000 0.0000 20.0000 0.0000 0.0000 10.0000 0.0000 0.0000 0.0000 0.0000 0.0000 0.0000 0.0000 0.0000 0.0000 0.0000 0.0000 0.0000 0.0000 0.0000 0.0000 0.0000 0.0000 0.0000 0.0000 0.0000
0.0000 95.0000 0.0000 0.0000 0.0000 0.0000 0.0000 0.0000 0.0000 0.0000 0.0000 0.0000 0.0000 0.0000 0.0000 0.0000 0.0000 0.0000 0.0000 0.0000 0.0000 0.0000 0.0000 0.0000 -11.2677 -8.4034 -73.3518 6.2390 5.0512 -1.1996 0.0000 0.0000 0.0000 0.0000 0.0000 0.0000 10.0000 0.0000 0.0000 10.0000 0.0000 0.0000 0.0000 0.0000 0.0000 20.0000 0.0000 0.0000 10.0000 0.0000 0.0000 0.0000 0.0000 0.0000 20.0000 0.0000 0.0000 10.0000 0.0000 0.0000 0.0000 0.0000 0.0000 20.0000 0.0000 0.0000 10.0000 0.0000 0.0000 0.0000 0.0000 0.0000 20.0000 0.0000 0.0000 10.0000 0.0000 0.0000 0.0000 0.0000 0.0000 41.0894 -9.0222 23.7764 -50.3638 30.7468 13.5387 0.0000 0.0000 0.0000 0.0000 0.0000 0.0000 10.0000 0.0000 0.0000 10.0000 0.0000 0.0000 0.0000 0.0000 0.0000 20.0000 0.0000 0.0000 10.0000 0.0000 0.0000 0.0000 0.0000 0.0000 20.0000 0.0000 0.0000 10.0000 0.0000 0.0000 0.0000 0.0000 0.0000 20.0000 0.0000 0.0000 10.0000 0.0000 0.0000 0.0000 0.0000 0.0000 20.0000 0.0000 0.0000 10.0000 0.0000 0.0000 0.0000 0.0000 0.0000 0.0000 0.0000 0.0000 0.0000 0.0000 0.0000 0.0000 0.0000 0.0000 0.0000 0.0000 0.0000 0.0000 0.0000 0.0000
0.0000 95.0000 0.0000 0.0000 0.0000 0.0000 0.0000 0.0000 0.0000 0.0000 0.0000 0.0000 0.0000 0.0000 0.0000 0.0000 0.0000 0.0000 0.0000 0.0000 0.0000 0.0000 0.0000 0.0000 -12.2565 -8.9595 -72.2362 6.5602 6.1279 -4.5600 0.0000 0.0000 0.0000 0.0000 0.0000 0.0000 10.0000 0.0000 0.0000 10.0000 0.0000 0.0000 0.0000 0.0000 0.0000 20.0000 0.0000 0.0000 10.0000 0.0000 0.0000 0.0000 0.0000 0.0000 20.0000 0.0000 0.0000 10.0000 0.0000 0.0000 0.0000 0.0000 0.0000 20.0000 0.0000 0.0000 10.0000 0.0000 0.0000 0.0000 0.0000 0.0000 20.0000 0.0000 0.0000 10.0000 0.0000 0.0000 0.0000 0.0000 0.0000 36.8803 -6.9765 20.7204 -55.0421 31.8275 15.6954 0.0000 0.0000 0.0000 0.0000 0.0000 0.0000 10.0000 0.0000 0.0000 10.0000 0.0000 0.0000 0.0000 0.0000 0.0000 20.0000 0.0000 0.0000 10.0000 0.0000 0.0000 0.0000 0.0000 0.0000 20.0000 0.0000 0.0000 10.0000 0.0000 0.0000 0.0000 0.0000 0.0000 20.0000 0.0000 0.0000 10.0000 0.0000 0.0000 0.0000 0.0000 0.0000 20.0000 0.0000 0.0000 10.0000 0.0000 0.0000 0.0000 0.0000 0.0000 0.0000 0.0000 0.0000 0.0000 0.0000 0.0000 0.0000 0.0000 0.0000 0.0000 0.0000 0.0000 0.0000 0.0000 0.0000
0.0000 95.0000 0.0000 0.0000 0.0000 0.0000 0.0000 0.0000 0.0000 0.0000 0.0000 0.0000 0.0000 0.0000 0.0000 0.0000 0.0000 0.0000 0.0000 0.0000 0.0000 0.0000 0.0000 0.0000 -12.8905 -9.1541 -70.6466 5.9749 6.0803 -6.5438 0.0000 0.0000 0.0000 0.0000 0.0000 0.0000 10.0000 0.0000 0.0000 10.0000 0.0000 0.0000 0.0000 0.0000 0.0000 20.0000 0.0000 0.0000 10.0000 0.0000 0.0000 0.0000 0.0000 0.0000 20.0000 0.0000 0.0000 10.0000 0.0000 0.0000 0.0000 0.0000 0.0000 20.0000 0.0000 0.0000 10.0000 0.0000 0.0000 0.0000 0.0000 0.0000 20.0000 0.0000 0.0000 10.0000 0.0000 0.0000 0.0000 0.0000 0.0000 33.4329 -5.7578 19.0115 -59.5145 31.3687 15.4452 0.0000 0.0000 0.0000 0.0000 0.0000 0.0000 10.0000 0.0000 0.0000 10.0000 0.0000 0.0000 0.0000 0.0000 0.0000 20.0000 0.0000 0.0000 10.0000 0.0000 0.0000 0.0000 0.0000 0.0000 20.0000 0.0000 0.0000 10.0000 0.0000 0.0000 0.0000 0.0000 0.0000 20.0000 0.0000 0.0000 10.0000 0.0000 0.0000 0.0000 0.0000 0.0000 20.0000 0.0000 0.0000 10.0000 0.0000 0.0000 0.0000 0.0000 0.0000 0.0000 0.0000 0.0000 0.0000 0.0000 0.0000 0.0000 0.0000 0.0000 0.0000 0.0000 0.0000 0.0000 0.0000 0.0000
0.0000 95.0000 0.0000 0.0000 0.0000 0.0000 0.0000 0.0000 0.0000 0.0000 0.0000 0.0000 0.0000 0.0000 0.0000 0.0000 0.0000 0.0000 0.0000 0.0000 0.0000 0.0000 0.0000 0.0000 -14.4750 -10.4130 -71.3208 7.7974 7.4800 -5.3157 0.0000 0.0000 0.0000 0.0000 0.0000 0.0000 10.0000 0.0000 0.0000 10.0000 0.0000 0.0000 0.0000 0.0000 0.0000 20.0000 0.0000 0.0000 10.0000 0.0000 0.0000 0.0000 0.0000 0.0000 20.0000 0.0000 0.0000 10.0000 0.0000 0.0000 0.0000 0.0000 0.0000 20.0000 0.0000 0.0000 10.0000 0.0000 0.0000 0.0000 0.0000 0.0000 20.0000 0.0000 0.0000 10.0000 0.0000 0.0000 0.0000 0.0000 0.0000 31.0512 -4.7938 17.1372 -62.0312 30.1628 15.3895 0.0000 0.0000 0.0000 0.0000 0.0000 0.0000 10.0000 0.0000 0.0000 10.0000 0.0000 0.0000 0.0000 0.0000 0.0000 20.0000 0.0000 0.0000 10.0000 0.0000 0.0000 0.0000 0.0000 0.0000 20.0000 0.0000 0.0000 10.0000 0.0000 0.0000 0.0000 0.0000 0.0000 20.0000 0.0000 0.0000 10.0000 0.0000 0.0000 0.0000 0.0000 0.0000 20.0000 0.0000 0.0000 10.0000 0.0000 0.0000 0.0000 0.0000 0.0000 0.0000 0.0000 0.0000 0.0000 0.0000 0.0000 0.0000 0.0000 0.0000 0.0000 0.0000 0.0000 0.0000 0.0000 0.0000
0.0000 95.0000 0.0000 0.0000 0.0000 0.0000 0.0000 0.0000 0.0000 0.0000 0.0000 0.0000 0.0000 0.0000 0.0000 0.0000 0.0000 0.0000 0.0000 0.0000 0.0000 0.0000 0.0000 0.0000 -15.0999 -10.8128 -71.0577 9.1807 8.0626 -3.5918 0.0000 0.0000 0.0000 0.0000 0.0000 0.0000 10.0000 0.0000 0.0000 10.0000 0.0000 0.0000 0.0000 0.0000 0.0000 20.0000 0.0000 0.0000 10.0000 0.0000 0.0000 0.0000 0.0000 0.0000 20.0000 0.0000 0.0000 10.0000 0.0000 0.0000 0.0000 0.0000 0.0000 20.0000 0.0000 0.0000 10.0000 0.0000 0.0000 0.0000 0.0000 0.0000 20.0000 0.0000 0.0000 10.0000 0.0000 0.0000 0.0000 0.0000 0.0000 28.3689 -3.8659 15.2111 -62.1790 27.4666 15.3536 0.0000 0.0000 0.0000 0.0000 0.0000 0.0000 10.0000 0.0000 0.0000 10.0000 0.0000 0.0000 0.0000 0.0000 0.0000 20.0000 0.0000 0.0000 10.0000 0.0000 0.0000 0.0000 0.0000 0.0000 20.0000 0.0000 0.0000 10.0000 0.0000 0.0000 0.0000 0.0000 0.0000 20.0000 0.0000 0.0000 10.0000 0.0000 0.0000 0.0000 0.0000 0.0000 20.0000 0.0000 0.0000 10.0000 0.0000 0.0000 0.0000 0.0000 0.0000 0.0000 0.0000 0.0000 0.0000 0.0000 0.0000 0.0000 0.0000 0.0000 0.0000 0.0000 0.0000 0.0000 0.0000 0.0000
0.0000 95.0000 0.0000 0.0000 0.0000 0.0000 0.0000 0.0000 0.0000 0.0000 0.0000 0.0000 0.0000 0.0000 0.0000 0.0000 0.0000 0.0000 0.0000 0.0000 0.0000 0.0000 0.0000 0.0000 -14.0022 -10.5142 -73.6855 9.3754 7.4650 -0.4594 0.0000 0.0000 0.0000 0.0000 0.0000 0.0000 10.0000 0.0000 0.0000 10.0000 0.0000 0.0000 0.0000 0.0000 0.0000 20.0000 0.0000 0.0000 10.0000 0.0000 0.0000 0.0000 0.0000 0.0000 20.0000 0.0000 0.0000 10.0000 0.0000 0.0000 0.0000 0.0000 0.0000 20.0000 0.0000 0.0000 10.0000 0.0000 0.0000 0.0000 0.0000 0.0000 20.0000 0.0000 0.0000 10.0000 0.0000 0.0000 0.0000 0.0000 0.0000 27.4770 -4.2059 17.0832 -59.8791 28.1838 16.1675 0.0000 0.0000 0.0000 0.0000 0.0000 0.0000 10.0000 0.0000 0.0000 10.0000 0.0000 0.0000 0.0000 0.0000 0.0000 20.0000 0.0000 0.0000 10.0000 0.0000 0.0000 0.0000 0.0000 0.0000 20.0000 0.0000 0.0000 10.0000 0.0000 0.0000 0.0000 0.0000 0.0000 20.0000 0.0000 0.0000 10.0000 0.0000 0.0000 0.0000 0.0000 0.0000 20.0000 0.0000 0.0000 10.0000 0.0000 0.0000 0.0000 0.0000 0.0000 0.0000 0.0000 0.0000 0.0000 0.0000 0.0000 0.0000 0.0000 0.0000 0.0000 0.0000 0.0000 0.0000 0.0000 0.0000
0.0000 95.0000 0.0000 0.0000 0.0000 0.0000 0.0000 0.0000 0.0000 0.0000 0.0000 0.0000 0.0000 0.0000 0.0000 0.0000 0.0000 0.0000 0.0000 0.0000 0.0000 0.0000 0.0000 0.0000 -13.9684 -10.4378 -73.4166 10.0392 7.6277 0.5174 0.0000 0.0000 0.0000 0.0000 0.0000 0.0000 10.0000 0.0000 0.0000 10.0000 0.0000 0.0000 0.0000 0.0000 0.0000 20.0000 0.0000 0.0000 10.0000 0.0000 0.0000 0.0000 0.0000 0.0000 20.0000 0.0000 0.0000 10.0000 0.0000 0.0000 0.0000 0.0000 0.0000 20.0000 0.0000 0.0000 10.0000 0.0000 0.0000 0.0000 0.0000 0.0000 20.0000 0.0000 0.0000 10.0000 0.0000 0.0000 0.0000 0.0000 0.0000 27.1778 -4.3014 17.6621 -58.5154 27.8598 16.2673 0.0000 0.0000 0.0000 0.0000 0.0000 0.0000 10.0000 0.0000 0.0000 10.0000 0.0000 0.0000 0.0000 0.0000 0.0000 20.0000 0.0000 0.0000 10.0000 0.0000 0.0000 0.0000 0.0000 0.0000 20.0000 0.0000 0.0000 10.0000 0.0000 0.0000 0.0000 0.0000 0.0000 20.0000 0.0000 0.0000 10.0000 0.0000 0.0000 0.0000 0.0000 0.0000 20.0000 0.0000 0.0000 10.0000 0.0000 0.0000 0.0000 0.0000 0.0000 0.0000 0.0000 0.0000 0.0000 0.0000 0.0000 0.0000 0.0000 0.0000 0.0000 0.0000 0.0000 0.0000 0.0000 0.0000
0.0000 95.0000 0.0000 0.0000 0.0000 0.0000 0.0000 0.0000 0.0000 0.0000 0.0000 0.0000 0.0000 0.0000 0.0000 0.0000 0.0000 0.0000 0.0000 0.0000 0.0000 0.0000 0.0000 0.0000 -12.9894 -9.6527 -73.1281 8.5856 6.6235 -0.1130 0.0000 0.0000 0.0000 0.0000 0.0000 0.0000 10.0000 0.0000 0.0000 10.0000 0.0000 0.0000 0.0000 0.0000 0.0000 20.0000 0.0000 0.0000 10.0000 0.0000 0.0000 0.0000 0.0000 0.0000 20.0000 0.0000 0.0000 10.0000 0.0000 0.0000 0.0000 0.0000 0.0000 20.0000 0.0000 0.0000 10.0000 0.0000 0.0000 0.0000 0.0000 0.0000 20.0000 0.0000 0.0000 10.0000 0.0000 0.0000 0.0000 0.0000 0.0000 26.0617 -3.9858 17.1011 -57.4289 26.5893 16.4341 0.0000 0.0000 0.0000 0.0000 0.0000 0.0000 10.0000 0.0000 0.0000 10.0000 0.0000 0.0000 0.0000 0.0000 0.0000 20.0000 0.0000 0.0000 10.0000 0.0000 0.0000 0.0000 0.0000 0.0000 20.0000 0.0000 0.0000 10.0000 0.0000 0.0000 0.0000 0.0000 0.0000 20.0000 0.0000 0.0000 10.0000 0.0000 0.0000 0.0000 0.0000 0.0000 20.0000 0.0000 0.0000 10.0000 0.0000 0.0000 0.0000 0.0000 0.0000 0.0000 0.0000 0.0000 0.0000 0.0000 0.0000 0.0000 0.0000 0.0000 0.0000 0.0000 0.0000 0.0000 0.0000 0.0000
0.0000 95.0000 0.0000 0.0000 0.0000 0.0000 0.0000 0.0000 0.0000 0.0000 0.0000 0.0000 0.0000 0.0000 0.0000 0.0000 0.0000 0.0000 0.0000 0.0000 0.0000 0.0000 0.0000 0.0000 -13.3453 -9.6157 -71.4293 8.1136 6.5383 -1.7049 0.0000 0.0000 0.0000 0.0000 0.0000 0.0000 10.0000 0.0000 0.0000 10.0000 0.0000 0.0000 0.0000 0.0000 0.0000 20.0000 0.0000 0.0000 10.0000 0.0000 0.0000 0.0000 0.0000 0.0000 20.0000 0.0000 0.0000 10.0000 0.0000 0.0000 0.0000 0.0000 0.0000 20.0000 0.0000 0.0000 10.0000 0.0000 0.0000 0.0000 0.0000 0.0000 20.0000 0.0000 0.0000 10.0000 0.0000 0.0000 0.0000 0.0000 0.0000 24.7655 -3.3363 15.1122 -57.4348 24.2675 15.9701 0.0000 0.0000 0.0000 0.0000 0.0000 0.0000 10.0000 0.0000 0.0000 10.0000 0.0000 0.0000 0.0000 0.0000 0.0000 20.0000 0.0000 0.0000 10.0000 0.0000 0.0000 0.0000 0.0000 0.0000 20.0000 0.0000 0.0000 10.0000 0.0000 0.0000 0.0000 0.0000 0.0000 20.0000 0.0000 0.0000 10.0000 0.0000 0.0000 0.0000 0.0000 0.0000 20.0000 0.0000 0.0000 10.0000 0.0000 0.0000 0.0000 0.0000 0.0000 0.0000 0.0000 0.0000 0.0000 0.0000 0.0000 0.0000 0.0000 0.0000 0.0000 0.0000 0.0000 0.0000 0.0000 0.0000
0.0000 95.0000 0.0000 0.0000 0.0000 0.0000 0.0000 0.0000 0.0000 0.0000 0.0000 0.0000 0.0000 0.0000 0.0000 0.0000 0.0000 0.0000 0.0000 0.0000 0.0000 0.0000 0.0000 0.0000 -13.8534 -9.8296 -70.5831 8.6347 7.1305 -2.5650 0.0000 0.0000 0.0000 0.0000 0.0000 0.0000 10.0000 0.0000 0.0000 10.0000 0.0000 0.0000 0.0000 0.0000 0.0000 20.0000 0.0000 0.0000 10.0000 0.0000 0.0000 0.0000 0.0000 0.0000 20.0000 0.0000 0.0000 10.0000 0.0000 0.0000 0.0000 0.0000 0.0000 20.0000 0.0000 0.0000 10.0000 0.0000 0.0000 0.0000 0.0000 0.0000 20.0000 0.0000 0.0000 10.0000 0.0000 0.0000 0.0000 0.0000 0.0000 24.4792 -3.2361 14.8380 -60.2431 24.7351 15.3562 0.0000 0.0000 0.0000 0.0000 0.0000 0.0000 10.0000 0.0000 0.0000 10.0000 0.0000 0.0000 0.0000 0.0000 0.0000 20.0000 0.0000 0.0000 10.0000 0.0000 0.0000 0.0000 0.0000 0.0000 20.0000 0.0000 0.0000 10.0000 0.0000 0.0000 0.0000 0.0000 0.0000 20.0000 0.0000 0.0000 10.0000 0.0000 0.0000 0.0000 0.0000 0.0000 20.0000 0.0000 0.0000 10.0000 0.0000 0.0000 0.0000 0.0000 0.0000 0.0000 0.0000 0.0000 0.0000 0.0000 0.0000 0.0000 0.0000 0.0000 0.0000 0.0000 0.0000 0.0000 0.0000 0.0000
0.0000 95.0000 0.0000 0.0000 0.0000 0.0000 0.0000 0.0000 0.0000 0.0000 0.0000 0.0000 0.0000 0.0000 0.0000 0.0000 0.0000 0.0000 0.0000 0.0000 0.0000 0.0000 0.0000 0.0000 -14.2749 -10.1253 -70.5569 9.0373 7.3510 -2.1971 0.0000 0.0000 0.0000 0.0000 0.0000 0.0000 10.0000 0.0000 0.0000 10.0000 0.0000 0.0000 0.0000 0.0000 0.0000 20.0000 0.0000 0.0000 10.0000 0.0000 0.0000 0.0000 0.0000 0.0000 20.0000 0.0000 0.0000 10.0000 0.0000 0.0000 0.0000 0.0000 0.0000 20.0000 0.0000 0.0000 10.0000 0.0000 0.0000 0.0000 0.0000 0.0000 20.0000 0.0000 0.0000 10.0000 0.0000 0.0000 0.0000 0.0000 0.0000 24.5606 -3.2259 14.7418 -61.8872 25.3231 15.1891 0.0000 0.0000 0.0000 0.0000 0.0000 0.0000 10.0000 0.0000 0.0000 10.0000 0.0000 0.0000 0.0000 0.0000 0.0000 20.0000 0.0000 0.0000 10.0000 0.0000 0.0000 0.0000 0.0000 0.0000 20.0000 0.0000 0.0000 10.0000 0.0000 0.0000 0.0000 0.0000 0.0000 20.0000 0.0000 0.0000 10.0000 0.0000 0.0000 0.0000 0.0000 0.0000 20.0000 0.0000 0.0000 10.0000 0.0000 0.0000 0.0000 0.0000 0.0000 0.0000 0.0000 0.0000 0.0000 0.0000 0.0000 0.0000 0.0000 0.0000 0.0000 0.0000 0.0000 0.0000 0.0000 0.0000
0.0000 95.0000 0.0000 0.0000 0.0000 0.0000 0.0000 0.0000 0.0000 0.0000 0.0000 0.0000 0.0000 0.0000 0.0000 0.0000 0.0000 0.0000 0.0000 0.0000 0.0000 0.0000 0.0000 0.0000 -14.6901 -10.2885 -69.8617 9.1440 7.3194 -2.0577 0.0000 0.0000 0.0000 0.0000 0.0000 0.0000 10.0000 0.0000 0.0000 10.0000 0.0000 0.0000 0.0000 0.0000 0.0000 20.0000 0.0000 0.0000 10.0000 0.0000 0.0000 0.0000 0.0000 0.0000 20.0000 0.0000 0.0000 10.0000 0.0000 0.0000 0.0000 0.0000 0.0000 20.0000 0.0000 0.0000 10.0000 0.0000 0.0000 0.0000 0.0000 0.0000 20.0000 0.0000 0.0000 10.0000 0.0000 0.0000 0.0000 0.0000 0.0000 24.7497 -3.1138 14.1237 -62.9791 25.1316 14.8774 0.0000 0.0000 0.0000 0.0000 0.0000 0.0000 10.0000 0.0000 0.0000 10.0000 0.0000 0.0000 0.0000 0.0000 0.0000 20.0000 0.0000 0.0000 10.0000 0.0000 0.0000 0.0000 0.0000 0.0000 20.0000 0.0000 0.0000 10.0000 0.0000 0.0000 0.0000 0.0000 0.0000 20.0000 0.0000 0.0000 10.0000 0.0000 0.0000 0.0000 0.0000 0.0000 20.0000 0.0000 0.0000 10.0000 0.0000 0.0000 0.0000 0.0000 0.0000 0.0000 0.0000 0.0000 0.0000 0.0000 0.0000 0.0000 0.0000 0.0000 0.0000 0.0000 0.0000 0.0000 0.0000 0.0000
0.0000 95.0000 0.0000 0.0000 0.0000 0.0000 0.0000 0.0000 0.0000 0.0000 0.0000 0.0000 0.0000 0.0000 0.0000 0.0000 0.0000 0.0000 0.0000 0.0000 0.0000 0.0000 0.0000 0.0000 -15.1154 -10.3600 -68.6880 9.0479 7.1066 -2.0344 0.0000 0.0000 0.0000 0.0000 0.0000 0.0000 10.0000 0.0000 0.0000 10.0000 0.0000 0.0000 0.0000 0.0000 0.0000 20.0000 0.0000 0.0000 10.0000 0.0000 0.0000 0.0000 0.0000 0.0000 20.0000 0.0000 0.0000 10.0000 0.0000 0.0000 0.0000 0.0000 0.0000 20.0000 0.0000 0.0000 10.0000 0.0000 0.0000 0.0000 0.0000 0.0000 20.0000 0.0000 0.0000 10.0000 0.0000 0.0000 0.0000 0.0000 0.0000 25.0160 -2.9133 13.0780 -63.7677 24.3187 14.4245 0.0000 0.0000 0.0000 0.0000 0.0000 0.0000 10.0000 0.0000 0.0000 10.0000 0.0000 0.0000 0.0000 0.0000 0.0000 20.0000 0.0000 0.0000 10.0000 0.0000 0.0000 0.0000 0.0000 0.0000 20.0000 0.0000 0.0000 10.0000 0.0000 0.0000 0.0000 0.0000 0.0000 20.0000 0.0000 0.0000 10.0000 0.0000 0.0000 0.0000 0.0000 0.0000 20.0000 0.0000 0.0000 10.0000 0.0000 0.0000 0.0000 0.0000 0.0000 0.0000 0.0000 0.0000 0.0000 0.0000 0.0000 0.0000 0.0000 0.0000 0.0000 0.0000 0.0000 0.0000 0.0000 0.0000
0.0000 95.0000 0.0000 0.0000 0.0000 0.0000 0.0000 0.0000 0.0000 0.0000 0.0000 0.0000 0.0000 0.0000 0.0000 0.0000 0.0000 0.0000 0.0000 0.0000 0.0000 0.0000 0.0000 0.0000 -15.5400 -10.3404 -67.0983 8.7749 6.7200 -2.0254 0.0000 0.0000 0.0000 0.0000 0.0000 0.0000 10.0000 0.0000 0.0000 10.0000 0.0000 0.0000 0.0000 0.0000 0.0000 20.0000 0.0000 0.0000 10.0000 0.0000 0.0000 0.0000 0.0000 0.0000 20.0000 0.0000 0.0000 10.0000 0.0000 0.0000 0.0000 0.0000 0.0000 20.0000 0.0000 0.0000 10.0000 0.0000 0.0000 0.0000 0.0000 0.0000 20.0000 0.0000 0.0000 10.0000 0.0000 0.0000 0.0000 0.0000 0.0000 25.3324 -2.6309 11.6679 -64.3410 22.9653 13.8386 0.0000 0.0000 0.0000 0.0000 0.0000 0.0000 10.0000 0.0000 0.0000 10.0000 0.0000 0.0000 0.0000 0.0000 0.0000 20.0000 0.0000 0.0000 10.0000 0.0000 0.0000 0.0000 0.0000 0.0000 20.0000 0.0000 0.0000 10.0000 0.0000 0.0000 0.0000 0.0000 0.0000 20.0000 0.0000 0.0000 10.0000 0.0000 0.0000 0.0000 0.0000 0.0000 20.0000 0.0000 0.0000 10.0000 0.0000 0.0000 0.0000 0.0000 0.0000 0.0000 0.0000 0.0000 0.0000 0.0000 0.0000 0.0000 0.0000 0.0000 0.0000 0.0000 0.0000 0.0000 0.0000 0.0000
0.0000 95.0000 0.0000 0.0000 0.0000 0.0000 0.0000 0.0000 0.0000 0.0000 0.0000 0.0000 0.0000 0.0000 0.0000 0.0000 0.0000 0.0000 0.0000 0.0000 0.0000 0.0000 0.0000 0.0000 -15.9501 -10.2306 -65.1545 8.3492 6.2049 -2.0408 0.0000 0.0000 0.0000 0.0000 0.0000 0.0000 10.0000 0.0000 0.0000 10.0000 0.0000 0.0000 0.0000 0.0000 0.0000 20.0000 0.0000 0.0000 10.0000 0.0000 0.0000 0.0000 0.0000 0.0000 20.0000 0.0000 0.0000 10.0000 0.0000 0.0000 0.0000 0.0000 0.0000 20.0000 0.0000 0.0000 10.0000 0.0000 0.0000 0.0000 0.0000 0.0000 20.0000 0.0000 0.0000 10.0000 0.0000 0.0000 0.0000 0.0000 0.0000 25.6754 -2.2722 9.9468 -64.6831 21.1299 13.1465 0.0000 0.0000 0.0000 0.0000 0.0000 0.0000 10.0000 0.0000 0.0000 10.0000 0.0000 0.0000 0.0000 0.0000 0.0000 20.0000 0.0000 0.0000 10.0000 0.0000 0.0000 0.0000 0.0000 0.0000 20.0000 0.0000 0.0000 10.0000 0.0000 0.0000 0.0000 0.0000 0.0000 20.0000 0.0000 0.0000 10.0000 0.0000 0.0000 0.0000 0.0000 0.0000 20.0000 0.0000 0.0000 10.0000 0.0000 0.0000 0.0000 0.0000 0.0000 0.0000 0.0000 0.0000 0.0000 0.0000 0.0000 0.0000 0.0000 0.0000 0.0000 0.0000 0.0000 0.0000 0.0000 0.0000
0.0000 95.0000 0.0000 0.0000 0.0000 0.0000 0.0000 0.0000 0.0000 0.0000 0.0000 0.0000 0.0000 0.0000 0.0000 0.0000 0.0000 0.0000 0.0000 0.0000 0.0000 0.0000 0.0000 0.0000 -16.3317 -10.0379 -62.9354 7.7943 5.6041 -2.0779 0.0000 0.0000 0.0000 0.0000 0.0000 0.0000 10.0000 0.0000 0.0000 10.0000 0.0000 0.0000 0.0000 0.0000 0.0000 20.0000 0.0000 0.0000 10.0000 0.0000 0.0000 0.0000 0.0000 0.0000 20.0000 0.0000 0.0000 10.0000 0.0000 0.0000 0.0000 0.0000 0.0000 20.0000 0.0000 0.0000 10.0000 0.0000 0.0000 0.0000 0.0000 0.0000 20.0000 0.0000 0.0000 10.0000 0.0000 0.0000 0.0000 0.0000 0.0000 26.0356 -1.8446 7.9665 -64.7204 18.8620 12.3677 0.0000 0.0000 0.0000 0.0000 0.0000 0.0000 10.0000 0.0000 0.0000 10.0000 0.0000 0.0000 0.0000 0.0000 0.0000 20.0000 0.0000 0.0000 10.0000 0.0000 0.0000 0.0000 0.0000 0.0000 20.0000 0.0000 0.0000 10.0000 0.0000 0.0000 0.0000 0.0000 0.0000 20.0000 0.0000 0.0000 10.0000 0.0000 0.0000 0.0000 0.0000 0.0000 20.0000 0.0000 0.0000 10.0000 0.0000 0.0000 0.0000 0.0000 0.0000 0.0000 0.0000 0.0000 0.0000 0.0000 0.0000 0.0000 0.0000 0.0000 0.0000 0.0000 0.0000 0.0000 0.0000 0.0000
0.0000 95.0000 0.0000 0.0000 0.0000 0.0000 0.0000 0.0000 0.0000 0.0000 0.0000 0.0000 0.0000 0.0000 0.0000 0.0000 0.0000 0.0000 0.0000 0.0000 0.0000 0.0000 0.0000 0.0000 -16.6764 -9.7755 -60.5241 7.1349 4.9580 -2.1329 0.0000 0.0000 0.0000 0.0000 0.0000 0.0000 10.0000 0.0000 0.0000 10.0000 0.0000 0.0000 0.0000 0.0000 0.0000 20.0000 0.0000 0.0000 10.0000 0.0000 0.0000 0.0000 0.0000 0.0000 20.0000 0.0000 0.0000 10.0000 0.0000 0.0000 0.0000 0.0000 0.0000 20.0000 0.0000 0.0000 10.0000 0.0000 0.0000 0.0000 0.0000 0.0000 20.0000 0.0000 0.0000 10.0000 0.0000 0.0000 0.0000 0.0000 0.0000 26.4190 -1.3563 5.7738 -64.2689 16.2182 11.5366 0.0000 0.0000 0.0000 0.0000 0.0000 0.0000 10.0000 0.0000 0.0000 10.0000 0.0000 0.0000 0.0000 0.0000 0.0000 20.0000 0.0000 0.0000 10.0000 0.0000 0.0000 0.0000 0.0000 0.0000 20.0000 0.0000 0.0000 10.0000 0.0000 0.0000 0.0000 0.0000 0.0000 20.0000 0.0000 0.0000 10.0000 0.0000 0.0000 0.0000 0.0000 0.0000 20.0000 0.0000 0.0000 10.0000 0.0000 0.0000 0.0000 0.0000 0.0000 0.0000 0.0000 0.0000 0.0000 0.0000 0.0000 0.0000 0.0000 0.0000 0.0000 0.0000 0.0000 0.0000 0.0000 0.0000
0.0000 95.0000 0.0000 0.0000 0.0000 0.0000 0.0000 0.0000 0.0000 0.0000 0.0000 0.0000 0.0000 0.0000 0.0000 0.0000 0.0000 0.0000 0.0000 0.0000 0.0000 0.0000 0.0000 0.0000 -16.9785 -9.4576 -57.9917 6.3936 4.2999 -2.2049 0.0000 0.0000 0.0000 0.0000 0.0000 0.0000 10.0000 0.0000 0.0000 10.0000 0.0000 0.0000 0.0000 0.0000 0.0000 20.0000 0.0000 0.0000 10.0000 0.0000 0.0000 0.0000 0.0000 0.0000 20.0000 0.0000 0.0000 10.0000 0.0000 0.0000 0.0000 0.0000 0.0000 20.0000 0.0000 0.0000 10.0000 0.0000 0.0000 0.0000 0.0000 0.0000 20.0000 0.0000 0.0000 10.0000 0.0000 0.0000 0.0000 0.0000 0.0000 26.8074 -0.8102 3.3988 -63.2285 13.3043 10.6840 0.0000 0.0000 0.0000 0.0000 0.0000 0.0000 10.0000 0.0000 0.0000 10.0000 0.0000 0.0000 0.0000 0.0000 0.0000 20.0000 0.0000 0.0000 10.0000 0.0000 0.0000 0.0000 0.0000 0.0000 20.0000 0.0000 0.0000 10.0000 0.0000 0.0000 0.0000 0.0000 0.0000 20.0000 0.0000 0.0000 10.0000 0.0000 0.0000 0.0000 0.0000 0.0000 20.0000 0.0000 0.0000 10.0000 0.0000 0.0000 0.0000 0.0000 0.0000 0.0000 0.0000 0.0000 0.0000 0.0000 0.0000 0.0000 0.0000 0.0000 0.0000 0.0000 0.0000 0.0000 0.0000 0.0000
0.0000 95.0000 0.0000 0.0000 0.0000 0.0000 0.0000 0.0000 0.0000 0.0000 0.0000 0.0000 0.0000 0.0000 0.0000 0.0000 0.0000 0.0000 0.0000 0.0000 0.0000 0.0000 0.0000 0.0000 -17.2354 -9.0983 -55.3989 5.5912 3.6545 -2.2889 0.0000 0.0000 0.0000 0.0000 0.0000 0.0000 10.0000 0.0000 0.0000 10.0000 0.0000 0.0000 0.0000 0.0000 0.0000 20.0000 0.0000 0.0000 10.0000 0.0000 0.0000 0.0000 0.0000 0.0000 20.0000 0.0000 0.0000 10.0000 0.0000 0.0000 0.0000 0.0000 0.0000 20.0000 0.0000 0.0000 10.0000 0.0000 0.0000 0.0000 0.0000 0.0000 20.0000 0.0000 0.0000 10.0000 0.0000 0.0000 0.0000 0.0000 0.0000 27.1831 -0.2095 0.8663 -61.5933 10.2384 9.8023 0.0000 0.0000 0.0000 0.0000 0.0000 0.0000 10.0000 0.0000 0.0000 10.0000 0.0000 0.0000 0.0000 0.0000 0.0000 20.0000 0.0000 0.0000 10.0000 0.0000 0.0000 0.0000 0.0000 0.0000 20.0000 0.0000 0.0000 10.0000 0.0000 0.0000 0.0000 0.0000 0.0000 20.0000 0.0000 0.0000 10.0000 0.0000 0.0000 0.0000 0.0000 0.0000 20.0000 0.0000 0.0000 10.0000 0.0000 0.0000 0.0000 0.0000 0.0000 0.0000 0.0000 0.0000 0.0000 0.0000 0.0000 0.0000 0.0000 0.0000 0.0000 0.0000 0.0000 0.0000 0.0000 0.0000
0.0000 95.0000 0.0000 0.0000 0.0000 0.0000 0.0000 0.0000 0.0000 0.0000 0.0000 0.0000 0.0000 0.0000 0.0000 0.0000 0.0000 0.0000 0.0000 0.0000 0.0000 0.0000 0.0000 0.0000 -17.4469 -8.7103 -52.7939 4.7471 3.0386 -2.3765 0.0000 0.0000 0.0000 0.0000 0.0000 0.0000 10.0000 0.0000 0.0000 10.0000 0.0000 0.0000 0.0000 0.0000 0.0000 20.0000 0.0000 0.0000 10.0000 0.0000 0.0000 0.0000 0.0000 0.0000 20.0000 0.0000 0.0000 10.0000 0.0000 0.0000 0.0000 0.0000 0.0000 20.0000 0.0000 0.0000 10.0000 0.0000 0.0000 0.0000 0.0000 0.0000 20.0000 0.0000 0.0000 10.0000 0.0000 0.0000 0.0000 0.0000 0.0000 27.5295 0.4417 -1.8027 -59.3920 7.1508 8.8849 0.0000 0.0000 0.0000 0.0000 0.0000 0.0000 10.0000 0.0000 0.0000 10.0000 0.0000 0.0000 0.0000 0.0000 0.0000 20.0000 0.0000 0.0000 10.0000 0.0000 0.0000 0.0000 0.0000 0.0000 20.0000 0.0000 0.0000 10.0000 0.0000 0.0000 0.0000 0.0000 0.0000 20.0000 0.0000 0.0000 10.0000 0.0000 0.0000 0.0000 0.0000 0.0000 20.0000 0.0000 0.0000 10.0000 0.0000 0.0000 0.0000 0.0000 0.0000 0.0000 0.0000 0.0000 0.0000 0.0000 0.0000 0.0000 0.0000 0.0000 0.0000 0.0000 0.0000 0.0000 0.0000 0.0000
0.0000 95.0000 0.0000 0.0000 0.0000 0.0000 0.0000 0.0000 0.0000 0.0000 0.0000 0.0000 0.0000 0.0000 0.0000 0.0000 0.0000 0.0000 0.0000 0.0000 0.0000 0.0000 0.0000 0.0000 -17.6145 -8.3048 -50.2132 3.8783 2.4627 -2.4583 0.0000 0.0000 0.0000 0.0000 0.0000 0.0000 10.0000 0.0000 0.0000 10.0000 0.0000 0.0000 0.0000 0.0000 0.0000 20.0000 0.0000 0.0000 10.0000 0.0000 0.0000 0.0000 0.0000 0.0000 20.0000 0.0000 0.0000 10.0000 0.0000 0.0000 0.0000 0.0000 0.0000 20.0000 0.0000 0.0000 10.0000 0.0000 0.0000 0.0000 0.0000 0.0000 20.0000 0.0000 0.0000 10.0000 0.0000 0.0000 0.0000 0.0000 0.0000 27.8320 1.1379 -4.5903 -56.6891 4.1783 7.9385 0.0000 0.0000 0.0000 0.0000 0.0000 0.0000 10.0000 0.0000 0.0000 10.0000 0.0000 0.0000 0.0000 0.0000 0.0000 20.0000 0.0000 0.0000 10.0000 0.0000 0.0000 0.0000 0.0000 0.0000 20.0000 0.0000 0.0000 10.0000 0.0000 0.0000 0.0000 0.0000 0.0000 20.0000 0.0000 0.0000 10.0000 0.0000 0.0000 0.0000 0.0000 0.0000 20.0000 0.0000 0.0000 10.0000 0.0000 0.0000 0.0000 0.0000 0.0000 0.0000 0.0000 0.0000 0.0000 0.0000 0.0000 0.0000 0.0000 0.0000 0.0000 0.0000 0.0000 0.0000 0.0000 0.0000
0.0000 95.0000 0.0000 0.0000 0.0000 0.0000 0.0000 0.0000 0.0000 0.0000 0.0000 0.0000 0.0000 0.0000 0.0000 0.0000 0.0000 0.0000 0.0000 0.0000 0.0000 0.0000 0.0000 0.0000 -17.7408 -7.8907 -47.6825 2.9993 1.9327 -2.5254 0.0000 0.0000 0.0000 0.0000 0.0000 0.0000 10.0000 0.0000 0.0000 10.0000 0.0000 0.0000 0.0000 0.0000 0.0000 20.0000 0.0000 0.0000 10.0000 0.0000 0.0000 0.0000 0.0000 0.0000 20.0000 0.0000 0.0000 10.0000 0.0000 0.0000 0.0000 0.0000 0.0000 20.0000 0.0000 0.0000 10.0000 0.0000 0.0000 0.0000 0.0000 0.0000 20.0000 0.0000 0.0000 10.0000 0.0000 0.0000 0.0000 0.0000 0.0000 28.0773 1.8728 -7.4801 -53.5804 1.4496 6.9901 0.0000 0.0000 0.0000 0.0000 0.0000 0.0000 10.0000 0.0000 0.0000 10.0000 0.0000 0.0000 0.0000 0.0000 0.0000 20.0000 0.0000 0.0000 10.0000 0.0000 0.0000 0.0000 0.0000 0.0000 20.0000 0.0000 0.0000 10.0000 0.0000 0.0000 0.0000 0.0000 0.0000 20.0000 0.0000 0.0000 10.0000 0.0000 0.0000 0.0000 0.0000 0.0000 20.0000 0.0000 0.0000 10.0000 0.0000 0.0000 0.0000 0.0000 0.0000 0.0000 0.0000 0.0000 0.0000 0.0000 0.0000 0.0000 0.0000 0.0000 0.0000 0.0000 0.0000 0.0000 0.0000 0.0000
0.0000 95.0000 0.0000 0.0000 0.0000 0.0000 0.0000 0.0000 0.0000 0.0000 0.0000 0.0000 0.0000 0.0000 0.0000 0.0000 0.0000 0.0000 0.0000 0.0000 0.0000 0.0000 0.0000 0.0000 -17.8290 -7.4750 -45.2196 2.1218 1.4512 -2.5711 0.0000 0.0000 0.0000 0.0000 0.0000 0.0000 10.0000 0.0000 0.0000 10.0000 0.0000 0.0000 0.0000 0.0000 0.0000 20.0000 0.0000 0.0000 10.0000 0.0000 0.0000 0.0000 0.0000 0.0000 20.0000 0.0000 0.0000 10.0000 0.0000 0.0000 0.0000 0.0000 0.0000 20.0000 0.0000 0.0000 10.0000 0.0000 0.0000 0.0000 0.0000 0.0000 20.0000 0.0000 0.0000 10.0000 0.0000 0.0000 0.0000 0.0000 0.0000 28.2545 2.6387 -10.4566 -50.1850 -0.9299 6.0865 0.0000 0.0000 0.0000 0.0000 0.0000 0.0000 10.0000 0.0000 0.0000 10.0000 0.0000 0.0000 0.0000 0.0000 0.0000 20.0000 0.0000 0.0000 10.0000 0.0000 0.0000 0.0000 0.0000 0.0000 20.0000 0.0000 0.0000 10.0000 0.0000 0.0000 0.0000 0.0000 0.0000 20.0000 0.0000 0.0000 10.0000 0.0000 0.0000 0.0000 0.0000 0.0000 20.0000 0.0000 0.0000 10.0000 0.0000 0.0000 0.0000 0.0000 0.0000 0.0000 0.0000 0.0000 0.0000 0.0000 0.0000 0.0000 0.0000 0.0000 0.0000 0.0000 0.0000 0.0000 0.0000 0.0000
0.0000 95.0000 0.0000 0.0000 0.0000 0.0000 0.0000 0.0000 0.0000 0.0000 0.0000 0.0000 0.0000 0.0000 0.0000 0.0000 0.0000 0.0000 0.0000 0.0000 0.0000 0.0000 0.0000 0.0000 -17.8827 -7.0631 -42.8355 1.2554 1.0186 -2.5914 0.0000 0.0000 0.0000 0.0000 0.0000 0.0000 10.0000 0.0000 0.0000 10.0000 0.0000 0.0000 0.0000 0.0000 0.0000 20.0000 0.0000 0.0000 10.0000 0.0000 0.0000 0.0000 0.0000 0.0000 20.0000 0.0000 0.0000 10.0000 0.0000 0.0000 0.0000 0.0000 0.0000 20.0000 0.0000 0.0000 10.0000 0.0000 0.0000 0.0000 0.0000 0.0000 20.0000 0.0000 0.0000 10.0000 0.0000 0.0000 0.0000 0.0000 0.0000 28.3546 3.4264 -13.5046 -46.6310 -2.8919 5.2865 0.0000 0.0000 0.0000 0.0000 0.0000 0.0000 10.0000 0.0000 0.0000 10.0000 0.0000 0.0000 0.0000 0.0000 0.0000 20.0000 0.0000 0.0000 10.0000 0.0000 0.0000 0.0000 0.0000 0.0000 20.0000 0.0000 0.0000 10.0000 0.0000 0.0000 0.0000 0.0000 0.0000 20.0000 0.0000 0.0000 10.0000 0.0000 0.0000 0.0000 0.0000 0.0000 20.0000 0.0000 0.0000 10.0000 0.0000 0.0000 0.0000 0.0000 0.0000 0.0000 0.0000 0.0000 0.0000 0.0000 0.0000 0.0000 0.0000 0.0000 0.0000 0.0000 0.0000 0.0000 0.0000 0.0000
0.0000 95.0000 0.0000 0.0000 0.0000 0.0000 0.0000 0.0000 0.0000 0.0000 0.0000 0.0000 0.0000 0.0000 0.0000 0.0000 0.0000 0.0000 0.0000 0.0000 0.0000 0.0000 0.0000 0.0000 -17.9052 -6.6590 -40.5368 0.4074 0.6340 -2.5843 0.0000 0.0000 0.0000 0.0000 0.0000 0.0000 10.0000 0.0000 0.0000 10.0000 0.0000 0.0000 0.0000 0.0000 0.0000 20.0000 0.0000 0.0000 10.0000 0.0000 0.0000 0.0000 0.0000 0.0000 20.0000 0.0000 0.0000 10.0000 0.0000 0.0000 0.0000 0.0000 0.0000 20.0000 0.0000 0.0000 10.0000 0.0000 0.0000 0.0000 0.0000 0.0000 20.0000 0.0000 0.0000 10.0000 0.0000 0.0000 0.0000 0.0000 0.0000 28.3708 4.2258 -16.6086 -42.7614 7.6891 21.4747 0.0000 0.0000 0.0000 0.0000 0.0000 0.0000 10.0000 0.0000 0.0000 10.0000 0.0000 0.0000 0.0000 0.0000 0.0000 20.0000 0.0000 0.0000 10.0000 0.0000 0.0000 0.0000 0.0000 0.0000 20.0000 0.0000 0.0000 10.0000 0.0000 0.0000 0.0000 0.0000 0.0000 20.0000 0.0000 0.0000 10.0000 0.0000 0.0000 0.0000 0.0000 0.0000 20.0000 0.0000 0.0000 10.0000 0.0000 0.0000 0.0000 0.0000 0.0000 0.0000 0.0000 0.0000 0.0000 0.0000 0.0000 0.0000 0.0000 0.0000 0.0000 0.0000 0.0000 0.0000 0.0000 0.0000
0.0000 95.0000 0.0000 0.0000 0.0000 0.0000 0.0000 0.0000 0.0000 0.0000 0.0000 0.0000 0.0000 0.0000 0.0000 0.0000 0.0000 0.0000 0.0000 0.0000 0.0000 0.0000 0.0000 0.0000 -17.9002 -6.2655 -38.3268 -0.4169 0.2955 -2.5502 0.0000 0.0000 0.0000 0.0000 0.0000 0.0000 10.0000 0.0000 0.0000 10.0000 0.0000 0.0000 0.0000 0.0000 0.0000 20.0000 0.0000 0.0000 10.0000 0.0000 0.0000 0.0000 0.0000 0.0000 20.0000 0.0000 0.0000 10.0000 0.0000 0.0000 0.0000 0.0000 0.0000 20.0000 0.0000 0.0000 10.0000 0.0000 0.0000 0.0000 0.0000 0.0000 20.0000 0.0000 0.0000 10.0000 0.0000 0.0000 0.0000 0.0000 0.0000 29.9285 1.6223 -6.0645 -41.1991 5.1465 10.9983 0.0000 0.0000 0.0000 0.0000 0.0000 0.0000 10.0000 0.0000 0.0000 10.0000 0.0000 0.0000 0.0000 0.0000 0.0000 20.0000 0.0000 0.0000 10.0000 0.0000 0.0000 0.0000 0.0000 0.0000 20.0000 0.0000 0.0000 10.0000 0.0000 0.0000 0.0000 0.0000 0.0000 20.0000 0.0000 0.0000 10.0000 0.0000 0.0000 0.0000 0.0000 0.0000 20.0000 0.0000 0.0000 10.0000 0.0000 0.0000 0.0000 0.0000 0.0000 0.0000 0.0000 0.0000 0.0000 0.0000 0.0000 0.0000 0.0000 0.0000 0.0000 0.0000 0.0000 0.0000 0.0000 0.0000
0.0000 95.0000 0.0000 0.0000 0.0000 0.0000 0.0000 0.0000 0.0000 0.0000 0.0000 0.0000 0.0000 0.0000 0.0000 0.0000 0.0000 0.0000 0.0000 0.0000 0.0000 0.0000 0.0000 0.0000 -17.8707 -5.8848 -36.2066 -1.2135 0.0007 -2.4906 0.0000 0.0000 0.0000 0.0000 0.0000 0.0000 10.0000 0.0000 0.0000 10.0000 0.0000 0.0000 0.0000 0.0000 0.0000 20.0000 0.0000 0.0000 10.0000 0.0000 0.0000 0.0000 0.0000 0.0000 20.0000 0.0000 0.0000 10.0000 0.0000 0.0000 0.0000 0.0000 0.0000 20.0000 0.0000 0.0000 10.0000 0.0000 0.0000 0.0000 0.0000 0.0000 20.0000 0.0000 0.0000 10.0000 0.0000 0.0000 0.0000 0.0000 0.0000 30.4077 1.6847 -6.1935 -38.4591 5.1842 11.3029 0.0000 0.0000 0.0000 0.0000 0.0000 0.0000 10.0000 0.0000 0.0000 10.0000 0.0000 0.0000 0.0000 0.0000 0.0000 20.0000 0.0000 0.0000 10.0000 0.0000 0.0000 0.0000 0.0000 0.0000 20.0000 0.0000 0.0000 10.0000 0.0000 0.0000 0.0000 0.0000 0.0000 20.0000 0.0000 0.0000 10.0000 0.0000 0.0000 0.0000 0.0000 0.0000 20.0000 0.0000 0.0000 10.0000 0.0000 0.0000 0.0000 0.0000 0.0000 0.0000 0.0000 0.0000 0.0000 0.0000 0.0000 0.0000 0.0000 0.0000 0.0000 0.0000 0.0000 0.0000 0.0000 0.0000
0.0000 95.0000 0.0000 0.0000 0.0000 0.0000 0.0000 0.0000 0.0000 0.0000 0.0000 0.0000 0.0000 0.0000 0.0000 0.0000 0.0000 0.0000 0.0000 0.0000 0.0000 0.0000 0.0000 0.0000 -17.8200 -5.5183 -34.1755 -1.9797 -0.2534 -2.4080 0.0000 0.0000 0.0000 0.0000 0.0000 0.0000 10.0000 0.0000 0.0000 10.0000 0.0000 0.0000 0.0000 0.0000 0.0000 20.0000 0.0000 0.0000 10.0000 0.0000 0.0000 0.0000 0.0000 0.0000 20.0000 0.0000 0.0000 10.0000 0.0000 0.0000 0.0000 0.0000 0.0000 20.0000 0.0000 0.0000 10.0000 0.0000 0.0000 0.0000 0.0000 0.0000 20.0000 0.0000 0.0000 10.0000 0.0000 0.0000 0.0000 0.0000 0.0000 30.9049 1.7561 -6.3467 -35.8780 5.2430 11.6418 0.0000 0.0000 0.0000 0.0000 0.0000 0.0000 10.0000 0.0000 0.0000 10.0000 0.0000 0.0000 0.0000 0.0000 0.0000 20.0000 0.0000 0.0000 10.0000 0.0000 0.0000 0.0000 0.0000 0.0000 20.0000 0.0000 0.0000 10.0000 0.0000 0.0000 0.0000 0.0000 0.0000 20.0000 0.0000 0.0000 10.0000 0.0000 0.0000 0.0000 0.0000 0.0000 20.0000 0.0000 0.0000 10.0000 0.0000 0.0000 0.0000 0.0000 0.0000 0.0000 0.0000 0.0000 0.0000 0.0000 0.0000 0.0000 0.0000 0.0000 0.0000 0.0000 0.0000 0.0000 0.0000 0.0000
0.0000 95.0000 0.0000 0.0000 0.0000 0.0000 0.0000 0.0000 0.0000 0.0000 0.0000 0.0000 0.0000 0.0000 0.0000 0.0000 0.0000 0.0000 0.0000 0.0000 0.0000 0.0000 0.0000 0.0000 -17.7507 -5.1668 -32.2322 -2.7138 -0.4696 -2.3057 0.0000 0.0000 0.0000 0.0000 0.0000 0.0000 10.0000 0.0000 0.0000 10.0000 0.0000 0.0000 0.0000 0.0000 0.0000 20.0000 0.0000 0.0000 10.0000 0.0000 0.0000 0.0000 0.0000 0.0000 20.0000 0.0000 0.0000 10.0000 0.0000 0.0000 0.0000 0.0000 0.0000 20.0000 0.0000 0.0000 10.0000 0.0000 0.0000 0.0000 0.0000 0.0000 20.0000 0.0000 0.0000 10.0000 0.0000 0.0000 0.0000 0.0000 0.0000 31.4212 1.8374 -6.5256 -33.4648 5.3210 12.0115 0.0000 0.0000 0.0000 0.0000 0.0000 0.0000 10.0000 0.0000 0.0000 10.0000 0.0000 0.0000 0.0000 0.0000 0.0000 20.0000 0.0000 0.0000 10.0000 0.0000 0.0000 0.0000 0.0000 0.0000 20.0000 0.0000 0.0000 10.0000 0.0000 0.0000 0.0000 0.0000 0.0000 20.0000 0.0000 0.0000 10.0000 0.0000 0.0000 0.0000 0.0000 0.0000 20.0000 0.0000 0.0000 10.0000 0.0000 0.0000 0.0000 0.0000 0.0000 0.0000 0.0000 0.0000 0.0000 0.0000 0.0000 0.0000 0.0000 0.0000 0.0000 0.0000 0.0000 0.0000 0.0000 0.0000
0.0000 95.0000 0.0000 0.0000 0.0000 0.0000 0.0000 0.0000 0.0000 0.0000 0.0000 0.0000 0.0000 0.0000 0.0000 0.0000 0.0000 0.0000 0.0000 0.0000 0.0000 0.0000 0.0000 0.0000 -13.0561 -5.5702 -46.0628 1.8652 1.5134 -4.4756 0.0000 0.0000 0.0000 0.0000 0.0000 0.0000 10.0000 0.0000 0.0000 10.0000 0.0000 0.0000 0.0000 0.0000 0.0000 20.0000 0.0000 0.0000 10.0000 0.0000 0.0000 0.0000 0.0000 0.0000 20.0000 0.0000 0.0000 10.0000 0.0000 0.0000 0.0000 0.0000 0.0000 20.0000 0.0000 0.0000 10.0000 0.0000 0.0000 0.0000 0.0000 0.0000 20.0000 0.0000 0.0000 10.0000 0.0000 0.0000 0.0000 0.0000 0.0000 30.1390 1.7532 -6.5050 -36.9207 5.3980 12.0111 0.0000 0.0000 0.0000 0.0000 0.0000 0.0000 10.0000 0.0000 0.0000 10.0000 0.0000 0.0000 0.0000 0.0000 0.0000 20.0000 0.0000 0.0000 10.0000 0.0000 0.0000 0.0000 0.0000 0.0000 20.0000 0.0000 0.0000 10.0000 0.0000 0.0000 0.0000 0.0000 0.0000 20.0000 0.0000 0.0000 10.0000 0.0000 0.0000 0.0000 0.0000 0.0000 20.0000 0.0000 0.0000 10.0000 0.0000 0.0000 0.0000 0.0000 0.0000 0.0000 0.0000 0.0000 0.0000 0.0000 0.0000 0.0000 0.0000 0.0000 0.0000 0.0000 0.0000 0.0000 0.0000 0.0000
0.0000 95.0000 0.0000 0.0000 0.0000 0.0000 0.0000 0.0000 0.0000 0.0000 0.0000 0.0000 0.0000 0.0000 0.0000 0.0000 0.0000 0.0000 0.0000 0.0000 0.0000 0.0000 0.0000 0.0000 -8.6893 -4.7562 -57.3246 4.9058 3.5125 -5.0118 0.0000 0.0000 0.0000 0.0000 0.0000 0.0000 10.0000 0.0000 0.0000 10.0000 0.0000 0.0000 0.0000 0.0000 0.0000 20.0000 0.0000 0.0000 10.0000 0.0000 0.0000 0.0000 0.0000 0.0000 20.0000 0.0000 0.0000 10.0000 0.0000 0.0000 0.0000 0.0000 0.0000 20.0000 0.0000 0.0000 10.0000 0.0000 0.0000 0.0000 0.0000 0.0000 20.0000 0.0000 0.0000 10.0000 0.0000 0.0000 0.0000 0.0000 0.0000 31.1470 1.6849 -6.0401 -42.6858 5.3282 10.8950 0.0000 0.0000 0.0000 0.0000 0.0000 0.0000 10.0000 0.0000 0.0000 10.0000 0.0000 0.0000 0.0000 0.0000 0.0000 20.0000 0.0000 0.0000 10.0000 0.0000 0.0000 0.0000 0.0000 0.0000 20.0000 0.0000 0.0000 10.0000 0.0000 0.0000 0.0000 0.0000 0.0000 20.0000 0.0000 0.0000 10.0000 0.0000 0.0000 0.0000 0.0000 0.0000 20.0000 0.0000 0.0000 10.0000 0.0000 0.0000 0.0000 0.0000 0.0000 0.0000 0.0000 0.0000 0.0000 0.0000 0.0000 0.0000 0.0000 0.0000 0.0000 0.0000 0.0000 0.0000 0.0000 0.0000
0.0000 95.0000 0.0000 0.0000 0.0000 0.0000 0.0000 0.0000 0.0000 0.0000 0.0000 0.0000 0.0000 0.0000 0.0000 0.0000 0.0000 0.0000 0.0000 0.0000 0.0000 0.0000 0.0000 0.0000 -6.5123 -4.0308 -63.4766 6.5225 4.8195 -4.5924 0.0000 0.0000 0.0000 0.0000 0.0000 0.0000 10.0000 0.0000 0.0000 10.0000 0.0000 0.0000 0.0000 0.0000 0.0000 20.0000 0.0000 0.0000 10.0000 0.0000 0.0000 0.0000 0.0000 0.0000 20.0000 0.0000 0.0000 10.0000 0.0000 0.0000 0.0000 0.0000 0.0000 20.0000 0.0000 0.0000 10.0000 0.0000 0.0000 0.0000 0.0000 0.0000 20.0000 0.0000 0.0000 10.0000 0.0000 0.0000 0.0000 0.0000 0.0000 31.9832 3.0746 -10.6996 -47.2467 -2.1551 4.3898 0.0000 0.0000 0.0000 0.0000 0.0000 0.0000 10.0000 0.0000 0.0000 10.0000 0.0000 0.0000 0.0000 0.0000 0.0000 20.0000 0.0000 0.0000 10.0000 0.0000 0.0000 0.0000 0.0000 0.0000 20.0000 0.0000 0.0000 10.0000 0.0000 0.0000 0.0000 0.0000 0.0000 20.0000 0.0000 0.0000 10.0000 0.0000 0.0000 0.0000 0.0000 0.0000 20.0000 0.0000 0.0000 10.0000 0.0000 0.0000 0.0000 0.0000 0.0000 0.0000 0.0000 0.0000 0.0000 0.0000 0.0000 0.0000 0.0000 0.0000 0.0000 0.0000 0.0000 0.0000 0.0000 0.0000
0.0000 95.0000 0.0000 0.0000 0.0000 0.0000 0.0000 0.0000 0.0000 0.0000 0.0000 0.0000 0.0000 0.0000 0.0000 0.0000 0.0000 0.0000 0.0000 0.0000 0.0000 0.0000 0.0000 0.0000 -5.6433 -3.7357 -66.9832 7.5838 5.7876 -4.2277 0.0000 0.0000 0.0000 0.0000 0.0000 0.0000 10.0000 0.0000 0.0000 10.0000 0.0000 0.0000 0.0000 0.0000 0.0000 20.0000 0.0000 0.0000 10.0000 0.0000 0.0000 0.0000 0.0000 0.0000 20.0000 0.0000 0.0000 10.0000 0.0000 0.0000 0.0000 0.0000 0.0000 20.0000 0.0000 0.0000 10.0000 0.0000 0.0000 0.0000 0.0000 0.0000 20.0000 0.0000 0.0000 10.0000 0.0000 0.0000 0.0000 0.0000 0.0000 33.7965 1.8216 -5.9913 -51.5092 -0.4352 3.5420 0.0000 0.0000 0.0000 0.0000 0.0000 0.0000 10.0000 0.0000 0.0000 10.0000 0.0000 0.0000 0.0000 0.0000 0.0000 20.0000 0.0000 0.0000 10.0000 0.0000 0.0000 0.0000 0.0000 0.0000 20.0000 0.0000 0.0000 10.0000 0.0000 0.0000 0.0000 0.0000 0.0000 20.0000 0.0000 0.0000 10.0000 0.0000 0.0000 0.0000 0.0000 0.0000 20.0000 0.0000 0.0000 10.0000 0.0000 0.0000 0.0000 0.0000 0.0000 0.0000 0.0000 0.0000 0.0000 0.0000 0.0000 0.0000 0.0000 0.0000 0.0000 0.0000 0.0000 0.0000 0.0000 0.0000
0.0000 95.0000 0.0000 0.0000 0.0000 0.0000 0.0000 0.0000 0.0000 0.0000 0.0000 0.0000 0.0000 0.0000 0.0000 0.0000 0.0000 0.0000 0.0000 0.0000 0.0000 0.0000 0.0000 0.0000 -5.5521 -3.8240 -69.0922 8.4143 6.6081 -4.0905 0.0000 0.0000 0.0000 0.0000 0.0000 0.0000 10.0000 0.0000 0.0000 10.0000 0.0000 0.0000 0.0000 0.0000 0.0000 20.0000 0.0000 0.0000 10.0000 0.0000 0.0000 0.0000 0.0000 0.0000 20.0000 0.0000 0.0000 10.0000 0.0000 0.0000 0.0000 0.0000 0.0000 20.0000 0.0000 0.0000 10.0000 0.0000 0.0000 0.0000 0.0000 0.0000 20.0000 0.0000 0.0000 10.0000 0.0000 0.0000 0.0000 0.0000 0.0000 35.4857 1.4468 -4.5196 -54.9215 -0.6990 2.3894 0.0000 0.0000 0.0000 0.0000 0.0000 0.0000 10.0000 0.0000 0.0000 10.0000 0.0000 0.0000 0.0000 0.0000 0.0000 20.0000 0.0000 0.0000 10.0000 0.0000 0.0000 0.0000 0.0000 0.0000 20.0000 0.0000 0.0000 10.0000 0.0000 0.0000 0.0000 0.0000 0.0000 20.0000 0.0000 0.0000 10.0000 0.0000 0.0000 0.0000 0.0000 0.0000 20.0000 0.0000 0.0000 10.0000 0.0000 0.0000 0.0000 0.0000 0.0000 0.0000 0.0000 0.0000 0.0000 0.0000 0.0000 0.0000 0.0000 0.0000 0.0000 0.0000 0.0000 0.0000 0.0000 0.0000
0.0000 95.0000 0.0000 0.0000 0.0000 0.0000 0.0000 0.0000 0.0000 0.0000 0.0000 0.0000 0.0000 0.0000 0.0000 0.0000 0.0000 0.0000 0.0000 0.0000 0.0000 0.0000 0.0000 0.0000 -5.9581 -4.2045 -70.3947 9.1505 7.3795 -4.1666 0.0000 0.0000 0.0000 0.0000 0.0000 0.0000 10.0000 0.0000 0.0000 10.0000 0.0000 0.0000 0.0000 0.0000 0.0000 20.0000 0.0000 0.0000 10.0000 0.0000 0.0000 0.0000 0.0000 0.0000 20.0000 0.0000 0.0000 10.0000 0.0000 0.0000 0.0000 0.0000 0.0000 20.0000 0.0000 0.0000 10.0000 0.0000 0.0000 0.0000 0.0000 0.0000 20.0000 0.0000 0.0000 10.0000 0.0000 0.0000 0.0000 0.0000 0.0000 37.2337 1.7596 -5.2203 -57.9455 -2.1078 1.6893 0.0000 0.0000 0.0000 0.0000 0.0000 0.0000 10.0000 0.0000 0.0000 10.0000 0.0000 0.0000 0.0000 0.0000 0.0000 20.0000 0.0000 0.0000 10.0000 0.0000 0.0000 0.0000 0.0000 0.0000 20.0000 0.0000 0.0000 10.0000 0.0000 0.0000 0.0000 0.0000 0.0000 20.0000 0.0000 0.0000 10.0000 0.0000 0.0000 0.0000 0.0000 0.0000 20.0000 0.0000 0.0000 10.0000 0.0000 0.0000 0.0000 0.0000 0.0000 0.0000 0.0000 0.0000 0.0000 0.0000 0.0000 0.0000 0.0000 0.0000 0.0000 0.0000 0.0000 0.0000 0.0000 0.0000
0.0000 95.0000 0.0000 0.0000 0.0000 0.0000 0.0000 0.0000 0.0000 0.0000 0.0000 0.0000 0.0000 0.0000 0.0000 0.0000 0.0000 0.0000 0.0000 0.0000 0.0000 0.0000 0.0000 0.0000 -6.7787 -4.8535 -71.1745 10.0226 8.2910 -4.4042 0.0000 0.0000 0.0000 0.0000 0.0000 0.0000 10.0000 0.0000 0.0000 10.0000 0.0000 0.0000 0.0000 0.0000 0.0000 20.0000 0.0000 0.0000 10.0000 0.0000 0.0000 0.0000 0.0000 0.0000 20.0000 0.0000 0.0000 10.0000 0.0000 0.0000 0.0000 0.0000 0.0000 20.0000 0.0000 0.0000 10.0000 0.0000 0.0000 0.0000 0.0000 0.0000 20.0000 0.0000 0.0000 10.0000 0.0000 0.0000 0.0000 0.0000 0.0000 39.0078 2.5405 -7.1643 -60.6500 -4.0337 1.6213 0.0000 0.0000 0.0000 0.0000 0.0000 0.0000 10.0000 0.0000 0.0000 10.0000 0.0000 0.0000 0.0000 0.0000 0.0000 20.0000 0.0000 0.0000 10.0000 0.0000 0.0000 0.0000 0.0000 0.0000 20.0000 0.0000 0.0000 10.0000 0.0000 0.0000 0.0000 0.0000 0.0000 20.0000 0.0000 0.0000 10.0000 0.0000 0.0000 0.0000 0.0000 0.0000 20.0000 0.0000 0.0000 10.0000 0.0000 0.0000 0.0000 0.0000 0.0000 0.0000 0.0000 0.0000 0.0000 0.0000 0.0000 0.0000 0.0000 0.0000 0.0000 0.0000 0.0000 0.0000 0.0000 0.0000
0.0000 95.0000 0.0000 0.0000 0.0000 0.0000 0.0000 0.0000 0.0000 0.0000 0.0000 0.0000 0.0000 0.0000 0.0000 0.0000 0.0000 0.0000 0.0000 0.0000 0.0000 0.0000 0.0000 0.0000 -7.9740 -5.7503 -71.5514 11.1872 9.4883 -4.7805 0.0000 0.0000 0.0000 0.0000 0.0000 0.0000 10.0000 0.0000 0.0000 10.0000 0.0000 0.0000 0.0000 0.0000 0.0000 20.0000 0.0000 0.0000 10.0000 0.0000 0.0000 0.0000 0.0000 0.0000 20.0000 0.0000 0.0000 10.0000 0.0000 0.0000 0.0000 0.0000 0.0000 20.0000 0.0000 0.0000 10.0000 0.0000 0.0000 0.0000 0.0000 0.0000 20.0000 0.0000 0.0000 10.0000 0.0000 0.0000 0.0000 0.0000 0.0000 40.7442 3.6089 -9.6984 -62.9835 8.2945 13.3948 0.0000 0.0000 0.0000 0.0000 0.0000 0.0000 10.0000 0.0000 0.0000 10.0000 0.0000 0.0000 0.0000 0.0000 0.0000 20.0000 0.0000 0.0000 10.0000 0.0000 0.0000 0.0000 0.0000 0.0000 20.0000 0.0000 0.0000 10.0000 0.0000 0.0000 0.0000 0.0000 0.0000 20.0000 0.0000 0.0000 10.0000 0.0000 0.0000 0.0000 0.0000 0.0000 20.0000 0.0000 0.0000 10.0000 0.0000 0.0000 0.0000 0.0000 0.0000 0.0000 0.0000 0.0000 0.0000 0.0000 0.0000 0.0000 0.0000 0.0000 0.0000 0.0000 0.0000 0.0000 0.0000 0.0000
0.0000 95.0000 0.0000 0.0000 0.0000 0.0000 0.0000 0.0000 0.0000 0.0000 0.0000 0.0000 0.0000 0.0000 0.0000 0.0000 0.0000 0.0000 0.0000 0.0000 0.0000 0.0000 0.0000 0.0000 -9.4765 -6.8439 -71.6140 12.6460 10.9956 -5.2613 0.0000 0.0000 0.0000 0.0000 0.0000 0.0000 10.0000 0.0000 0.0000 10.0000 0.0000 0.0000 0.0000 0.0000 0.0000 20.0000 0.0000 0.0000 10.0000 0.0000 0.0000 0.0000 0.0000 0.0000 20.0000 0.0000 0.0000 10.0000 0.0000 0.0000 0.0000 0.0000 0.0000 20.0000 0.0000 0.0000 10.0000 0.0000 0.0000 0.0000 0.0000 0.0000 20.0000 0.0000 0.0000 10.0000 0.0000 0.0000 0.0000 0.0000 0.0000 42.2575 5.1367 -13.2418 -64.9630 10.0763 16.9121 0.0000 0.0000 0.0000 0.0000 0.0000 0.0000 10.0000 0.0000 0.0000 10.0000 0.0000 0.0000 0.0000 0.0000 0.0000 20.0000 0.0000 0.0000 10.0000 0.0000 0.0000 0.0000 0.0000 0.0000 20.0000 0.0000 0.0000 10.0000 0.0000 0.0000 0.0000 0.0000 0.0000 20.0000 0.0000 0.0000 10.0000 0.0000 0.0000 0.0000 0.0000 0.0000 20.0000 0.0000 0.0000 10.0000 0.0000 0.0000 0.0000 0.0000 0.0000 0.0000 0.0000 0.0000 0.0000 0.0000 0.0000 0.0000 0.0000 0.0000 0.0000 0.0000 0.0000 0.0000 0.0000 0.0000
0.0000 95.0000 0.0000 0.0000 0.0000 0.0000 0.0000 0.0000 0.0000 0.0000 0.0000 0.0000 0.0000 0.0000 0.0000 0.0000 0.0000 0.0000 0.0000 0.0000 0.0000 0.0000 0.0000 0.0000 -11.2254 -8.0806 -71.4121 13.9822 12.5171 -5.9198 0.0000 0.0000 0.0000 0.0000 0.0000 0.0000 10.0000 0.0000 0.0000 10.0000 0.0000 0.0000 0.0000 0.0000 0.0000 20.0000 0.0000 0.0000 10.0000 0.0000 0.0000 0.0000 0.0000 0.0000 20.0000 0.0000 0.0000 10.0000 0.0000 0.0000 0.0000 0.0000 0.0000 20.0000 0.0000 0.0000 10.0000 0.0000 0.0000 0.0000 0.0000 0.0000 20.0000 0.0000 0.0000 10.0000 0.0000 0.0000 0.0000 0.0000 0.0000 45.3510 2.5064 -5.9945 -68.5429 7.9329 9.5378 0.0000 0.0000 0.0000 0.0000 0.0000 0.0000 10.0000 0.0000 0.0000 10.0000 0.0000 0.0000 0.0000 0.0000 0.0000 20.0000 0.0000 0.0000 10.0000 0.0000 0.0000 0.0000 0.0000 0.0000 20.0000 0.0000 0.0000 10.0000 0.0000 0.0000 0.0000 0.0000 0.0000 20.0000 0.0000 0.0000 10.0000 0.0000 0.0000 0.0000 0.0000 0.0000 20.0000 0.0000 0.0000 10.0000 0.0000 0.0000 0.0000 0.0000 0.0000 0.0000 0.0000 0.0000 0.0000 0.0000 0.0000 0.0000 0.0000 0.0000 0.0000 0.0000 0.0000 0.0000 0.0000 0.0000
0.0000 95.0000 0.0000 0.0000 0.0000 0.0000 0.0000 0.0000 0.0000 0.0000 0.0000 0.0000 0.0000 0.0000 0.0000 0.0000 0.0000 0.0000 0.0000 0.0000 0.0000 0.0000 0.0000 0.0000 -12.7697 -9.0369 -70.4610 13.0894 11.8532 -6.1520 0.0000 0.0000 0.0000 0.0000 0.0000 0.0000 10.0000 0.0000 0.0000 10.0000 0.0000 0.0000 0.0000 0.0000 0.0000 20.0000 0.0000 0.0000 10.0000 0.0000 0.0000 0.0000 0.0000 0.0000 20.0000 0.0000 0.0000 10.0000 0.0000 0.0000 0.0000 0.0000 0.0000 20.0000 0.0000 0.0000 10.0000 0.0000 0.0000 0.0000 0.0000 0.0000 20.0000 0.0000 0.0000 10.0000 0.0000 0.0000 0.0000 0.0000 0.0000 53.3874 -1.1398 2.2666 -72.7265 17.7858 7.3881 0.0000 0.0000 0.0000 0.0000 0.0000 0.0000 10.0000 0.0000 0.0000 10.0000 0.0000 0.0000 0.0000 0.0000 0.0000 20.0000 0.0000 0.0000 10.0000 0.0000 0.0000 0.0000 0.0000 0.0000 20.0000 0.0000 0.0000 10.0000 0.0000 0.0000 0.0000 0.0000 0.0000 20.0000 0.0000 0.0000 10.0000 0.0000 0.0000 0.0000 0.0000 0.0000 20.0000 0.0000 0.0000 10.0000 0.0000 0.0000 0.0000 0.0000 0.0000 0.0000 0.0000 0.0000 0.0000 0.0000 0.0000 0.0000 0.0000 0.0000 0.0000 0.0000 0.0000 0.0000 0.0000 0.0000
0.0000 95.0000 0.0000 0.0000 0.0000 0.0000 0.0000 0.0000 0.0000 0.0000 0.0000 0.0000 0.0000 0.0000 0.0000 0.0000 0.0000 0.0000 0.0000 0.0000 0.0000 0.0000 0.0000 0.0000 -15.6332 -8.3560 -56.0372 20.1023 6.9131 11.2392 0.0000 0.0000 0.0000 0.0000 0.0000 0.0000 10.0000 0.0000 0.0000 10.0000 0.0000 0.0000 0.0000 0.0000 0.0000 20.0000 0.0000 0.0000 10.0000 0.0000 0.0000 0.0000 0.0000 0.0000 20.0000 0.0000 0.0000 10.0000 0.0000 0.0000 0.0000 0.0000 0.0000 20.0000 0.0000 0.0000 10.0000 0.0000 0.0000 0.0000 0.0000 0.0000 20.0000 0.0000 0.0000 10.0000 0.0000 0.0000 0.0000 0.0000 0.0000 49.6372 -13.9184 29.5709 -53.8087 33.3412 6.0109 0.0000 0.0000 0.0000 0.0000 0.0000 0.0000 10.0000 0.0000 0.0000 10.0000 0.0000 0.0000 0.0000 0.0000 0.0000 20.0000 0.0000 0.0000 10.0000 0.0000 0.0000 0.0000 0.0000 0.0000 20.0000 0.0000 0.0000 10.0000 0.0000 0.0000 0.0000 0.0000 0.0000 20.0000 0.0000 0.0000 10.0000 0.0000 0.0000 0.0000 0.0000 0.0000 20.0000 0.0000 0.0000 10.0000 0.0000 0.0000 0.0000 0.0000 0.0000 0.0000 0.0000 0.0000 0.0000 0.0000 0.0000 0.0000 0.0000 0.0000 0.0000 0.0000 0.0000 0.0000 0.0000 0.0000
0.0000 95.0000 0.0000 0.0000 0.0000 0.0000 0.0000 0.0000 0.0000 0.0000 0.0000 0.0000 0.0000 0.0000 0.0000 0.0000 0.0000 0.0000 0.0000 0.0000 0.0000 0.0000 0.0000 0.0000 -12.1693 0.6721 6.2983 19.3757 3.9022 -17.7041 0.0000 0.0000 0.0000 0.0000 0.0000 0.0000 10.0000 0.0000 0.0000 10.0000 0.0000 0.0000 0.0000 0.0000 0.0000 20.0000 0.0000 0.0000 10.0000 0.0000 0.0000 0.0000 0.0000 0.0000 20.0000 0.0000 0.0000 10.0000 0.0000 0.0000 0.0000 0.0000 0.0000 20.0000 0.0000 0.0000 10.0000 0.0000 0.0000 0.0000 0.0000 0.0000 20.0000 0.0000 0.0000 10.0000 0.0000 0.0000 0.0000 0.0000 0.0000 50.3440 -5.8989 12.5128 -59.9619 23.4012 7.6911 0.0000 0.0000 0.0000 0.0000 0.0000 0.0000 10.0000 0.0000 0.0000 10.0000 0.0000 0.0000 0.0000 0.0000 0.0000 20.0000 0.0000 0.0000 10.0000 0.0000 0.0000 0.0000 0.0000 0.0000 20.0000 0.0000 0.0000 10.0000 0.0000 0.0000 0.0000 0.0000 0.0000 20.0000 0.0000 0.0000 10.0000 0.0000 0.0000 0.0000 0.0000 0.0000 20.0000 0.0000 0.0000 10.0000 0.0000 0.0000 0.0000 0.0000 0.0000 0.0000 0.0000 0.0000 0.0000 0.0000 0.0000 0.0000 0.0000 0.0000 0.0000 0.0000 0.0000 0.0000 0.0000 0.0000
0.0000 95.0000 0.0000 0.0000 0.0000 0.0000 0.0000 0.0000 0.0000 0.0000 0.0000 0.0000 0.0000 0.0000 0.0000 0.0000 0.0000 0.0000 0.0000 0.0000 0.0000 0.0000 0.0000 0.0000 -13.2620 -1.9595 -16.7369 19.0430 -0.2497 10.8379 0.0000 0.0000 0.0000 0.0000 0.0000 0.0000 10.0000 0.0000 0.0000 10.0000 0.0000 0.0000 0.0000 0.0000 0.0000 20.0000 0.0000 0.0000 10.0000 0.0000 0.0000 0.0000 0.0000 0.0000 20.0000 0.0000 0.0000 10.0000 0.0000 0.0000 0.0000 0.0000 0.0000 20.0000 0.0000 0.0000 10.0000 0.0000 0.0000 0.0000 0.0000 0.0000 20.0000 0.0000 0.0000 10.0000 0.0000 0.0000 0.0000 0.0000 0.0000 45.0608 -15.7380 36.8530 -50.0843 27.8740 0.8503 0.0000 0.0000 0.0000 0.0000 0.0000 0.0000 10.0000 0.0000 0.0000 10.0000 0.0000 0.0000 0.0000 0.0000 0.0000 20.0000 0.0000 0.0000 10.0000 0.0000 0.0000 0.0000 0.0000 0.0000 20.0000 0.0000 0.0000 10.0000 0.0000 0.0000 0.0000 0.0000 0.0000 20.0000 0.0000 0.0000 10.0000 0.0000 0.0000 0.0000 0.0000 0.0000 20.0000 0.0000 0.0000 10.0000 0.0000 0.0000 0.0000 0.0000 0.0000 0.0000 0.0000 0.0000 0.0000 0.0000 0.0000 0.0000 0.0000 0.0000 0.0000 0.0000 0.0000 0.0000 0.0000 0.0000
0.0000 95.0000 0.0000 0.0000 0.0000 0.0000 0.0000 0.0000 0.0000 0.0000 0.0000 0.0000 0.0000 0.0000 0.0000 0.0000 0.0000 0.0000 0.0000 0.0000 0.0000 0.0000 0.0000 0.0000 -12.8710 -3.5853 -31.0158 17.1802 -1.5168 23.3144 0.0000 0.0000 0.0000 0.0000 0.0000 0.0000 10.0000 0.0000 0.0000 10.0000 0.0000 0.0000 0.0000 0.0000 0.0000 20.0000 0.0000 0.0000 10.0000 0.0000 0.0000 0.0000 0.0000 0.0000 20.0000 0.0000 0.0000 10.0000 0.0000 0.0000 0.0000 0.0000 0.0000 20.0000 0.0000 0.0000 10.0000 0.0000 0.0000 0.0000 0.0000 0.0000 20.0000 0.0000 0.0000 10.0000 0.0000 0.0000 0.0000 0.0000 0.0000 37.5973 -18.3397 50.7422 -41.6204 24.9051 -2.6669 0.0000 0.0000 0.0000 0.0000 0.0000 0.0000 10.0000 0.0000 0.0000 10.0000 0.0000 0.0000 0.0000 0.0000 0.0000 20.0000 0.0000 0.0000 10.0000 0.0000 0.0000 0.0000 0.0000 0.0000 20.0000 0.0000 0.0000 10.0000 0.0000 0.0000 0.0000 0.0000 0.0000 20.0000 0.0000 0.0000 10.0000 0.0000 0.0000 0.0000 0.0000 0.0000 20.0000 0.0000 0.0000 10.0000 0.0000 0.0000 0.0000 0.0000 0.0000 0.0000 0.0000 0.0000 0.0000 0.0000 0.0000 0.0000 0.0000 0.0000 0.0000 0.0000 0.0000 0.0000 0.0000 0.0000
0.0000 95.0000 0.0000 0.0000 0.0000 0.0000 0.0000 0.0000 0.0000 0.0000 0.0000 0.0000 0.0000 0.0000 0.0000 0.0000 0.0000 0.0000 0.0000 0.0000 0.0000 0.0000 0.0000 0.0000 -13.6510 -5.0520 -40.4645 15.8500 3.4781 8.9151 0.0000 0.0000 0.0000 0.0000 0.0000 0.0000 10.0000 0.0000 0.0000 10.0000 0.0000 0.0000 0.0000 0.0000 0.0000 20.0000 0.0000 0.0000 10.0000 0.0000 0.0000 0.0000 0.0000 0.0000 20.0000 0.0000 0.0000 10.0000 0.0000 0.0000 0.0000 0.0000 0.0000 20.0000 0.0000 0.0000 10.0000 0.0000 0.0000 0.0000 0.0000 0.0000 20.0000 0.0000 0.0000 10.0000 0.0000 0.0000 0.0000 0.0000 0.0000 34.5344 -19.1157 56.8889 -39.2850 21.9900 -6.7706 0.0000 0.0000 0.0000 0.0000 0.0000 0.0000 10.0000 0.0000 0.0000 10.0000 0.0000 0.0000 0.0000 0.0000 0.0000 20.0000 0.0000 0.0000 10.0000 0.0000 0.0000 0.0000 0.0000 0.0000 20.0000 0.0000 0.0000 10.0000 0.0000 0.0000 0.0000 0.0000 0.0000 20.0000 0.0000 0.0000 10.0000 0.0000 0.0000 0.0000 0.0000 0.0000 20.0000 0.0000 0.0000 10.0000 0.0000 0.0000 0.0000 0.0000 0.0000 0.0000 0.0000 0.0000 0.0000 0.0000 0.0000 0.0000 0.0000 0.0000 0.0000 0.0000 0.0000 0.0000 0.0000 0.0000
0.0000 95.0000 0.0000 0.0000 0.0000 0.0000 0.0000 0.0000 0.0000 0.0000 0.0000 0.0000 0.0000 0.0000 0.0000 0.0000 0.0000 0.0000 0.0000 0.0000 0.0000 0.0000 0.0000 0.0000 -10.8356 -2.2728 -23.6266 15.0381 -1.3857 19.7646 0.0000 0.0000 0.0000 0.0000 0.0000 0.0000 10.0000 0.0000 0.0000 10.0000 0.0000 0.0000 0.0000 0.0000 0.0000 20.0000 0.0000 0.0000 10.0000 0.0000 0.0000 0.0000 0.0000 0.0000 20.0000 0.0000 0.0000 10.0000 0.0000 0.0000 0.0000 0.0000 0.0000 20.0000 0.0000 0.0000 10.0000 0.0000 0.0000 0.0000 0.0000 0.0000 20.0000 0.0000 0.0000 10.0000 0.0000 0.0000 0.0000 0.0000 0.0000 42.0160 -15.8444 39.8373 -53.2789 4.9646 -21.0564 0.0000 0.0000 0.0000 0.0000 0.0000 0.0000 10.0000 0.0000 0.0000 10.0000 0.0000 0.0000 0.0000 0.0000 0.0000 20.0000 0.0000 0.0000 10.0000 0.0000 0.0000 0.0000 0.0000 0.0000 20.0000 0.0000 0.0000 10.0000 0.0000 0.0000 0.0000 0.0000 0.0000 20.0000 0.0000 0.0000 10.0000 0.0000 0.0000 0.0000 0.0000 0.0000 20.0000 0.0000 0.0000 10.0000 0.0000 0.0000 0.0000 0.0000 0.0000 0.0000 0.0000 0.0000 0.0000 0.0000 0.0000 0.0000 0.0000 0.0000 0.0000 0.0000 0.0000 0.0000 0.0000 0.0000
0.0000 95.0000 0.0000 0.0000 0.0000 0.0000 0.0000 0.0000 0.0000 0.0000 0.0000 0.0000 0.0000 0.0000 0.0000 0.0000 0.0000 0.0000 0.0000 0.0000 0.0000 0.0000 0.0000 0.0000 -5.3309 0.2830 6.0728 10.2512 1.3175 -13.6237 0.0000 0.0000 0.0000 0.0000 0.0000 0.0000 10.0000 0.0000 0.0000 10.0000 0.0000 0.0000 0.0000 0.0000 0.0000 20.0000 0.0000 0.0000 10.0000 0.0000 0.0000 0.0000 0.0000 0.0000 20.0000 0.0000 0.0000 10.0000 0.0000 0.0000 0.0000 0.0000 0.0000 20.0000 0.0000 0.0000 10.0000 0.0000 0.0000 0.0000 0.0000 0.0000 20.0000 0.0000 0.0000 10.0000 0.0000 0.0000 0.0000 0.0000 0.0000 38.0223 -17.7886 48.8554 -45.7771 15.5561 -13.3851 0.0000 0.0000 0.0000 0.0000 0.0000 0.0000 10.0000 0.0000 0.0000 10.0000 0.0000 0.0000 0.0000 0.0000 0.0000 20.0000 0.0000 0.0000 10.0000 0.0000 0.0000 0.0000 0.0000 0.0000 20.0000 0.0000 0.0000 10.0000 0.0000 0.0000 0.0000 0.0000 0.0000 20.0000 0.0000 0.0000 10.0000 0.0000 0.0000 0.0000 0.0000 0.0000 20.0000 0.0000 0.0000 10.0000 0.0000 0.0000 0.0000 0.0000 0.0000 0.0000 0.0000 0.0000 0.0000 0.0000 0.0000 0.0000 0.0000 0.0000 0.0000 0.0000 0.0000 0.0000 0.0000 0.0000
0.0000 95.0000 0.0000 0.0000 0.0000 0.0000 0.0000 0.0000 0.0000 0.0000 0.0000 0.0000 0.0000 0.0000 0.0000 0.0000 0.0000 0.0000 0.0000 0.0000 0.0000 0.0000 0.0000 0.0000 5.1653 -0.3351 7.4194 3.1684 -0.5282 -18.4653 0.0000 0.0000 0.0000 0.0000 0.0000 0.0000 10.0000 0.0000 0.0000 10.0000 0.0000 0.0000 0.0000 0.0000 0.0000 20.0000 0.0000 0.0000 10.0000 0.0000 0.0000 0.0000 0.0000 0.0000 20.0000 0.0000 0.0000 10.0000 0.0000 0.0000 0.0000 0.0000 0.0000 20.0000 0.0000 0.0000 10.0000 0.0000 0.0000 0.0000 0.0000 0.0000 20.0000 0.0000 0.0000 10.0000 0.0000 0.0000 0.0000 0.0000 0.0000 42.1489 -11.7391 29.8743 -50.9297 -11.3888 -29.5355 0.0000 0.0000 0.0000 0.0000 0.0000 0.0000 10.0000 0.0000 0.0000 10.0000 0.0000 0.0000 0.0000 0.0000 0.0000 20.0000 0.0000 0.0000 10.0000 0.0000 0.0000 0.0000 0.0000 0.0000 20.0000 0.0000 0.0000 10.0000 0.0000 0.0000 0.0000 0.0000 0.0000 20.0000 0.0000 0.0000 10.0000 0.0000 0.0000 0.0000 0.0000 0.0000 20.0000 0.0000 0.0000 10.0000 0.0000 0.0000 0.0000 0.0000 0.0000 0.0000 0.0000 0.0000 0.0000 0.0000 0.0000 0.0000 0.0000 0.0000 0.0000 0.0000 0.0000 0.0000 0.0000 0.0000
0.0000 95.0000 0.0000 0.0000 0.0000 0.0000 0.0000 0.0000 0.0000 0.0000 0.0000 0.0000 0.0000 0.0000 0.0000 0.0000 0.0000 0.0000 0.0000 0.0000 0.0000 0.0000 0.0000 0.0000 6.3200 -0.4109 7.4329 2.6116 -0.7544 -18.0114 0.0000 0.0000 0.0000 0.0000 0.0000 0.0000 10.0000 0.0000 0.0000 10.0000 0.0000 0.0000 0.0000 0.0000 0.0000 20.0000 0.0000 0.0000 10.0000 0.0000 0.0000 0.0000 0.0000 0.0000 20.0000 0.0000 0.0000 10.0000 0.0000 0.0000 0.0000 0.0000 0.0000 20.0000 0.0000 0.0000 10.0000 0.0000 0.0000 0.0000 0.0000 0.0000 20.0000 0.0000 0.0000 10.0000 0.0000 0.0000 0.0000 0.0000 0.0000 43.3570 -0.2015 0.5069 -51.3561 4.5618 3.8796 0.0000 0.0000 0.0000 0.0000 0.0000 0.0000 10.0000 0.0000 0.0000 10.0000 0.0000 0.0000 0.0000 0.0000 0.0000 20.0000 0.0000 0.0000 10.0000 0.0000 0.0000 0.0000 0.0000 0.0000 20.0000 0.0000 0.0000 10.0000 0.0000 0.0000 0.0000 0.0000 0.0000 20.0000 0.0000 0.0000 10.0000 0.0000 0.0000 0.0000 0.0000 0.0000 20.0000 0.0000 0.0000 10.0000 0.0000 0.0000 0.0000 0.0000 0.0000 0.0000 0.0000 0.0000 0.0000 0.0000 0.0000 0.0000 0.0000 0.0000 0.0000 0.0000 0.0000 0.0000 0.0000 0.0000
0.0000 95.0000 0.0000 0.0000 0.0000 0.0000 0.0000 0.0000 0.0000 0.0000 0.0000 0.0000 0.0000 0.0000 0.0000 0.0000 0.0000 0.0000 0.0000 0.0000 0.0000 0.0000 0.0000 0.0000 3.8834 -0.2278 6.7112 4.0625 -0.2149 -14.9175 0.0000 0.0000 0.0000 0.0000 0.0000 0.0000 10.0000 0.0000 0.0000 10.0000 0.0000 0.0000 0.0000 0.0000 0.0000 20.0000 0.0000 0.0000 10.0000 0.0000 0.0000 0.0000 0.0000 0.0000 20.0000 0.0000 0.0000 10.0000 0.0000 0.0000 0.0000 0.0000 0.0000 20.0000 0.0000 0.0000 10.0000 0.0000 0.0000 0.0000 0.0000 0.0000 20.0000 0.0000 0.0000 10.0000 0.0000 0.0000 0.0000 0.0000 0.0000 46.3692 -9.4390 21.8216 -54.3940 -10.2346 -22.4900 0.0000 0.0000 0.0000 0.0000 0.0000 0.0000 10.0000 0.0000 0.0000 10.0000 0.0000 0.0000 0.0000 0.0000 0.0000 20.0000 0.0000 0.0000 10.0000 0.0000 0.0000 0.0000 0.0000 0.0000 20.0000 0.0000 0.0000 10.0000 0.0000 0.0000 0.0000 0.0000 0.0000 20.0000 0.0000 0.0000 10.0000 0.0000 0.0000 0.0000 0.0000 0.0000 20.0000 0.0000 0.0000 10.0000 0.0000 0.0000 0.0000 0.0000 0.0000 0.0000 0.0000 0.0000 0.0000 0.0000 0.0000 0.0000 0.0000 0.0000 0.0000 0.0000 0.0000 0.0000 0.0000 0.0000
0.0000 95.0000 0.0000 0.0000 0.0000 0.0000 0.0000 0.0000 0.0000 0.0000 0.0000 0.0000 0.0000 0.0000 0.0000 0.0000 0.0000 0.0000 0.0000 0.0000 0.0000 0.0000 0.0000 0.0000 3.1689 -0.2055 7.4179 4.6916 -0.0950 -15.7181 0.0000 0.0000 0.0000 0.0000 0.0000 0.0000 10.0000 0.0000 0.0000 10.0000 0.0000 0.0000 0.0000 0.0000 0.0000 20.0000 0.0000 0.0000 10.0000 0.0000 0.0000 0.0000 0.0000 0.0000 20.0000 0.0000 0.0000 10.0000 0.0000 0.0000 0.0000 0.0000 0.0000 20.0000 0.0000 0.0000 10.0000 0.0000 0.0000 0.0000 0.0000 0.0000 20.0000 0.0000 0.0000 10.0000 0.0000 0.0000 0.0000 0.0000 0.0000 42.0471 -15.1788 38.2405 -45.8267 19.1623 -4.1530 0.0000 0.0000 0.0000 0.0000 0.0000 0.0000 10.0000 0.0000 0.0000 10.0000 0.0000 0.0000 0.0000 0.0000 0.0000 20.0000 0.0000 0.0000 10.0000 0.0000 0.0000 0.0000 0.0000 0.0000 20.0000 0.0000 0.0000 10.0000 0.0000 0.0000 0.0000 0.0000 0.0000 20.0000 0.0000 0.0000 10.0000 0.0000 0.0000 0.0000 0.0000 0.0000 20.0000 0.0000 0.0000 10.0000 0.0000 0.0000 0.0000 0.0000 0.0000 0.0000 0.0000 0.0000 0.0000 0.0000 0.0000 0.0000 0.0000 0.0000 0.0000 0.0000 0.0000 0.0000 0.0000 0.0000
0.0000 95.0000 0.0000 0.0000 0.0000 0.0000 0.0000 0.0000 0.0000 0.0000 0.0000 0.0000 0.0000 0.0000 0.0000 0.0000 0.0000 0.0000 0.0000 0.0000 0.0000 0.0000 0.0000 0.0000 2.0612 -0.1320 7.3293 5.6004 0.1054 -15.0019 0.0000 0.0000 0.0000 0.0000 0.0000 0.0000 10.0000 0.0000 0.0000 10.0000 0.0000 0.0000 0.0000 0.0000 0.0000 20.0000 0.0000 0.0000 10.0000 0.0000 0.0000 0.0000 0.0000 0.0000 20.0000 0.0000 0.0000 10.0000 0.0000 0.0000 0.0000 0.0000 0.0000 20.0000 0.0000 0.0000 10.0000 0.0000 0.0000 0.0000 0.0000 0.0000 20.0000 0.0000 0.0000 10.0000 0.0000 0.0000 0.0000 0.0000 0.0000 38.8626 -17.8357 47.9597 -39.7327 23.3456 -1.4038 0.0000 0.0000 0.0000 0.0000 0.0000 0.0000 10.0000 0.0000 0.0000 10.0000 0.0000 0.0000 0.0000 0.0000 0.0000 20.0000 0.0000 0.0000 10.0000 0.0000 0.0000 0.0000 0.0000 0.0000 20.0000 0.0000 0.0000 10.0000 0.0000 0.0000 0.0000 0.0000 0.0000 20.0000 0.0000 0.0000 10.0000 0.0000 0.0000 0.0000 0.0000 0.0000 20.0000 0.0000 0.0000 10.0000 0.0000 0.0000 0.0000 0.0000 0.0000 0.0000 0.0000 0.0000 0.0000 0.0000 0.0000 0.0000 0.0000 0.0000 0.0000 0.0000 0.0000 0.0000 0.0000 0.0000
0.0000 95.0000 0.0000 0.0000 0.0000 0.0000 0.0000 0.0000 0.0000 0.0000 0.0000 0.0000 0.0000 0.0000 0.0000 0.0000 0.0000 0.0000 0.0000 0.0000 0.0000 0.0000 0.0000 0.0000 -0.2757 0.0154 6.3784 6.6493 0.4581 -13.6858 0.0000 0.0000 0.0000 0.0000 0.0000 0.0000 10.0000 0.0000 0.0000 10.0000 0.0000 0.0000 0.0000 0.0000 0.0000 20.0000 0.0000 0.0000 10.0000 0.0000 0.0000 0.0000 0.0000 0.0000 20.0000 0.0000 0.0000 10.0000 0.0000 0.0000 0.0000 0.0000 0.0000 20.0000 0.0000 0.0000 10.0000 0.0000 0.0000 0.0000 0.0000 0.0000 20.0000 0.0000 0.0000 10.0000 0.0000 0.0000 0.0000 0.0000 0.0000 46.4917 -13.7547 31.3684 -47.2770 27.0198 4.9889 0.0000 0.0000 0.0000 0.0000 0.0000 0.0000 10.0000 0.0000 0.0000 10.0000 0.0000 0.0000 0.0000 0.0000 0.0000 20.0000 0.0000 0.0000 10.0000 0.0000 0.0000 0.0000 0.0000 0.0000 20.0000 0.0000 0.0000 10.0000 0.0000 0.0000 0.0000 0.0000 0.0000 20.0000 0.0000 0.0000 10.0000 0.0000 0.0000 0.0000 0.0000 0.0000 20.0000 0.0000 0.0000 10.0000 0.0000 0.0000 0.0000 0.0000 0.0000 0.0000 0.0000 0.0000 0.0000 0.0000 0.0000 0.0000 0.0000 0.0000 0.0000 0.0000 0.0000 0.0000 0.0000 0.0000
0.0000 95.0000 0.0000 0.0000 0.0000 0.0000 0.0000 0.0000 0.0000 0.0000 0.0000 0.0000 0.0000 0.0000 0.0000 0.0000 0.0000 0.0000 0.0000 0.0000 0.0000 0.0000 0.0000 0.0000 -5.6245 -0.7362 -14.9025 10.4093 2.8943 -10.4527 0.0000 0.0000 0.0000 0.0000 0.0000 0.0000 10.0000 0.0000 0.0000 10.0000 0.0000 0.0000 0.0000 0.0000 0.0000 20.0000 0.0000 0.0000 10.0000 0.0000 0.0000 0.0000 0.0000 0.0000 20.0000 0.0000 0.0000 10.0000 0.0000 0.0000 0.0000 0.0000 0.0000 20.0000 0.0000 0.0000 10.0000 0.0000 0.0000 0.0000 0.0000 0.0000 20.0000 0.0000 0.0000 10.0000 0.0000 0.0000 0.0000 0.0000 0.0000 41.4807 -17.7397 44.7944 -44.4171 25.1282 -1.8458 0.0000 0.0000 0.0000 0.0000 0.0000 0.0000 10.0000 0.0000 0.0000 10.0000 0.0000 0.0000 0.0000 0.0000 0.0000 20.0000 0.0000 0.0000 10.0000 0.0000 0.0000 0.0000 0.0000 0.0000 20.0000 0.0000 0.0000 10.0000 0.0000 0.0000 0.0000 0.0000 0.0000 20.0000 0.0000 0.0000 10.0000 0.0000 0.0000 0.0000 0.0000 0.0000 20.0000 0.0000 0.0000 10.0000 0.0000 0.0000 0.0000 0.0000 0.0000 0.0000 0.0000 0.0000 0.0000 0.0000 0.0000 0.0000 0.0000 0.0000 0.0000 0.0000 0.0000 0.0000 0.0000 0.0000
0.0000 95.0000 0.0000 0.0000 0.0000 0.0000 0.0000 0.0000 0.0000 0.0000 0.0000 0.0000 0.0000 0.0000 0.0000 0.0000 0.0000 0.0000 0.0000 0.0000 0.0000 0.0000 0.0000 0.0000 -1.9738 0.0819 4.7532 10.6245 -0.6554 1.9184 0.0000 0.0000 0.0000 0.0000 0.0000 0.0000 10.0000 0.0000 0.0000 10.0000 0.0000 0.0000 0.0000 0.0000 0.0000 20.0000 0.0000 0.0000 10.0000 0.0000 0.0000 0.0000 0.0000 0.0000 20.0000 0.0000 0.0000 10.0000 0.0000 0.0000 0.0000 0.0000 0.0000 20.0000 0.0000 0.0000 10.0000 0.0000 0.0000 0.0000 0.0000 0.0000 20.0000 0.0000 0.0000 10.0000 0.0000 0.0000 0.0000 0.0000 0.0000 48.3018 -11.0125 24.2668 -57.2731 10.3294 -8.2582 0.0000 0.0000 0.0000 0.0000 0.0000 0.0000 10.0000 0.0000 0.0000 10.0000 0.0000 0.0000 0.0000 0.0000 0.0000 20.0000 0.0000 0.0000 10.0000 0.0000 0.0000 0.0000 0.0000 0.0000 20.0000 0.0000 0.0000 10.0000 0.0000 0.0000 0.0000 0.0000 0.0000 20.0000 0.0000 0.0000 10.0000 0.0000 0.0000 0.0000 0.0000 0.0000 20.0000 0.0000 0.0000 10.0000 0.0000 0.0000 0.0000 0.0000 0.0000 0.0000 0.0000 0.0000 0.0000 0.0000 0.0000 0.0000 0.0000 0.0000 0.0000 0.0000 0.0000 0.0000 0.0000 0.0000
0.0000 95.0000 0.0000 0.0000 0.0000 0.0000 0.0000 0.0000 0.0000 0.0000 0.0000 0.0000 0.0000 0.0000 0.0000 0.0000 0.0000 0.0000 0.0000 0.0000 0.0000 0.0000 0.0000 0.0000 0.0857 -0.0045 6.0190 9.7681 0.5568 -12.6386 0.0000 0.0000 0.0000 0.0000 0.0000 0.0000 10.0000 0.0000 0.0000 10.0000 0.0000 0.0000 0.0000 0.0000 0.0000 20.0000 0.0000 0.0000 10.0000 0.0000 0.0000 0.0000 0.0000 0.0000 20.0000 0.0000 0.0000 10.0000 0.0000 0.0000 0.0000 0.0000 0.0000 20.0000 0.0000 0.0000 10.0000 0.0000 0.0000 0.0000 0.0000 0.0000 20.0000 0.0000 0.0000 10.0000 0.0000 0.0000 0.0000 0.0000 0.0000 47.8301 -5.5996 12.5866 -56.3138 3.0436 -5.8636 0.0000 0.0000 0.0000 0.0000 0.0000 0.0000 10.0000 0.0000 0.0000 10.0000 0.0000 0.0000 0.0000 0.0000 0.0000 20.0000 0.0000 0.0000 10.0000 0.0000 0.0000 0.0000 0.0000 0.0000 20.0000 0.0000 0.0000 10.0000 0.0000 0.0000 0.0000 0.0000 0.0000 20.0000 0.0000 0.0000 10.0000 0.0000 0.0000 0.0000 0.0000 0.0000 20.0000 0.0000 0.0000 10.0000 0.0000 0.0000 0.0000 0.0000 0.0000 0.0000 0.0000 0.0000 0.0000 0.0000 0.0000 0.0000 0.0000 0.0000 0.0000 0.0000 0.0000 0.0000 0.0000 0.0000
0.0000 95.0000 0.0000 0.0000 0.0000 0.0000 0.0000 0.0000 0.0000 0.0000 0.0000 0.0000 0.0000 0.0000 0.0000 0.0000 0.0000 0.0000 0.0000 0.0000 0.0000 0.0000 0.0000 0.0000 1.1079 -0.0594 6.1372 9.5508 0.4804 -13.4400 0.0000 0.0000 0.0000 0.0000 0.0000 0.0000 10.0000 0.0000 0.0000 10.0000 0.0000 0.0000 0.0000 0.0000 0.0000 20.0000 0.0000 0.0000 10.0000 0.0000 0.0000 0.0000 0.0000 0.0000 20.0000 0.0000 0.0000 10.0000 0.0000 0.0000 0.0000 0.0000 0.0000 20.0000 0.0000 0.0000 10.0000 0.0000 0.0000 0.0000 0.0000 0.0000 20.0000 0.0000 0.0000 10.0000 0.0000 0.0000 0.0000 0.0000 0.0000 41.4210 3.9903 -10.5287 -46.5246 8.3610 15.0819 0.0000 0.0000 0.0000 0.0000 0.0000 0.0000 10.0000 0.0000 0.0000 10.0000 0.0000 0.0000 0.0000 0.0000 0.0000 20.0000 0.0000 0.0000 10.0000 0.0000 0.0000 0.0000 0.0000 0.0000 20.0000 0.0000 0.0000 10.0000 0.0000 0.0000 0.0000 0.0000 0.0000 20.0000 0.0000 0.0000 10.0000 0.0000 0.0000 0.0000 0.0000 0.0000 20.0000 0.0000 0.0000 10.0000 0.0000 0.0000 0.0000 0.0000 0.0000 0.0000 0.0000 0.0000 0.0000 0.0000 0.0000 0.0000 0.0000 0.0000 0.0000 0.0000 0.0000 0.0000 0.0000 0.0000
0.0000 95.0000 0.0000 0.0000 0.0000 0.0000 0.0000 0.0000 0.0000 0.0000 0.0000 0.0000 0.0000 0.0000 0.0000 0.0000 0.0000 0.0000 0.0000 0.0000 0.0000 0.0000 0.0000 0.0000 -0.9454 -0.1134 -13.6818 10.4312 0.7016 5.5134 0.0000 0.0000 0.0000 0.0000 0.0000 0.0000 10.0000 0.0000 0.0000 10.0000 0.0000 0.0000 0.0000 0.0000 0.0000 20.0000 0.0000 0.0000 10.0000 0.0000 0.0000 0.0000 0.0000 0.0000 20.0000 0.0000 0.0000 10.0000 0.0000 0.0000 0.0000 0.0000 0.0000 20.0000 0.0000 0.0000 10.0000 0.0000 0.0000 0.0000 0.0000 0.0000 20.0000 0.0000 0.0000 10.0000 0.0000 0.0000 0.0000 0.0000 0.0000 38.7078 2.1370 -6.0790 -45.0701 6.5473 11.0062 0.0000 0.0000 0.0000 0.0000 0.0000 0.0000 10.0000 0.0000 0.0000 10.0000 0.0000 0.0000 0.0000 0.0000 0.0000 20.0000 0.0000 0.0000 10.0000 0.0000 0.0000 0.0000 0.0000 0.0000 20.0000 0.0000 0.0000 10.0000 0.0000 0.0000 0.0000 0.0000 0.0000 20.0000 0.0000 0.0000 10.0000 0.0000 0.0000 0.0000 0.0000 0.0000 20.0000 0.0000 0.0000 10.0000 0.0000 0.0000 0.0000 0.0000 0.0000 0.0000 0.0000 0.0000 0.0000 0.0000 0.0000 0.0000 0.0000 0.0000 0.0000 0.0000 0.0000 0.0000 0.0000 0.0000
0.0000 95.0000 0.0000 0.0000 0.0000 0.0000 0.0000 0.0000 0.0000 0.0000 0.0000 0.0000 0.0000 0.0000 0.0000 0.0000 0.0000 0.0000 0.0000 0.0000 0.0000 0.0000 0.0000 0.0000 -3.0518 -0.4998 -18.5992 4.5884 0.4687 4.1712 0.0000 0.0000 0.0000 0.0000 0.0000 0.0000 10.0000 0.0000 0.0000 10.0000 0.0000 0.0000 0.0000 0.0000 0.0000 20.0000 0.0000 0.0000 10.0000 0.0000 0.0000 0.0000 0.0000 0.0000 20.0000 0.0000 0.0000 10.0000 0.0000 0.0000 0.0000 0.0000 0.0000 20.0000 0.0000 0.0000 10.0000 0.0000 0.0000 0.0000 0.0000 0.0000 20.0000 0.0000 0.0000 10.0000 0.0000 0.0000 0.0000 0.0000 0.0000 36.0674 2.1294 -6.5343 -40.4740 6.3971 11.9535 0.0000 0.0000 0.0000 0.0000 0.0000 0.0000 10.0000 0.0000 0.0000 10.0000 0.0000 0.0000 0.0000 0.0000 0.0000 20.0000 0.0000 0.0000 10.0000 0.0000 0.0000 0.0000 0.0000 0.0000 20.0000 0.0000 0.0000 10.0000 0.0000 0.0000 0.0000 0.0000 0.0000 20.0000 0.0000 0.0000 10.0000 0.0000 0.0000 0.0000 0.0000 0.0000 20.0000 0.0000 0.0000 10.0000 0.0000 0.0000 0.0000 0.0000 0.0000 0.0000 0.0000 0.0000 0.0000 0.0000 0.0000 0.0000 0.0000 0.0000 0.0000 0.0000 0.0000 0.0000 0.0000 0.0000
0.0000 95.0000 0.0000 0.0000 0.0000 0.0000 0.0000 0.0000 0.0000 0.0000 0.0000 0.0000 0.0000 0.0000 0.0000 0.0000 0.0000 0.0000 0.0000 0.0000 0.0000 0.0000 0.0000 0.0000 -8.4325 -1.8153 -24.2569 4.5558 1.7200 -6.0671 0.0000 0.0000 0.0000 0.0000 0.0000 0.0000 10.0000 0.0000 0.0000 10.0000 0.0000 0.0000 0.0000 0.0000 0.0000 20.0000 0.0000 0.0000 10.0000 0.0000 0.0000 0.0000 0.0000 0.0000 20.0000 0.0000 0.0000 10.0000 0.0000 0.0000 0.0000 0.0000 0.0000 20.0000 0.0000 0.0000 10.0000 0.0000 0.0000 0.0000 0.0000 0.0000 20.0000 0.0000 0.0000 10.0000 0.0000 0.0000 0.0000 0.0000 0.0000 34.9729 2.1190 -6.7191 -36.3292 6.0864 12.2592 0.0000 0.0000 0.0000 0.0000 0.0000 0.0000 10.0000 0.0000 0.0000 10.0000 0.0000 0.0000 0.0000 0.0000 0.0000 20.0000 0.0000 0.0000 10.0000 0.0000 0.0000 0.0000 0.0000 0.0000 20.0000 0.0000 0.0000 10.0000 0.0000 0.0000 0.0000 0.0000 0.0000 20.0000 0.0000 0.0000 10.0000 0.0000 0.0000 0.0000 0.0000 0.0000 20.0000 0.0000 0.0000 10.0000 0.0000 0.0000 0.0000 0.0000 0.0000 0.0000 0.0000 0.0000 0.0000 0.0000 0.0000 0.0000 0.0000 0.0000 0.0000 0.0000 0.0000 0.0000 0.0000 0.0000
0.0000 95.0000 0.0000 0.0000 0.0000 0.0000 0.0000 0.0000 0.0000 0.0000 0.0000 0.0000 0.0000 0.0000 0.0000 0.0000 0.0000 0.0000 0.0000 0.0000 0.0000 0.0000 0.0000 0.0000 -15.4970 -3.7490 -27.0488 7.1457 5.8195 -18.1902 0.0000 0.0000 0.0000 0.0000 0.0000 0.0000 10.0000 0.0000 0.0000 10.0000 0.0000 0.0000 0.0000 0.0000 0.0000 20.0000 0.0000 0.0000 10.0000 0.0000 0.0000 0.0000 0.0000 0.0000 20.0000 0.0000 0.0000 10.0000 0.0000 0.0000 0.0000 0.0000 0.0000 20.0000 0.0000 0.0000 10.0000 0.0000 0.0000 0.0000 0.0000 0.0000 20.0000 0.0000 0.0000 10.0000 0.0000 0.0000 0.0000 0.0000 0.0000 40.5027 3.7356 -10.1024 -38.5197 3.5659 9.8962 0.0000 0.0000 0.0000 0.0000 0.0000 0.0000 10.0000 0.0000 0.0000 10.0000 0.0000 0.0000 0.0000 0.0000 0.0000 20.0000 0.0000 0.0000 10.0000 0.0000 0.0000 0.0000 0.0000 0.0000 20.0000 0.0000 0.0000 10.0000 0.0000 0.0000 0.0000 0.0000 0.0000 20.0000 0.0000 0.0000 10.0000 0.0000 0.0000 0.0000 0.0000 0.0000 20.0000 0.0000 0.0000 10.0000 0.0000 0.0000 0.0000 0.0000 0.0000 0.0000 0.0000 0.0000 0.0000 0.0000 0.0000 0.0000 0.0000 0.0000 0.0000 0.0000 0.0000 0.0000 0.0000 0.0000
0.0000 95.0000 0.0000 0.0000 0.0000 0.0000 0.0000 0.0000 0.0000 0.0000 0.0000 0.0000 0.0000 0.0000 0.0000 0.0000 0.0000 0.0000 0.0000 0.0000 0.0000 0.0000 0.0000 0.0000 -11.3080 -1.1488 -11.5646 5.5919 0.5217 0.3562 0.0000 0.0000 0.0000 0.0000 0.0000 0.0000 10.0000 0.0000 0.0000 10.0000 0.0000 0.0000 0.0000 0.0000 0.0000 20.0000 0.0000 0.0000 10.0000 0.0000 0.0000 0.0000 0.0000 0.0000 20.0000 0.0000 0.0000 10.0000 0.0000 0.0000 0.0000 0.0000 0.0000 20.0000 0.0000 0.0000 10.0000 0.0000 0.0000 0.0000 0.0000 0.0000 20.0000 0.0000 0.0000 10.0000 0.0000 0.0000 0.0000 0.0000 0.0000 43.3550 2.4212 -6.0864 -40.9943 6.6333 10.7468 0.0000 0.0000 0.0000 0.0000 0.0000 0.0000 10.0000 0.0000 0.0000 10.0000 0.0000 0.0000 0.0000 0.0000 0.0000 20.0000 0.0000 0.0000 10.0000 0.0000 0.0000 0.0000 0.0000 0.0000 20.0000 0.0000 0.0000 10.0000 0.0000 0.0000 0.0000 0.0000 0.0000 20.0000 0.0000 0.0000 10.0000 0.0000 0.0000 0.0000 0.0000 0.0000 20.0000 0.0000 0.0000 10.0000 0.0000 0.0000 0.0000 0.0000 0.0000 0.0000 0.0000 0.0000 0.0000 0.0000 0.0000 0.0000 0.0000 0.0000 0.0000 0.0000 0.0000 0.0000 0.0000 0.0000
0.0000 95.0000 0.0000 0.0000 0.0000 0.0000 0.0000 0.0000 0.0000 0.0000 0.0000 0.0000 0.0000 0.0000 0.0000 0.0000 0.0000 0.0000 0.0000 0.0000 0.0000 0.0000 0.0000 0.0000 -6.9439 0.3245 5.3446 1.1259 0.8739 -13.1216 0.0000 0.0000 0.0000 0.0000 0.0000 0.0000 10.0000 0.0000 0.0000 10.0000 0.0000 0.0000 0.0000 0.0000 0.0000 20.0000 0.0000 0.0000 10.0000 0.0000 0.0000 0.0000 0.0000 0.0000 20.0000 0.0000 0.0000 10.0000 0.0000 0.0000 0.0000 0.0000 0.0000 20.0000 0.0000 0.0000 10.0000 0.0000 0.0000 0.0000 0.0000 0.0000 20.0000 0.0000 0.0000 10.0000 0.0000 0.0000 0.0000 0.0000 0.0000 46.1607 2.7285 -6.3974 -42.6231 8.1780 11.9827 0.0000 0.0000 0.0000 0.0000 0.0000 0.0000 10.0000 0.0000 0.0000 10.0000 0.0000 0.0000 0.0000 0.0000 0.0000 20.0000 0.0000 0.0000 10.0000 0.0000 0.0000 0.0000 0.0000 0.0000 20.0000 0.0000 0.0000 10.0000 0.0000 0.0000 0.0000 0.0000 0.0000 20.0000 0.0000 0.0000 10.0000 0.0000 0.0000 0.0000 0.0000 0.0000 20.0000 0.0000 0.0000 10.0000 0.0000 0.0000 0.0000 0.0000 0.0000 0.0000 0.0000 0.0000 0.0000 0.0000 0.0000 0.0000 0.0000 0.0000 0.0000 0.0000 0.0000 0.0000 0.0000 0.0000
0.0000 95.0000 0.0000 0.0000 0.0000 0.0000 0.0000 0.0000 0.0000 0.0000 0.0000 0.0000 0.0000 0.0000 0.0000 0.0000 0.0000 0.0000 0.0000 0.0000 0.0000 0.0000 0.0000 0.0000 -3.4783 0.1822 5.9940 -2.5214 0.2779 -17.4203 0.0000 0.0000 0.0000 0.0000 0.0000 0.0000 10.0000 0.0000 0.0000 10.0000 0.0000 0.0000 0.0000 0.0000 0.0000 20.0000 0.0000 0.0000 10.0000 0.0000 0.0000 0.0000 0.0000 0.0000 20.0000 0.0000 0.0000 10.0000 0.0000 0.0000 0.0000 0.0000 0.0000 20.0000 0.0000 0.0000 10.0000 0.0000 0.0000 0.0000 0.0000 0.0000 20.0000 0.0000 0.0000 10.0000 0.0000 0.0000 0.0000 0.0000 0.0000 48.3076 2.9560 -6.5857 -43.2651 9.4002 12.8824 0.0000 0.0000 0.0000 0.0000 0.0000 0.0000 10.0000 0.0000 0.0000 10.0000 0.0000 0.0000 0.0000 0.0000 0.0000 20.0000 0.0000 0.0000 10.0000 0.0000 0.0000 0.0000 0.0000 0.0000 20.0000 0.0000 0.0000 10.0000 0.0000 0.0000 0.0000 0.0000 0.0000 20.0000 0.0000 0.0000 10.0000 0.0000 0.0000 0.0000 0.0000 0.0000 20.0000 0.0000 0.0000 10.0000 0.0000 0.0000 0.0000 0.0000 0.0000 0.0000 0.0000 0.0000 0.0000 0.0000 0.0000 0.0000 0.0000 0.0000 0.0000 0.0000 0.0000 0.0000 0.0000 0.0000
0.0000 95.0000 0.0000 0.0000 0.0000 0.0000 0.0000 0.0000 0.0000 0.0000 0.0000 0.0000 0.0000 0.0000 0.0000 0.0000 0.0000 0.0000 0.0000 0.0000 0.0000 0.0000 0.0000 0.0000 -1.2628 0.0696 6.3106 -5.5843 -0.4488 -19.9867 0.0000 0.0000 0.0000 0.0000 0.0000 0.0000 10.0000 0.0000 0.0000 10.0000 0.0000 0.0000 0.0000 0.0000 0.0000 20.0000 0.0000 0.0000 10.0000 0.0000 0.0000 0.0000 0.0000 0.0000 20.0000 0.0000 0.0000 10.0000 0.0000 0.0000 0.0000 0.0000 0.0000 20.0000 0.0000 0.0000 10.0000 0.0000 0.0000 0.0000 0.0000 0.0000 20.0000 0.0000 0.0000 10.0000 0.0000 0.0000 0.0000 0.0000 0.0000 49.4548 3.0419 -6.5995 -42.9470 9.7056 13.0190 0.0000 0.0000 0.0000 0.0000 0.0000 0.0000 10.0000 0.0000 0.0000 10.0000 0.0000 0.0000 0.0000 0.0000 0.0000 20.0000 0.0000 0.0000 10.0000 0.0000 0.0000 0.0000 0.0000 0.0000 20.0000 0.0000 0.0000 10.0000 0.0000 0.0000 0.0000 0.0000 0.0000 20.0000 0.0000 0.0000 10.0000 0.0000 0.0000 0.0000 0.0000 0.0000 20.0000 0.0000 0.0000 10.0000 0.0000 0.0000 0.0000 0.0000 0.0000 0.0000 0.0000 0.0000 0.0000 0.0000 0.0000 0.0000 0.0000 0.0000 0.0000 0.0000 0.0000 0.0000 0.0000 0.0000
0.0000 95.0000 0.0000 0.0000 0.0000 0.0000 0.0000 0.0000 0.0000 0.0000 0.0000 0.0000 0.0000 0.0000 0.0000 0.0000 0.0000 0.0000 0.0000 0.0000 0.0000 0.0000 0.0000 0.0000 -0.0953 0.0055 6.5585 -8.3236 -1.0570 -21.2495 0.0000 0.0000 0.0000 0.0000 0.0000 0.0000 10.0000 0.0000 0.0000 10.0000 0.0000 0.0000 0.0000 0.0000 0.0000 20.0000 0.0000 0.0000 10.0000 0.0000 0.0000 0.0000 0.0000 0.0000 20.0000 0.0000 0.0000 10.0000 0.0000 0.0000 0.0000 0.0000 0.0000 20.0000 0.0000 0.0000 10.0000 0.0000 0.0000 0.0000 0.0000 0.0000 20.0000 0.0000 0.0000 10.0000 0.0000 0.0000 0.0000 0.0000 0.0000 49.7265 3.0045 -6.4782 -41.8577 9.3163 12.6443 0.0000 0.0000 0.0000 0.0000 0.0000 0.0000 10.0000 0.0000 0.0000 10.0000 0.0000 0.0000 0.0000 0.0000 0.0000 20.0000 0.0000 0.0000 10.0000 0.0000 0.0000 0.0000 0.0000 0.0000 20.0000 0.0000 0.0000 10.0000 0.0000 0.0000 0.0000 0.0000 0.0000 20.0000 0.0000 0.0000 10.0000 0.0000 0.0000 0.0000 0.0000 0.0000 20.0000 0.0000 0.0000 10.0000 0.0000 0.0000 0.0000 0.0000 0.0000 0.0000 0.0000 0.0000 0.0000 0.0000 0.0000 0.0000 0.0000 0.0000 0.0000 0.0000 0.0000 0.0000 0.0000 0.0000
0.0000 95.0000 0.0000 0.0000 0.0000 0.0000 0.0000 0.0000 0.0000 0.0000 0.0000 0.0000 0.0000 0.0000 0.0000 0.0000 0.0000 0.0000 0.0000 0.0000 0.0000 0.0000 0.0000 0.0000 0.2901 -0.0170 6.7203 -10.8340 -1.4805 -21.6642 0.0000 0.0000 0.0000 0.0000 0.0000 0.0000 10.0000 0.0000 0.0000 10.0000 0.0000 0.0000 0.0000 0.0000 0.0000 20.0000 0.0000 0.0000 10.0000 0.0000 0.0000 0.0000 0.0000 0.0000 20.0000 0.0000 0.0000 10.0000 0.0000 0.0000 0.0000 0.0000 0.0000 20.0000 0.0000 0.0000 10.0000 0.0000 0.0000 0.0000 0.0000 0.0000 20.0000 0.0000 0.0000 10.0000 0.0000 0.0000 0.0000 0.0000 0.0000 49.4179 2.8722 -6.2371 -40.2872 8.4804 11.8952 0.0000 0.0000 0.0000 0.0000 0.0000 0.0000 10.0000 0.0000 0.0000 10.0000 0.0000 0.0000 0.0000 0.0000 0.0000 20.0000 0.0000 0.0000 10.0000 0.0000 0.0000 0.0000 0.0000 0.0000 20.0000 0.0000 0.0000 10.0000 0.0000 0.0000 0.0000 0.0000 0.0000 20.0000 0.0000 0.0000 10.0000 0.0000 0.0000 0.0000 0.0000 0.0000 20.0000 0.0000 0.0000 10.0000 0.0000 0.0000 0.0000 0.0000 0.0000 0.0000 0.0000 0.0000 0.0000 0.0000 0.0000 0.0000 0.0000 0.0000 0.0000 0.0000 0.0000 0.0000 0.0000 0.0000
0.0000 95.0000 0.0000 0.0000 0.0000 0.0000 0.0000 0.0000 0.0000 0.0000 0.0000 0.0000 0.0000 0.0000 0.0000 0.0000 0.0000 0.0000 0.0000 0.0000 0.0000 0.0000 0.0000 0.0000 0.1220 -0.0073 6.8122 -13.1190 -1.7310 -21.5824 0.0000 0.0000 0.0000 0.0000 0.0000 0.0000 10.0000 0.0000 0.0000 10.0000 0.0000 0.0000 0.0000 0.0000 0.0000 20.0000 0.0000 0.0000 10.0000 0.0000 0.0000 0.0000 0.0000 0.0000 20.0000 0.0000 0.0000 10.0000 0.0000 0.0000 0.0000 0.0000 0.0000 20.0000 0.0000 0.0000 10.0000 0.0000 0.0000 0.0000 0.0000 0.0000 20.0000 0.0000 0.0000 10.0000 0.0000 0.0000 0.0000 0.0000 0.0000 46.8124 7.4163 -17.0306 -35.9667 11.8895 22.1743 0.0000 0.0000 0.0000 0.0000 0.0000 0.0000 10.0000 0.0000 0.0000 10.0000 0.0000 0.0000 0.0000 0.0000 0.0000 20.0000 0.0000 0.0000 10.0000 0.0000 0.0000 0.0000 0.0000 0.0000 20.0000 0.0000 0.0000 10.0000 0.0000 0.0000 0.0000 0.0000 0.0000 20.0000 0.0000 0.0000 10.0000 0.0000 0.0000 0.0000 0.0000 0.0000 20.0000 0.0000 0.0000 10.0000 0.0000 0.0000 0.0000 0.0000 0.0000 0.0000 0.0000 0.0000 0.0000 0.0000 0.0000 0.0000 0.0000 0.0000 0.0000 0.0000 0.0000 0.0000 0.0000 0.0000
0.0000 95.0000 0.0000 0.0000 0.0000 0.0000 0.0000 0.0000 0.0000 0.0000 0.0000 0.0000 0.0000 0.0000 0.0000 0.0000 0.0000 0.0000 0.0000 0.0000 0.0000 0.0000 0.0000 0.0000 -0.4297 0.0257 6.8536 -15.1576 -1.8412 -21.2246 0.0000 0.0000 0.0000 0.0000 0.0000 0.0000 10.0000 0.0000 0.0000 10.0000 0.0000 0.0000 0.0000 0.0000 0.0000 20.0000 0.0000 0.0000 10.0000 0.0000 0.0000 0.0000 0.0000 0.0000 20.0000 0.0000 0.0000 10.0000 0.0000 0.0000 0.0000 0.0000 0.0000 20.0000 0.0000 0.0000 10.0000 0.0000 0.0000 0.0000 0.0000 0.0000 20.0000 0.0000 0.0000 10.0000 0.0000 0.0000 0.0000 0.0000 0.0000 47.7275 3.7832 -8.5392 -35.8118 7.7000 12.9436 0.0000 0.0000 0.0000 0.0000 0.0000 0.0000 10.0000 0.0000 0.0000 10.0000 0.0000 0.0000 0.0000 0.0000 0.0000 20.0000 0.0000 0.0000 10.0000 0.0000 0.0000 0.0000 0.0000 0.0000 20.0000 0.0000 0.0000 10.0000 0.0000 0.0000 0.0000 0.0000 0.0000 20.0000 0.0000 0.0000 10.0000 0.0000 0.0000 0.0000 0.0000 0.0000 20.0000 0.0000 0.0000 10.0000 0.0000 0.0000 0.0000 0.0000 0.0000 0.0000 0.0000 0.0000 0.0000 0.0000 0.0000 0.0000 0.0000 0.0000 0.0000 0.0000 0.0000 0.0000 0.0000 0.0000
0.0000 95.0000 0.0000 0.0000 0.0000 0.0000 0.0000 0.0000 0.0000 0.0000 0.0000 0.0000 0.0000 0.0000 0.0000 0.0000 0.0000 0.0000 0.0000 0.0000 0.0000 0.0000 0.0000 0.0000 -1.2470 0.0747 6.8600 -17.2601 -1.8814 -20.7007 0.0000 0.0000 0.0000 0.0000 0.0000 0.0000 10.0000 0.0000 0.0000 10.0000 0.0000 0.0000 0.0000 0.0000 0.0000 20.0000 0.0000 0.0000 10.0000 0.0000 0.0000 0.0000 0.0000 0.0000 20.0000 0.0000 0.0000 10.0000 0.0000 0.0000 0.0000 0.0000 0.0000 20.0000 0.0000 0.0000 10.0000 0.0000 0.0000 0.0000 0.0000 0.0000 20.0000 0.0000 0.0000 10.0000 0.0000 0.0000 0.0000 0.0000 0.0000 47.5061 -0.2478 0.5632 -34.0362 7.1890 8.0548 0.0000 0.0000 0.0000 0.0000 0.0000 0.0000 10.0000 0.0000 0.0000 10.0000 0.0000 0.0000 0.0000 0.0000 0.0000 20.0000 0.0000 0.0000 10.0000 0.0000 0.0000 0.0000 0.0000 0.0000 20.0000 0.0000 0.0000 10.0000 0.0000 0.0000 0.0000 0.0000 0.0000 20.0000 0.0000 0.0000 10.0000 0.0000 0.0000 0.0000 0.0000 0.0000 20.0000 0.0000 0.0000 10.0000 0.0000 0.0000 0.0000 0.0000 0.0000 0.0000 0.0000 0.0000 0.0000 0.0000 0.0000 0.0000 0.0000 0.0000 0.0000 0.0000 0.0000 0.0000 0.0000 0.0000
0.0000 95.0000 0.0000 0.0000 0.0000 0.0000 0.0000 0.0000 0.0000 0.0000 0.0000 0.0000 0.0000 0.0000 0.0000 0.0000 0.0000 0.0000 0.0000 0.0000 0.0000 0.0000 0.0000 0.0000 -2.2494 0.1345 6.8420 -19.5619 -1.8889 -20.0747 0.0000 0.0000 0.0000 0.0000 0.0000 0.0000 10.0000 0.0000 0.0000 10.0000 0.0000 0.0000 0.0000 0.0000 0.0000 20.0000 0.0000 0.0000 10.0000 0.0000 0.0000 0.0000 0.0000 0.0000 20.0000 0.0000 0.0000 10.0000 0.0000 0.0000 0.0000 0.0000 0.0000 20.0000 0.0000 0.0000 10.0000 0.0000 0.0000 0.0000 0.0000 0.0000 20.0000 0.0000 0.0000 10.0000 0.0000 0.0000 0.0000 0.0000 0.0000 45.9107 -4.0050 9.4381 -29.6575 15.6051 15.4643 0.0000 0.0000 0.0000 0.0000 0.0000 0.0000 10.0000 0.0000 0.0000 10.0000 0.0000 0.0000 0.0000 0.0000 0.0000 20.0000 0.0000 0.0000 10.0000 0.0000 0.0000 0.0000 0.0000 0.0000 20.0000 0.0000 0.0000 10.0000 0.0000 0.0000 0.0000 0.0000 0.0000 20.0000 0.0000 0.0000 10.0000 0.0000 0.0000 0.0000 0.0000 0.0000 20.0000 0.0000 0.0000 10.0000 0.0000 0.0000 0.0000 0.0000 0.0000 0.0000 0.0000 0.0000 0.0000 0.0000 0.0000 0.0000 0.0000 0.0000 0.0000 0.0000 0.0000 0.0000 0.0000 0.0000
0.0000 95.0000 0.0000 0.0000 0.0000 0.0000 0.0000 0.0000 0.0000 0.0000 0.0000 0.0000 0.0000 0.0000 0.0000 0.0000 0.0000 0.0000 0.0000 0.0000 0.0000 0.0000 0.0000 0.0000 -1.4194 0.0918 7.3978 -17.6499 -2.0927 -22.6284 0.0000 0.0000 0.0000 0.0000 0.0000 0.0000 10.0000 0.0000 0.0000 10.0000 0.0000 0.0000 0.0000 0.0000 0.0000 20.0000 0.0000 0.0000 10.0000 0.0000 0.0000 0.0000 0.0000 0.0000 20.0000 0.0000 0.0000 10.0000 0.0000 0.0000 0.0000 0.0000 0.0000 20.0000 0.0000 0.0000 10.0000 0.0000 0.0000 0.0000 0.0000 0.0000 20.0000 0.0000 0.0000 10.0000 0.0000 0.0000 0.0000 0.0000 0.0000 40.3528 0.6211 -1.6902 -27.0844 1.5434 3.0722 0.0000 0.0000 0.0000 0.0000 0.0000 0.0000 10.0000 0.0000 0.0000 10.0000 0.0000 0.0000 0.0000 0.0000 0.0000 20.0000 0.0000 0.0000 10.0000 0.0000 0.0000 0.0000 0.0000 0.0000 20.0000 0.0000 0.0000 10.0000 0.0000 0.0000 0.0000 0.0000 0.0000 20.0000 0.0000 0.0000 10.0000 0.0000 0.0000 0.0000 0.0000 0.0000 20.0000 0.0000 0.0000 10.0000 0.0000 0.0000 0.0000 0.0000 0.0000 0.0000 0.0000 0.0000 0.0000 0.0000 0.0000 0.0000 0.0000 0.0000 0.0000 0.0000 0.0000 0.0000 0.0000 0.0000
0.0000 95.0000 0.0000 0.0000 0.0000 0.0000 0.0000 0.0000 0.0000 0.0000 0.0000 0.0000 0.0000 0.0000 0.0000 0.0000 0.0000 0.0000 0.0000 0.0000 0.0000 0.0000 0.0000 0.0000 -7.1350 0.9499 15.1471 -19.7065 0.1507 -22.3928 0.0000 0.0000 0.0000 0.0000 0.0000 0.0000 10.0000 0.0000 0.0000 10.0000 0.0000 0.0000 0.0000 0.0000 0.0000 20.0000 0.0000 0.0000 10.0000 0.0000 0.0000 0.0000 0.0000 0.0000 20.0000 0.0000 0.0000 10.0000 0.0000 0.0000 0.0000 0.0000 0.0000 20.0000 0.0000 0.0000 10.0000 0.0000 0.0000 0.0000 0.0000 0.0000 20.0000 0.0000 0.0000 10.0000 0.0000 0.0000 0.0000 0.0000 0.0000 35.7304 4.9422 -15.2520 -24.7677 8.1093 20.7135 0.0000 0.0000 0.0000 0.0000 0.0000 0.0000 10.0000 0.0000 0.0000 10.0000 0.0000 0.0000 0.0000 0.0000 0.0000 20.0000 0.0000 0.0000 10.0000 0.0000 0.0000 0.0000 0.0000 0.0000 20.0000 0.0000 0.0000 10.0000 0.0000 0.0000 0.0000 0.0000 0.0000 20.0000 0.0000 0.0000 10.0000 0.0000 0.0000 0.0000 0.0000 0.0000 20.0000 0.0000 0.0000 10.0000 0.0000 0.0000 0.0000 0.0000 0.0000 0.0000 0.0000 0.0000 0.0000 0.0000 0.0000 0.0000 0.0000 0.0000 0.0000 0.0000 0.0000 0.0000 0.0000 0.0000
0.0000 95.0000 0.0000 0.0000 0.0000 0.0000 0.0000 0.0000 0.0000 0.0000 0.0000 0.0000 0.0000 0.0000 0.0000 0.0000 0.0000 0.0000 0.0000 0.0000 0.0000 0.0000 0.0000 0.0000 -10.6906 -0.6167 -6.5838 -17.9470 -1.9046 -13.5225 0.0000 0.0000 0.0000 0.0000 0.0000 0.0000 10.0000 0.0000 0.0000 10.0000 0.0000 0.0000 0.0000 0.0000 0.0000 20.0000 0.0000 0.0000 10.0000 0.0000 0.0000 0.0000 0.0000 0.0000 20.0000 0.0000 0.0000 10.0000 0.0000 0.0000 0.0000 0.0000 0.0000 20.0000 0.0000 0.0000 10.0000 0.0000 0.0000 0.0000 0.0000 0.0000 20.0000 0.0000 0.0000 10.0000 0.0000 0.0000 0.0000 0.0000 0.0000 33.2822 4.8807 -16.2296 -25.1788 7.8614 21.5850 0.0000 0.0000 0.0000 0.0000 0.0000 0.0000 10.0000 0.0000 0.0000 10.0000 0.0000 0.0000 0.0000 0.0000 0.0000 20.0000 0.0000 0.0000 10.0000 0.0000 0.0000 0.0000 0.0000 0.0000 20.0000 0.0000 0.0000 10.0000 0.0000 0.0000 0.0000 0.0000 0.0000 20.0000 0.0000 0.0000 10.0000 0.0000 0.0000 0.0000 0.0000 0.0000 20.0000 0.0000 0.0000 10.0000 0.0000 0.0000 0.0000 0.0000 0.0000 0.0000 0.0000 0.0000 0.0000 0.0000 0.0000 0.0000 0.0000 0.0000 0.0000 0.0000 0.0000 0.0000 0.0000 0.0000
0.0000 95.0000 0.0000 0.0000 0.0000 0.0000 0.0000 0.0000 0.0000 0.0000 0.0000 0.0000 0.0000 0.0000 0.0000 0.0000 0.0000 0.0000 0.0000 0.0000 0.0000 0.0000 0.0000 0.0000 -12.9789 -2.6759 -23.2064 -11.4770 -2.0567 -21.6344 0.0000 0.0000 0.0000 0.0000 0.0000 0.0000 10.0000 0.0000 0.0000 10.0000 0.0000 0.0000 0.0000 0.0000 0.0000 20.0000 0.0000 0.0000 10.0000 0.0000 0.0000 0.0000 0.0000 0.0000 20.0000 0.0000 0.0000 10.0000 0.0000 0.0000 0.0000 0.0000 0.0000 20.0000 0.0000 0.0000 10.0000 0.0000 0.0000 0.0000 0.0000 0.0000 20.0000 0.0000 0.0000 10.0000 0.0000 0.0000 0.0000 0.0000 0.0000 33.0701 1.7868 -6.0136 -26.8553 4.8349 11.3055 0.0000 0.0000 0.0000 0.0000 0.0000 0.0000 10.0000 0.0000 0.0000 10.0000 0.0000 0.0000 0.0000 0.0000 0.0000 20.0000 0.0000 0.0000 10.0000 0.0000 0.0000 0.0000 0.0000 0.0000 20.0000 0.0000 0.0000 10.0000 0.0000 0.0000 0.0000 0.0000 0.0000 20.0000 0.0000 0.0000 10.0000 0.0000 0.0000 0.0000 0.0000 0.0000 20.0000 0.0000 0.0000 10.0000 0.0000 0.0000 0.0000 0.0000 0.0000 0.0000 0.0000 0.0000 0.0000 0.0000 0.0000 0.0000 0.0000 0.0000 0.0000 0.0000 0.0000 0.0000 0.0000 0.0000
0.0000 95.0000 0.0000 0.0000 0.0000 0.0000 0.0000 0.0000 0.0000 0.0000 0.0000 0.0000 0.0000 0.0000 0.0000 0.0000 0.0000 0.0000 0.0000 0.0000 0.0000 0.0000 0.0000 0.0000 -10.1160 -0.5021 -5.6688 -15.9204 -0.6798 2.1644 0.0000 0.0000 0.0000 0.0000 0.0000 0.0000 10.0000 0.0000 0.0000 10.0000 0.0000 0.0000 0.0000 0.0000 0.0000 20.0000 0.0000 0.0000 10.0000 0.0000 0.0000 0.0000 0.0000 0.0000 20.0000 0.0000 0.0000 10.0000 0.0000 0.0000 0.0000 0.0000 0.0000 20.0000 0.0000 0.0000 10.0000 0.0000 0.0000 0.0000 0.0000 0.0000 20.0000 0.0000 0.0000 10.0000 0.0000 0.0000 0.0000 0.0000 0.0000 29.6540 1.7073 -6.4434 -21.4592 4.7271 12.7612 0.0000 0.0000 0.0000 0.0000 0.0000 0.0000 10.0000 0.0000 0.0000 10.0000 0.0000 0.0000 0.0000 0.0000 0.0000 20.0000 0.0000 0.0000 10.0000 0.0000 0.0000 0.0000 0.0000 0.0000 20.0000 0.0000 0.0000 10.0000 0.0000 0.0000 0.0000 0.0000 0.0000 20.0000 0.0000 0.0000 10.0000 0.0000 0.0000 0.0000 0.0000 0.0000 20.0000 0.0000 0.0000 10.0000 0.0000 0.0000 0.0000 0.0000 0.0000 0.0000 0.0000 0.0000 0.0000 0.0000 0.0000 0.0000 0.0000 0.0000 0.0000 0.0000 0.0000 0.0000 0.0000 0.0000
0.0000 95.0000 0.0000 0.0000 0.0000 0.0000 0.0000 0.0000 0.0000 0.0000 0.0000 0.0000 0.0000 0.0000 0.0000 0.0000 0.0000 0.0000 0.0000 0.0000 0.0000 0.0000 0.0000 0.0000 -8.4247 0.5015 6.8008 -15.0844 0.0856 -13.9393 0.0000 0.0000 0.0000 0.0000 0.0000 0.0000 10.0000 0.0000 0.0000 10.0000 0.0000 0.0000 0.0000 0.0000 0.0000 20.0000 0.0000 0.0000 10.0000 0.0000 0.0000 0.0000 0.0000 0.0000 20.0000 0.0000 0.0000 10.0000 0.0000 0.0000 0.0000 0.0000 0.0000 20.0000 0.0000 0.0000 10.0000 0.0000 0.0000 0.0000 0.0000 0.0000 20.0000 0.0000 0.0000 10.0000 0.0000 0.0000 0.0000 0.0000 0.0000 29.4510 1.6875 -6.4143 -19.6532 4.6421 12.8843 0.0000 0.0000 0.0000 0.0000 0.0000 0.0000 10.0000 0.0000 0.0000 10.0000 0.0000 0.0000 0.0000 0.0000 0.0000 20.0000 0.0000 0.0000 10.0000 0.0000 0.0000 0.0000 0.0000 0.0000 20.0000 0.0000 0.0000 10.0000 0.0000 0.0000 0.0000 0.0000 0.0000 20.0000 0.0000 0.0000 10.0000 0.0000 0.0000 0.0000 0.0000 0.0000 20.0000 0.0000 0.0000 10.0000 0.0000 0.0000 0.0000 0.0000 0.0000 0.0000 0.0000 0.0000 0.0000 0.0000 0.0000 0.0000 0.0000 0.0000 0.0000 0.0000 0.0000 0.0000 0.0000 0.0000
0.0000 95.0000 0.0000 0.0000 0.0000 0.0000 0.0000 0.0000 0.0000 0.0000 0.0000 0.0000 0.0000 0.0000 0.0000 0.0000 0.0000 0.0000 0.0000 0.0000 0.0000 0.0000 0.0000 0.0000 -4.7488 0.2631 6.3386 -17.3924 -1.0508 -18.1567 0.0000 0.0000 0.0000 0.0000 0.0000 0.0000 10.0000 0.0000 0.0000 10.0000 0.0000 0.0000 0.0000 0.0000 0.0000 20.0000 0.0000 0.0000 10.0000 0.0000 0.0000 0.0000 0.0000 0.0000 20.0000 0.0000 0.0000 10.0000 0.0000 0.0000 0.0000 0.0000 0.0000 20.0000 0.0000 0.0000 10.0000 0.0000 0.0000 0.0000 0.0000 0.0000 20.0000 0.0000 0.0000 10.0000 0.0000 0.0000 0.0000 0.0000 0.0000 29.7336 1.6792 -6.3196 -19.2148 4.6089 12.7582 0.0000 0.0000 0.0000 0.0000 0.0000 0.0000 10.0000 0.0000 0.0000 10.0000 0.0000 0.0000 0.0000 0.0000 0.0000 20.0000 0.0000 0.0000 10.0000 0.0000 0.0000 0.0000 0.0000 0.0000 20.0000 0.0000 0.0000 10.0000 0.0000 0.0000 0.0000 0.0000 0.0000 20.0000 0.0000 0.0000 10.0000 0.0000 0.0000 0.0000 0.0000 0.0000 20.0000 0.0000 0.0000 10.0000 0.0000 0.0000 0.0000 0.0000 0.0000 0.0000 0.0000 0.0000 0.0000 0.0000 0.0000 0.0000 0.0000 0.0000 0.0000 0.0000 0.0000 0.0000 0.0000 0.0000
0.0000 95.0000 0.0000 0.0000 0.0000 0.0000 0.0000 0.0000 0.0000 0.0000 0.0000 0.0000 0.0000 0.0000 0.0000 0.0000 0.0000 0.0000 0.0000 0.0000 0.0000 0.0000 0.0000 0.0000 -3.0505 0.2087 7.8273 -28.1524 -6.0552 -35.4393 0.0000 0.0000 0.0000 0.0000 0.0000 0.0000 10.0000 0.0000 0.0000 10.0000 0.0000 0.0000 0.0000 0.0000 0.0000 20.0000 0.0000 0.0000 10.0000 0.0000 0.0000 0.0000 0.0000 0.0000 20.0000 0.0000 0.0000 10.0000 0.0000 0.0000 0.0000 0.0000 0.0000 20.0000 0.0000 0.0000 10.0000 0.0000 0.0000 0.0000 0.0000 0.0000 20.0000 0.0000 0.0000 10.0000 0.0000 0.0000 0.0000 0.0000 0.0000 36.4650 2.1191 -6.4270 -30.7814 6.3876 12.8555 0.0000 0.0000 0.0000 0.0000 0.0000 0.0000 10.0000 0.0000 0.0000 10.0000 0.0000 0.0000 0.0000 0.0000 0.0000 20.0000 0.0000 0.0000 10.0000 0.0000 0.0000 0.0000 0.0000 0.0000 20.0000 0.0000 0.0000 10.0000 0.0000 0.0000 0.0000 0.0000 0.0000 20.0000 0.0000 0.0000 10.0000 0.0000 0.0000 0.0000 0.0000 0.0000 20.0000 0.0000 0.0000 10.0000 0.0000 0.0000 0.0000 0.0000 0.0000 0.0000 0.0000 0.0000 0.0000 0.0000 0.0000 0.0000 0.0000 0.0000 0.0000 0.0000 0.0000 0.0000 0.0000 0.0000
0.0000 95.0000 0.0000 0.0000 0.0000 0.0000 0.0000 0.0000 0.0000 0.0000 0.0000 0.0000 0.0000 0.0000 0.0000 0.0000 0.0000 0.0000 0.0000 0.0000 0.0000 0.0000 0.0000 0.0000 -2.5399 0.2232 10.0407 -44.4587 -28.6920 -77.8759 0.0000 0.0000 0.0000 0.0000 0.0000 0.0000 10.0000 0.0000 0.0000 10.0000 0.0000 0.0000 0.0000 0.0000 0.0000 20.0000 0.0000 0.0000 10.0000 0.0000 0.0000 0.0000 0.0000 0.0000 20.0000 0.0000 0.0000 10.0000 0.0000 0.0000 0.0000 0.0000 0.0000 20.0000 0.0000 0.0000 10.0000 0.0000 0.0000 0.0000 0.0000 0.0000 20.0000 0.0000 0.0000 10.0000 0.0000 0.0000 0.0000 0.0000 0.0000 43.0697 2.5875 -6.5510 -41.6252 8.2815 12.8176 0.0000 0.0000 0.0000 0.0000 0.0000 0.0000 10.0000 0.0000 0.0000 10.0000 0.0000 0.0000 0.0000 0.0000 0.0000 20.0000 0.0000 0.0000 10.0000 0.0000 0.0000 0.0000 0.0000 0.0000 20.0000 0.0000 0.0000 10.0000 0.0000 0.0000 0.0000 0.0000 0.0000 20.0000 0.0000 0.0000 10.0000 0.0000 0.0000 0.0000 0.0000 0.0000 20.0000 0.0000 0.0000 10.0000 0.0000 0.0000 0.0000 0.0000 0.0000 0.0000 0.0000 0.0000 0.0000 0.0000 0.0000 0.0000 0.0000 0.0000 0.0000 0.0000 0.0000 0.0000 0.0000 0.0000
0.0000 95.0000 0.0000 0.0000 0.0000 0.0000 0.0000 0.0000 0.0000 0.0000 0.0000 0.0000 0.0000 0.0000 0.0000 0.0000 0.0000 0.0000 0.0000 0.0000 0.0000 0.0000 0.0000 0.0000 -4.1362 0.4278 11.8040 -46.4495 -42.6871 -102.8185 0.0000 0.0000 0.0000 0.0000 0.0000 0.0000 10.0000 0.0000 0.0000 10.0000 0.0000 0.0000 0.0000 0.0000 0.0000 20.0000 0.0000 0.0000 10.0000 0.0000 0.0000 0.0000 0.0000 0.0000 20.0000 0.0000 0.0000 10.0000 0.0000 0.0000 0.0000 0.0000 0.0000 20.0000 0.0000 0.0000 10.0000 0.0000 0.0000 0.0000 0.0000 0.0000 20.0000 0.0000 0.0000 10.0000 0.0000 0.0000 0.0000 0.0000 0.0000 47.3889 2.9198 -6.6473 -48.8149 9.6097 12.6764 0.0000 0.0000 0.0000 0.0000 0.0000 0.0000 10.0000 0.0000 0.0000 10.0000 0.0000 0.0000 0.0000 0.0000 0.0000 20.0000 0.0000 0.0000 10.0000 0.0000 0.0000 0.0000 0.0000 0.0000 20.0000 0.0000 0.0000 10.0000 0.0000 0.0000 0.0000 0.0000 0.0000 20.0000 0.0000 0.0000 10.0000 0.0000 0.0000 0.0000 0.0000 0.0000 20.0000 0.0000 0.0000 10.0000 0.0000 0.0000 0.0000 0.0000 0.0000 0.0000 0.0000 0.0000 0.0000 0.0000 0.0000 0.0000 0.0000 0.0000 0.0000 0.0000 0.0000 0.0000 0.0000 0.0000
0.0000 95.0000 0.0000 0.0000 0.0000 0.0000 0.0000 0.0000 0.0000 0.0000 0.0000 0.0000 0.0000 0.0000 0.0000 0.0000 0.0000 0.0000 0.0000 0.0000 0.0000 0.0000 0.0000 0.0000 -7.6955 0.8181 12.1191 -58.0366 -43.4313 -93.5255 0.0000 0.0000 0.0000 0.0000 0.0000 0.0000 10.0000 0.0000 0.0000 10.0000 0.0000 0.0000 0.0000 0.0000 0.0000 20.0000 0.0000 0.0000 10.0000 0.0000 0.0000 0.0000 0.0000 0.0000 20.0000 0.0000 0.0000 10.0000 0.0000 0.0000 0.0000 0.0000 0.0000 20.0000 0.0000 0.0000 10.0000 0.0000 0.0000 0.0000 0.0000 0.0000 20.0000 0.0000 0.0000 10.0000 0.0000 0.0000 0.0000 0.0000 0.0000 49.1580 3.0749 -6.7167 -51.8292 10.2220 12.6404 0.0000 0.0000 0.0000 0.0000 0.0000 0.0000 10.0000 0.0000 0.0000 10.0000 0.0000 0.0000 0.0000 0.0000 0.0000 20.0000 0.0000 0.0000 10.0000 0.0000 0.0000 0.0000 0.0000 0.0000 20.0000 0.0000 0.0000 10.0000 0.0000 0.0000 0.0000 0.0000 0.0000 20.0000 0.0000 0.0000 10.0000 0.0000 0.0000 0.0000 0.0000 0.0000 20.0000 0.0000 0.0000 10.0000 0.0000 0.0000 0.0000 0.0000 0.0000 0.0000 0.0000 0.0000 0.0000 0.0000 0.0000 0.0000 0.0000 0.0000 0.0000 0.0000 0.0000 0.0000 0.0000 0.0000
0.0000 95.0000 0.0000 0.0000 0.0000 0.0000 0.0000 0.0000 0.0000 0.0000 0.0000 0.0000 0.0000 0.0000 0.0000 0.0000 0.0000 0.0000 0.0000 0.0000 0.0000 0.0000 0.0000 0.0000 -11.9611 1.1773 11.2026 -68.5776 -34.7842 -73.0186 0.0000 0.0000 0.0000 0.0000 0.0000 0.0000 10.0000 0.0000 0.0000 10.0000 0.0000 0.0000 0.0000 0.0000 0.0000 20.0000 0.0000 0.0000 10.0000 0.0000 0.0000 0.0000 0.0000 0.0000 20.0000 0.0000 0.0000 10.0000 0.0000 0.0000 0.0000 0.0000 0.0000 20.0000 0.0000 0.0000 10.0000 0.0000 0.0000 0.0000 0.0000 0.0000 20.0000 0.0000 0.0000 10.0000 0.0000 0.0000 0.0000 0.0000 0.0000 49.1825 3.1086 -6.7863 -51.8316 10.3262 12.7663 0.0000 0.0000 0.0000 0.0000 0.0000 0.0000 10.0000 0.0000 0.0000 10.0000 0.0000 0.0000 0.0000 0.0000 0.0000 20.0000 0.0000 0.0000 10.0000 0.0000 0.0000 0.0000 0.0000 0.0000 20.0000 0.0000 0.0000 10.0000 0.0000 0.0000 0.0000 0.0000 0.0000 20.0000 0.0000 0.0000 10.0000 0.0000 0.0000 0.0000 0.0000 0.0000 20.0000 0.0000 0.0000 10.0000 0.0000 0.0000 0.0000 0.0000 0.0000 0.0000 0.0000 0.0000 0.0000 0.0000 0.0000 0.0000 0.0000 0.0000 0.0000 0.0000 0.0000 0.0000 0.0000 0.0000
0.0000 95.0000 0.0000 0.0000 0.0000 0.0000 0.0000 0.0000 0.0000 0.0000 0.0000 0.0000 0.0000 0.0000 0.0000 0.0000 0.0000 0.0000 0.0000 0.0000 0.0000 0.0000 0.0000 0.0000 -16.5854 1.4353 9.8236 -67.7663 -21.1730 -54.9436 0.0000 0.0000 0.0000 0.0000 0.0000 0.0000 10.0000 0.0000 0.0000 10.0000 0.0000 0.0000 0.0000 0.0000 0.0000 20.0000 0.0000 0.0000 10.0000 0.0000 0.0000 0.0000 0.0000 0.0000 20.0000 0.0000 0.0000 10.0000 0.0000 0.0000 0.0000 0.0000 0.0000 20.0000 0.0000 0.0000 10.0000 0.0000 0.0000 0.0000 0.0000 0.0000 20.0000 0.0000 0.0000 10.0000 0.0000 0.0000 0.0000 0.0000 0.0000 48.3295 3.0839 -6.8668 -50.1760 10.1572 12.9921 0.0000 0.0000 0.0000 0.0000 0.0000 0.0000 10.0000 0.0000 0.0000 10.0000 0.0000 0.0000 0.0000 0.0000 0.0000 20.0000 0.0000 0.0000 10.0000 0.0000 0.0000 0.0000 0.0000 0.0000 20.0000 0.0000 0.0000 10.0000 0.0000 0.0000 0.0000 0.0000 0.0000 20.0000 0.0000 0.0000 10.0000 0.0000 0.0000 0.0000 0.0000 0.0000 20.0000 0.0000 0.0000 10.0000 0.0000 0.0000 0.0000 0.0000 0.0000 0.0000 0.0000 0.0000 0.0000 0.0000 0.0000 0.0000 0.0000 0.0000 0.0000 0.0000 0.0000 0.0000 0.0000 0.0000
0.0000 95.0000 0.0000 0.0000 0.0000 0.0000 0.0000 0.0000 0.0000 0.0000 0.0000 0.0000 0.0000 0.0000 0.0000 0.0000 0.0000 0.0000 0.0000 0.0000 0.0000 0.0000 0.0000 0.0000 -20.9975 1.5838 8.5313 -60.5525 -9.9290 -39.7814 0.0000 0.0000 0.0000 0.0000 0.0000 0.0000 10.0000 0.0000 0.0000 10.0000 0.0000 0.0000 0.0000 0.0000 0.0000 20.0000 0.0000 0.0000 10.0000 0.0000 0.0000 0.0000 0.0000 0.0000 20.0000 0.0000 0.0000 10.0000 0.0000 0.0000 0.0000 0.0000 0.0000 20.0000 0.0000 0.0000 10.0000 0.0000 0.0000 0.0000 0.0000 0.0000 20.0000 0.0000 0.0000 10.0000 0.0000 0.0000 0.0000 0.0000 0.0000 47.1715 3.0417 -6.9599 -47.3681 9.8497 13.2787 0.0000 0.0000 0.0000 0.0000 0.0000 0.0000 10.0000 0.0000 0.0000 10.0000 0.0000 0.0000 0.0000 0.0000 0.0000 20.0000 0.0000 0.0000 10.0000 0.0000 0.0000 0.0000 0.0000 0.0000 20.0000 0.0000 0.0000 10.0000 0.0000 0.0000 0.0000 0.0000 0.0000 20.0000 0.0000 0.0000 10.0000 0.0000 0.0000 0.0000 0.0000 0.0000 20.0000 0.0000 0.0000 10.0000 0.0000 0.0000 0.0000 0.0000 0.0000 0.0000 0.0000 0.0000 0.0000 0.0000 0.0000 0.0000 0.0000 0.0000 0.0000 0.0000 0.0000 0.0000 0.0000 0.0000
0.0000 95.0000 0.0000 0.0000 0.0000 0.0000 0.0000 0.0000 0.0000 0.0000 0.0000 0.0000 0.0000 0.0000 0.0000 0.0000 0.0000 0.0000 0.0000 0.0000 0.0000 0.0000 0.0000 0.0000 -24.9588 1.6591 7.4861 -52.9245 -3.5999 -28.3672 0.0000 0.0000 0.0000 0.0000 0.0000 0.0000 10.0000 0.0000 0.0000 10.0000 0.0000 0.0000 0.0000 0.0000 0.0000 20.0000 0.0000 0.0000 10.0000 0.0000 0.0000 0.0000 0.0000 0.0000 20.0000 0.0000 0.0000 10.0000 0.0000 0.0000 0.0000 0.0000 0.0000 20.0000 0.0000 0.0000 10.0000 0.0000 0.0000 0.0000 0.0000 0.0000 20.0000 0.0000 0.0000 10.0000 0.0000 0.0000 0.0000 0.0000 0.0000 45.8476 2.9869 -7.0555 -43.7831 9.4729 13.6115 0.0000 0.0000 0.0000 0.0000 0.0000 0.0000 10.0000 0.0000 0.0000 10.0000 0.0000 0.0000 0.0000 0.0000 0.0000 20.0000 0.0000 0.0000 10.0000 0.0000 0.0000 0.0000 0.0000 0.0000 20.0000 0.0000 0.0000 10.0000 0.0000 0.0000 0.0000 0.0000 0.0000 20.0000 0.0000 0.0000 10.0000 0.0000 0.0000 0.0000 0.0000 0.0000 20.0000 0.0000 0.0000 10.0000 0.0000 0.0000 0.0000 0.0000 0.0000 0.0000 0.0000 0.0000 0.0000 0.0000 0.0000 0.0000 0.0000 0.0000 0.0000 0.0000 0.0000 0.0000 0.0000 0.0000
0.0000 95.0000 0.0000 0.0000 0.0000 0.0000 0.0000 0.0000 0.0000 0.0000 0.0000 0.0000 0.0000 0.0000 0.0000 0.0000 0.0000 0.0000 0.0000 0.0000 0.0000 0.0000 0.0000 0.0000 -28.0299 1.6681 6.6758 -43.9448 -0.2597 -20.4016 0.0000 0.0000 0.0000 0.0000 0.0000 0.0000 10.0000 0.0000 0.0000 10.0000 0.0000 0.0000 0.0000 0.0000 0.0000 20.0000 0.0000 0.0000 10.0000 0.0000 0.0000 0.0000 0.0000 0.0000 20.0000 0.0000 0.0000 10.0000 0.0000 0.0000 0.0000 0.0000 0.0000 20.0000 0.0000 0.0000 10.0000 0.0000 0.0000 0.0000 0.0000 0.0000 20.0000 0.0000 0.0000 10.0000 0.0000 0.0000 0.0000 0.0000 0.0000 44.0954 2.8900 -7.1281 -39.4301 8.9129 13.8981 0.0000 0.0000 0.0000 0.0000 0.0000 0.0000 10.0000 0.0000 0.0000 10.0000 0.0000 0.0000 0.0000 0.0000 0.0000 20.0000 0.0000 0.0000 10.0000 0.0000 0.0000 0.0000 0.0000 0.0000 20.0000 0.0000 0.0000 10.0000 0.0000 0.0000 0.0000 0.0000 0.0000 20.0000 0.0000 0.0000 10.0000 0.0000 0.0000 0.0000 0.0000 0.0000 20.0000 0.0000 0.0000 10.0000 0.0000 0.0000 0.0000 0.0000 0.0000 0.0000 0.0000 0.0000 0.0000 0.0000 0.0000 0.0000 0.0000 0.0000 0.0000 0.0000 0.0000 0.0000 0.0000 0.0000
0.0000 95.0000 0.0000 0.0000 0.0000 0.0000 0.0000 0.0000 0.0000 0.0000 0.0000 0.0000 0.0000 0.0000 0.0000 0.0000 0.0000 0.0000 0.0000 0.0000 0.0000 0.0000 0.0000 0.0000 -30.1024 1.6528 6.1409 -35.9343 1.1683 -15.6341 0.0000 0.0000 0.0000 0.0000 0.0000 0.0000 10.0000 0.0000 0.0000 10.0000 0.0000 0.0000 0.0000 0.0000 0.0000 20.0000 0.0000 0.0000 10.0000 0.0000 0.0000 0.0000 0.0000 0.0000 20.0000 0.0000 0.0000 10.0000 0.0000 0.0000 0.0000 0.0000 0.0000 20.0000 0.0000 0.0000 10.0000 0.0000 0.0000 0.0000 0.0000 0.0000 20.0000 0.0000 0.0000 10.0000 0.0000 0.0000 0.0000 0.0000 0.0000 42.1870 2.7718 -7.1777 -34.8464 8.2705 14.1075 0.0000 0.0000 0.0000 0.0000 0.0000 0.0000 10.0000 0.0000 0.0000 10.0000 0.0000 0.0000 0.0000 0.0000 0.0000 20.0000 0.0000 0.0000 10.0000 0.0000 0.0000 0.0000 0.0000 0.0000 20.0000 0.0000 0.0000 10.0000 0.0000 0.0000 0.0000 0.0000 0.0000 20.0000 0.0000 0.0000 10.0000 0.0000 0.0000 0.0000 0.0000 0.0000 20.0000 0.0000 0.0000 10.0000 0.0000 0.0000 0.0000 0.0000 0.0000 0.0000 0.0000 0.0000 0.0000 0.0000 0.0000 0.0000 0.0000 0.0000 0.0000 0.0000 0.0000 0.0000 0.0000 0.0000
0.0000 95.0000 0.0000 0.0000 0.0000 0.0000 0.0000 0.0000 0.0000 0.0000 0.0000 0.0000 0.0000 0.0000 0.0000 0.0000 0.0000 0.0000 0.0000 0.0000 0.0000 0.0000 0.0000 0.0000 -30.8599 3.4802 12.5622 -30.6575 3.4933 -19.9934 0.0000 0.0000 0.0000 0.0000 0.0000 0.0000 10.0000 0.0000 0.0000 10.0000 0.0000 0.0000 0.0000 0.0000 0.0000 20.0000 0.0000 0.0000 10.0000 0.0000 0.0000 0.0000 0.0000 0.0000 20.0000 0.0000 0.0000 10.0000 0.0000 0.0000 0.0000 0.0000 0.0000 20.0000 0.0000 0.0000 10.0000 0.0000 0.0000 0.0000 0.0000 0.0000 20.0000 0.0000 0.0000 10.0000 0.0000 0.0000 0.0000 0.0000 0.0000 40.3176 2.6493 -7.2084 -30.3948 7.6271 14.2414 0.0000 0.0000 0.0000 0.0000 0.0000 0.0000 10.0000 0.0000 0.0000 10.0000 0.0000 0.0000 0.0000 0.0000 0.0000 20.0000 0.0000 0.0000 10.0000 0.0000 0.0000 0.0000 0.0000 0.0000 20.0000 0.0000 0.0000 10.0000 0.0000 0.0000 0.0000 0.0000 0.0000 20.0000 0.0000 0.0000 10.0000 0.0000 0.0000 0.0000 0.0000 0.0000 20.0000 0.0000 0.0000 10.0000 0.0000 0.0000 0.0000 0.0000 0.0000 0.0000 0.0000 0.0000 0.0000 0.0000 0.0000 0.0000 0.0000 0.0000 0.0000 0.0000 0.0000 0.0000 0.0000 0.0000
0.0000 95.0000 0.0000 0.0000 0.0000 0.0000 0.0000 0.0000 0.0000 0.0000 0.0000 0.0000 0.0000 0.0000 0.0000 0.0000 0.0000 0.0000 0.0000 0.0000 0.0000 0.0000 0.0000 0.0000 -21.4072 -7.0540 -36.1209 -5.4555 1.5827 -20.4422 0.0000 0.0000 0.0000 0.0000 0.0000 0.0000 10.0000 0.0000 0.0000 10.0000 0.0000 0.0000 0.0000 0.0000 0.0000 20.0000 0.0000 0.0000 10.0000 0.0000 0.0000 0.0000 0.0000 0.0000 20.0000 0.0000 0.0000 10.0000 0.0000 0.0000 0.0000 0.0000 0.0000 20.0000 0.0000 0.0000 10.0000 0.0000 0.0000 0.0000 0.0000 0.0000 20.0000 0.0000 0.0000 10.0000 0.0000 0.0000 0.0000 0.0000 0.0000 42.2305 -1.9099 4.9430 -35.0777 23.8408 26.7423 0.0000 0.0000 0.0000 0.0000 0.0000 0.0000 10.0000 0.0000 0.0000 10.0000 0.0000 0.0000 0.0000 0.0000 0.0000 20.0000 0.0000 0.0000 10.0000 0.0000 0.0000 0.0000 0.0000 0.0000 20.0000 0.0000 0.0000 10.0000 0.0000 0.0000 0.0000 0.0000 0.0000 20.0000 0.0000 0.0000 10.0000 0.0000 0.0000 0.0000 0.0000 0.0000 20.0000 0.0000 0.0000 10.0000 0.0000 0.0000 0.0000 0.0000 0.0000 0.0000 0.0000 0.0000 0.0000 0.0000 0.0000 0.0000 0.0000 0.0000 0.0000 0.0000 0.0000 0.0000 0.0000 0.0000
0.0000 95.0000 0.0000 0.0000 0.0000 0.0000 0.0000 0.0000 0.0000 0.0000 0.0000 0.0000 0.0000 0.0000 0.0000 0.0000 0.0000 0.0000 0.0000 0.0000 0.0000 0.0000 0.0000 0.0000 -8.8039 -4.8607 -57.7405 0.3258 1.5290 -12.1157 0.0000 0.0000 0.0000 0.0000 0.0000 0.0000 10.0000 0.0000 0.0000 10.0000 0.0000 0.0000 0.0000 0.0000 0.0000 20.0000 0.0000 0.0000 10.0000 0.0000 0.0000 0.0000 0.0000 0.0000 20.0000 0.0000 0.0000 10.0000 0.0000 0.0000 0.0000 0.0000 0.0000 20.0000 0.0000 0.0000 10.0000 0.0000 0.0000 0.0000 0.0000 0.0000 20.0000 0.0000 0.0000 10.0000 0.0000 0.0000 0.0000 0.0000 0.0000 32.2834 -12.4720 41.3676 -29.8186 21.8331 10.9784 0.0000 0.0000 0.0000 0.0000 0.0000 0.0000 10.0000 0.0000 0.0000 10.0000 0.0000 0.0000 0.0000 0.0000 0.0000 20.0000 0.0000 0.0000 10.0000 0.0000 0.0000 0.0000 0.0000 0.0000 20.0000 0.0000 0.0000 10.0000 0.0000 0.0000 0.0000 0.0000 0.0000 20.0000 0.0000 0.0000 10.0000 0.0000 0.0000 0.0000 0.0000 0.0000 20.0000 0.0000 0.0000 10.0000 0.0000 0.0000 0.0000 0.0000 0.0000 0.0000 0.0000 0.0000 0.0000 0.0000 0.0000 0.0000 0.0000 0.0000 0.0000 0.0000 0.0000 0.0000 0.0000 0.0000
0.0000 95.0000 0.0000 0.0000 0.0000 0.0000 0.0000 0.0000 0.0000 0.0000 0.0000 0.0000 0.0000 0.0000 0.0000 0.0000 0.0000 0.0000 0.0000 0.0000 0.0000 0.0000 0.0000 0.0000 -3.1625 -2.0268 -65.3022 1.9371 1.7594 -7.8350 0.0000 0.0000 0.0000 0.0000 0.0000 0.0000 10.0000 0.0000 0.0000 10.0000 0.0000 0.0000 0.0000 0.0000 0.0000 20.0000 0.0000 0.0000 10.0000 0.0000 0.0000 0.0000 0.0000 0.0000 20.0000 0.0000 0.0000 10.0000 0.0000 0.0000 0.0000 0.0000 0.0000 20.0000 0.0000 0.0000 10.0000 0.0000 0.0000 0.0000 0.0000 0.0000 20.0000 0.0000 0.0000 10.0000 0.0000 0.0000 0.0000 0.0000 0.0000 27.1216 -13.4813 52.2110 -27.9298 19.5683 5.1074 0.0000 0.0000 0.0000 0.0000 0.0000 0.0000 10.0000 0.0000 0.0000 10.0000 0.0000 0.0000 0.0000 0.0000 0.0000 20.0000 0.0000 0.0000 10.0000 0.0000 0.0000 0.0000 0.0000 0.0000 20.0000 0.0000 0.0000 10.0000 0.0000 0.0000 0.0000 0.0000 0.0000 20.0000 0.0000 0.0000 10.0000 0.0000 0.0000 0.0000 0.0000 0.0000 20.0000 0.0000 0.0000 10.0000 0.0000 0.0000 0.0000 0.0000 0.0000 0.0000 0.0000 0.0000 0.0000 0.0000 0.0000 0.0000 0.0000 0.0000 0.0000 0.0000 0.0000 0.0000 0.0000 0.0000
0.0000 95.0000 0.0000 0.0000 0.0000 0.0000 0.0000 0.0000 0.0000 0.0000 0.0000 0.0000 0.0000 0.0000 0.0000 0.0000 0.0000 0.0000 0.0000 0.0000 0.0000 0.0000 0.0000 0.0000 -0.7893 -0.5397 -68.7256 2.1860 1.7282 -5.8944 0.0000 0.0000 0.0000 0.0000 0.0000 0.0000 10.0000 0.0000 0.0000 10.0000 0.0000 0.0000 0.0000 0.0000 0.0000 20.0000 0.0000 0.0000 10.0000 0.0000 0.0000 0.0000 0.0000 0.0000 20.0000 0.0000 0.0000 10.0000 0.0000 0.0000 0.0000 0.0000 0.0000 20.0000 0.0000 0.0000 10.0000 0.0000 0.0000 0.0000 0.0000 0.0000 20.0000 0.0000 0.0000 10.0000 0.0000 0.0000 0.0000 0.0000 0.0000 25.9436 -13.7170 55.1431 -28.2788 19.2434 2.8950 0.0000 0.0000 0.0000 0.0000 0.0000 0.0000 10.0000 0.0000 0.0000 10.0000 0.0000 0.0000 0.0000 0.0000 0.0000 20.0000 0.0000 0.0000 10.0000 0.0000 0.0000 0.0000 0.0000 0.0000 20.0000 0.0000 0.0000 10.0000 0.0000 0.0000 0.0000 0.0000 0.0000 20.0000 0.0000 0.0000 10.0000 0.0000 0.0000 0.0000 0.0000 0.0000 20.0000 0.0000 0.0000 10.0000 0.0000 0.0000 0.0000 0.0000 0.0000 0.0000 0.0000 0.0000 0.0000 0.0000 0.0000 0.0000 0.0000 0.0000 0.0000 0.0000 0.0000 0.0000 0.0000 0.0000
0.0000 95.0000 0.0000 0.0000 0.0000 0.0000 0.0000 0.0000 0.0000 0.0000 0.0000 0.0000 0.0000 0.0000 0.0000 0.0000 0.0000 0.0000 0.0000 0.0000 0.0000 0.0000 0.0000 0.0000 -0.1151 -0.0819 -70.8593 1.8285 1.4277 -4.8111 0.0000 0.0000 0.0000 0.0000 0.0000 0.0000 10.0000 0.0000 0.0000 10.0000 0.0000 0.0000 0.0000 0.0000 0.0000 20.0000 0.0000 0.0000 10.0000 0.0000 0.0000 0.0000 0.0000 0.0000 20.0000 0.0000 0.0000 10.0000 0.0000 0.0000 0.0000 0.0000 0.0000 20.0000 0.0000 0.0000 10.0000 0.0000 0.0000 0.0000 0.0000 0.0000 20.0000 0.0000 0.0000 10.0000 0.0000 0.0000 0.0000 0.0000 0.0000 26.3783 -14.0144 55.3526 -29.3107 19.7003 2.2388 0.0000 0.0000 0.0000 0.0000 0.0000 0.0000 10.0000 0.0000 0.0000 10.0000 0.0000 0.0000 0.0000 0.0000 0.0000 20.0000 0.0000 0.0000 10.0000 0.0000 0.0000 0.0000 0.0000 0.0000 20.0000 0.0000 0.0000 10.0000 0.0000 0.0000 0.0000 0.0000 0.0000 20.0000 0.0000 0.0000 10.0000 0.0000 0.0000 0.0000 0.0000 0.0000 20.0000 0.0000 0.0000 10.0000 0.0000 0.0000 0.0000 0.0000 0.0000 0.0000 0.0000 0.0000 0.0000 0.0000 0.0000 0.0000 0.0000 0.0000 0.0000 0.0000 0.0000 0.0000 0.0000 0.0000
0.0000 95.0000 0.0000 0.0000 0.0000 0.0000 0.0000 0.0000 0.0000 0.0000 0.0000 0.0000 0.0000 0.0000 0.0000 0.0000 0.0000 0.0000 0.0000 0.0000 0.0000 0.0000 0.0000 0.0000 -0.4144 -0.3038 -72.4874 1.3003 1.0643 -4.6791 0.0000 0.0000 0.0000 0.0000 0.0000 0.0000 10.0000 0.0000 0.0000 10.0000 0.0000 0.0000 0.0000 0.0000 0.0000 20.0000 0.0000 0.0000 10.0000 0.0000 0.0000 0.0000 0.0000 0.0000 20.0000 0.0000 0.0000 10.0000 0.0000 0.0000 0.0000 0.0000 0.0000 20.0000 0.0000 0.0000 10.0000 0.0000 0.0000 0.0000 0.0000 0.0000 20.0000 0.0000 0.0000 10.0000 0.0000 0.0000 0.0000 0.0000 0.0000 27.5870 -14.3843 54.4068 -30.5036 20.4392 2.2944 0.0000 0.0000 0.0000 0.0000 0.0000 0.0000 10.0000 0.0000 0.0000 10.0000 0.0000 0.0000 0.0000 0.0000 0.0000 20.0000 0.0000 0.0000 10.0000 0.0000 0.0000 0.0000 0.0000 0.0000 20.0000 0.0000 0.0000 10.0000 0.0000 0.0000 0.0000 0.0000 0.0000 20.0000 0.0000 0.0000 10.0000 0.0000 0.0000 0.0000 0.0000 0.0000 20.0000 0.0000 0.0000 10.0000 0.0000 0.0000 0.0000 0.0000 0.0000 0.0000 0.0000 0.0000 0.0000 0.0000 0.0000 0.0000 0.0000 0.0000 0.0000 0.0000 0.0000 0.0000 0.0000 0.0000
0.0000 95.0000 0.0000 0.0000 0.0000 0.0000 0.0000 0.0000 0.0000 0.0000 0.0000 0.0000 0.0000 0.0000 0.0000 0.0000 0.0000 0.0000 0.0000 0.0000 0.0000 0.0000 0.0000 0.0000 -1.2815 -0.9630 -73.8421 0.8175 0.7672 -5.1455 0.0000 0.0000 0.0000 0.0000 0.0000 0.0000 10.0000 0.0000 0.0000 10.0000 0.0000 0.0000 0.0000 0.0000 0.0000 20.0000 0.0000 0.0000 10.0000 0.0000 0.0000 0.0000 0.0000 0.0000 20.0000 0.0000 0.0000 10.0000 0.0000 0.0000 0.0000 0.0000 0.0000 20.0000 0.0000 0.0000 10.0000 0.0000 0.0000 0.0000 0.0000 0.0000 20.0000 0.0000 0.0000 10.0000 0.0000 0.0000 0.0000 0.0000 0.0000 29.2417 -14.7816 52.8767 -31.6801 21.2793 2.7137 0.0000 0.0000 0.0000 0.0000 0.0000 0.0000 10.0000 0.0000 0.0000 10.0000 0.0000 0.0000 0.0000 0.0000 0.0000 20.0000 0.0000 0.0000 10.0000 0.0000 0.0000 0.0000 0.0000 0.0000 20.0000 0.0000 0.0000 10.0000 0.0000 0.0000 0.0000 0.0000 0.0000 20.0000 0.0000 0.0000 10.0000 0.0000 0.0000 0.0000 0.0000 0.0000 20.0000 0.0000 0.0000 10.0000 0.0000 0.0000 0.0000 0.0000 0.0000 0.0000 0.0000 0.0000 0.0000 0.0000 0.0000 0.0000 0.0000 0.0000 0.0000 0.0000 0.0000 0.0000 0.0000 0.0000
0.0000 95.0000 0.0000 0.0000 0.0000 0.0000 0.0000 0.0000 0.0000 0.0000 0.0000 0.0000 0.0000 0.0000 0.0000 0.0000 0.0000 0.0000 0.0000 0.0000 0.0000 0.0000 0.0000 0.0000 -2.4675 -1.8933 -74.9952 0.4672 0.6125 -5.9786 0.0000 0.0000 0.0000 0.0000 0.0000 0.0000 10.0000 0.0000 0.0000 10.0000 0.0000 0.0000 0.0000 0.0000 0.0000 20.0000 0.0000 0.0000 10.0000 0.0000 0.0000 0.0000 0.0000 0.0000 20.0000 0.0000 0.0000 10.0000 0.0000 0.0000 0.0000 0.0000 0.0000 20.0000 0.0000 0.0000 10.0000 0.0000 0.0000 0.0000 0.0000 0.0000 20.0000 0.0000 0.0000 10.0000 0.0000 0.0000 0.0000 0.0000 0.0000 31.1911 -15.1691 51.0067 -32.7688 22.1676 3.3642 0.0000 0.0000 0.0000 0.0000 0.0000 0.0000 10.0000 0.0000 0.0000 10.0000 0.0000 0.0000 0.0000 0.0000 0.0000 20.0000 0.0000 0.0000 10.0000 0.0000 0.0000 0.0000 0.0000 0.0000 20.0000 0.0000 0.0000 10.0000 0.0000 0.0000 0.0000 0.0000 0.0000 20.0000 0.0000 0.0000 10.0000 0.0000 0.0000 0.0000 0.0000 0.0000 20.0000 0.0000 0.0000 10.0000 0.0000 0.0000 0.0000 0.0000 0.0000 0.0000 0.0000 0.0000 0.0000 0.0000 0.0000 0.0000 0.0000 0.0000 0.0000 0.0000 0.0000 0.0000 0.0000 0.0000
0.0000 95.0000 0.0000 0.0000 0.0000 0.0000 0.0000 0.0000 0.0000 0.0000 0.0000 0.0000 0.0000 0.0000 0.0000 0.0000 0.0000 0.0000 0.0000 0.0000 0.0000 0.0000 0.0000 0.0000 -3.4928 -2.6439 -74.2408 0.6534 0.8142 -5.3928 0.0000 0.0000 0.0000 0.0000 0.0000 0.0000 10.0000 0.0000 0.0000 10.0000 0.0000 0.0000 0.0000 0.0000 0.0000 20.0000 0.0000 0.0000 10.0000 0.0000 0.0000 0.0000 0.0000 0.0000 20.0000 0.0000 0.0000 10.0000 0.0000 0.0000 0.0000 0.0000 0.0000 20.0000 0.0000 0.0000 10.0000 0.0000 0.0000 0.0000 0.0000 0.0000 20.0000 0.0000 0.0000 10.0000 0.0000 0.0000 0.0000 0.0000 0.0000 32.6360 -16.1442 51.6946 -34.0909 23.0896 2.4218 0.0000 0.0000 0.0000 0.0000 0.0000 0.0000 10.0000 0.0000 0.0000 10.0000 0.0000 0.0000 0.0000 0.0000 0.0000 20.0000 0.0000 0.0000 10.0000 0.0000 0.0000 0.0000 0.0000 0.0000 20.0000 0.0000 0.0000 10.0000 0.0000 0.0000 0.0000 0.0000 0.0000 20.0000 0.0000 0.0000 10.0000 0.0000 0.0000 0.0000 0.0000 0.0000 20.0000 0.0000 0.0000 10.0000 0.0000 0.0000 0.0000 0.0000 0.0000 0.0000 0.0000 0.0000 0.0000 0.0000 0.0000 0.0000 0.0000 0.0000 0.0000 0.0000 0.0000 0.0000 0.0000 0.0000
0.0000 95.0000 0.0000 0.0000 0.0000 0.0000 0.0000 0.0000 0.0000 0.0000 0.0000 0.0000 0.0000 0.0000 0.0000 0.0000 0.0000 0.0000 0.0000 0.0000 0.0000 0.0000 0.0000 0.0000 -4.4207 -3.2443 -72.5369 1.2279 1.2068 -3.8888 0.0000 0.0000 0.0000 0.0000 0.0000 0.0000 10.0000 0.0000 0.0000 10.0000 0.0000 0.0000 0.0000 0.0000 0.0000 20.0000 0.0000 0.0000 10.0000 0.0000 0.0000 0.0000 0.0000 0.0000 20.0000 0.0000 0.0000 10.0000 0.0000 0.0000 0.0000 0.0000 0.0000 20.0000 0.0000 0.0000 10.0000 0.0000 0.0000 0.0000 0.0000 0.0000 20.0000 0.0000 0.0000 10.0000 0.0000 0.0000 0.0000 0.0000 0.0000 33.7281 -17.5235 53.9003 -35.6813 24.0422 0.4313 0.0000 0.0000 0.0000 0.0000 0.0000 0.0000 10.0000 0.0000 0.0000 10.0000 0.0000 0.0000 0.0000 0.0000 0.0000 20.0000 0.0000 0.0000 10.0000 0.0000 0.0000 0.0000 0.0000 0.0000 20.0000 0.0000 0.0000 10.0000 0.0000 0.0000 0.0000 0.0000 0.0000 20.0000 0.0000 0.0000 10.0000 0.0000 0.0000 0.0000 0.0000 0.0000 20.0000 0.0000 0.0000 10.0000 0.0000 0.0000 0.0000 0.0000 0.0000 0.0000 0.0000 0.0000 0.0000 0.0000 0.0000 0.0000 0.0000 0.0000 0.0000 0.0000 0.0000 0.0000 0.0000 0.0000
0.0000 95.0000 0.0000 0.0000 0.0000 0.0000 0.0000 0.0000 0.0000 0.0000 0.0000 0.0000 0.0000 0.0000 0.0000 0.0000 0.0000 0.0000 0.0000 0.0000 0.0000 0.0000 0.0000 0.0000 -5.4992 -3.7972 -69.2284 2.2824 1.7083 -1.2352 0.0000 0.0000 0.0000 0.0000 0.0000 0.0000 10.0000 0.0000 0.0000 10.0000 0.0000 0.0000 0.0000 0.0000 0.0000 20.0000 0.0000 0.0000 10.0000 0.0000 0.0000 0.0000 0.0000 0.0000 20.0000 0.0000 0.0000 10.0000 0.0000 0.0000 0.0000 0.0000 0.0000 20.0000 0.0000 0.0000 10.0000 0.0000 0.0000 0.0000 0.0000 0.0000 20.0000 0.0000 0.0000 10.0000 0.0000 0.0000 0.0000 0.0000 0.0000 34.4184 -19.0289 56.8379 -37.2691 24.8973 -2.0315 0.0000 0.0000 0.0000 0.0000 0.0000 0.0000 10.0000 0.0000 0.0000 10.0000 0.0000 0.0000 0.0000 0.0000 0.0000 20.0000 0.0000 0.0000 10.0000 0.0000 0.0000 0.0000 0.0000 0.0000 20.0000 0.0000 0.0000 10.0000 0.0000 0.0000 0.0000 0.0000 0.0000 20.0000 0.0000 0.0000 10.0000 0.0000 0.0000 0.0000 0.0000 0.0000 20.0000 0.0000 0.0000 10.0000 0.0000 0.0000 0.0000 0.0000 0.0000 0.0000 0.0000 0.0000 0.0000 0.0000 0.0000 0.0000 0.0000 0.0000 0.0000 0.0000 0.0000 0.0000 0.0000 0.0000
0.0000 95.0000 0.0000 0.0000 0.0000 0.0000 0.0000 0.0000 0.0000 0.0000 0.0000 0.0000 0.0000 0.0000 0.0000 0.0000 0.0000 0.0000 0.0000 0.0000 0.0000 0.0000 0.0000 0.0000 -8.2036 -1.6449 -22.6394 5.4385 -0.8196 15.7465 0.0000 0.0000 0.0000 0.0000 0.0000 0.0000 10.0000 0.0000 0.0000 10.0000 0.0000 0.0000 0.0000 0.0000 0.0000 20.0000 0.0000 0.0000 10.0000 0.0000 0.0000 0.0000 0.0000 0.0000 20.0000 0.0000 0.0000 10.0000 0.0000 0.0000 0.0000 0.0000 0.0000 20.0000 0.0000 0.0000 10.0000 0.0000 0.0000 0.0000 0.0000 0.0000 20.0000 0.0000 0.0000 10.0000 0.0000 0.0000 0.0000 0.0000 0.0000 36.6323 -18.8447 53.2504 -37.6156 24.4458 -1.2369 0.0000 0.0000 0.0000 0.0000 0.0000 0.0000 10.0000 0.0000 0.0000 10.0000 0.0000 0.0000 0.0000 0.0000 0.0000 20.0000 0.0000 0.0000 10.0000 0.0000 0.0000 0.0000 0.0000 0.0000 20.0000 0.0000 0.0000 10.0000 0.0000 0.0000 0.0000 0.0000 0.0000 20.0000 0.0000 0.0000 10.0000 0.0000 0.0000 0.0000 0.0000 0.0000 20.0000 0.0000 0.0000 10.0000 0.0000 0.0000 0.0000 0.0000 0.0000 0.0000 0.0000 0.0000 0.0000 0.0000 0.0000 0.0000 0.0000 0.0000 0.0000 0.0000 0.0000 0.0000 0.0000 0.0000
0.0000 95.0000 0.0000 0.0000 0.0000 0.0000 0.0000 0.0000 0.0000 0.0000 0.0000 0.0000 0.0000 0.0000 0.0000 0.0000 0.0000 0.0000 0.0000 0.0000 0.0000 0.0000 0.0000 0.0000 -5.3824 0.3015 6.4078 4.9320 1.0861 -15.0844 0.0000 0.0000 0.0000 0.0000 0.0000 0.0000 10.0000 0.0000 0.0000 10.0000 0.0000 0.0000 0.0000 0.0000 0.0000 20.0000 0.0000 0.0000 10.0000 0.0000 0.0000 0.0000 0.0000 0.0000 20.0000 0.0000 0.0000 10.0000 0.0000 0.0000 0.0000 0.0000 0.0000 20.0000 0.0000 0.0000 10.0000 0.0000 0.0000 0.0000 0.0000 0.0000 20.0000 0.0000 0.0000 10.0000 0.0000 0.0000 0.0000 0.0000 0.0000 36.9419 -19.1850 53.6742 -36.2282 24.1009 -0.7875 0.0000 0.0000 0.0000 0.0000 0.0000 0.0000 10.0000 0.0000 0.0000 10.0000 0.0000 0.0000 0.0000 0.0000 0.0000 20.0000 0.0000 0.0000 10.0000 0.0000 0.0000 0.0000 0.0000 0.0000 20.0000 0.0000 0.0000 10.0000 0.0000 0.0000 0.0000 0.0000 0.0000 20.0000 0.0000 0.0000 10.0000 0.0000 0.0000 0.0000 0.0000 0.0000 20.0000 0.0000 0.0000 10.0000 0.0000 0.0000 0.0000 0.0000 0.0000 0.0000 0.0000 0.0000 0.0000 0.0000 0.0000 0.0000 0.0000 0.0000 0.0000 0.0000 0.0000 0.0000 0.0000 0.0000
0.0000 95.0000 0.0000 0.0000 0.0000 0.0000 0.0000 0.0000 0.0000 0.0000 0.0000 0.0000 0.0000 0.0000 0.0000 0.0000 0.0000 0.0000 0.0000 0.0000 0.0000 0.0000 0.0000 0.0000 -6.5948 0.3784 6.5610 7.2063 1.2542 -13.7886 0.0000 0.0000 0.0000 0.0000 0.0000 0.0000 10.0000 0.0000 0.0000 10.0000 0.0000 0.0000 0.0000 0.0000 0.0000 20.0000 0.0000 0.0000 10.0000 0.0000 0.0000 0.0000 0.0000 0.0000 20.0000 0.0000 0.0000 10.0000 0.0000 0.0000 0.0000 0.0000 0.0000 20.0000 0.0000 0.0000 10.0000 0.0000 0.0000 0.0000 0.0000 0.0000 20.0000 0.0000 0.0000 10.0000 0.0000 0.0000 0.0000 0.0000 0.0000 38.3339 -19.7503 53.2055 -37.9036 24.8219 -1.5701 0.0000 0.0000 0.0000 0.0000 0.0000 0.0000 10.0000 0.0000 0.0000 10.0000 0.0000 0.0000 0.0000 0.0000 0.0000 20.0000 0.0000 0.0000 10.0000 0.0000 0.0000 0.0000 0.0000 0.0000 20.0000 0.0000 0.0000 10.0000 0.0000 0.0000 0.0000 0.0000 0.0000 20.0000 0.0000 0.0000 10.0000 0.0000 0.0000 0.0000 0.0000 0.0000 20.0000 0.0000 0.0000 10.0000 0.0000 0.0000 0.0000 0.0000 0.0000 0.0000 0.0000 0.0000 0.0000 0.0000 0.0000 0.0000 0.0000 0.0000 0.0000 0.0000 0.0000 0.0000 0.0000 0.0000
0.0000 95.0000 0.0000 0.0000 0.0000 0.0000 0.0000 0.0000 0.0000 0.0000 0.0000 0.0000 0.0000 0.0000 0.0000 0.0000 0.0000 0.0000 0.0000 0.0000 0.0000 0.0000 0.0000 0.0000 -10.7208 -0.4049 -4.3133 11.3856 -1.6326 10.5927 0.0000 0.0000 0.0000 0.0000 0.0000 0.0000 10.0000 0.0000 0.0000 10.0000 0.0000 0.0000 0.0000 0.0000 0.0000 20.0000 0.0000 0.0000 10.0000 0.0000 0.0000 0.0000 0.0000 0.0000 20.0000 0.0000 0.0000 10.0000 0.0000 0.0000 0.0000 0.0000 0.0000 20.0000 0.0000 0.0000 10.0000 0.0000 0.0000 0.0000 0.0000 0.0000 20.0000 0.0000 0.0000 10.0000 0.0000 0.0000 0.0000 0.0000 0.0000 39.5483 -19.6989 51.5544 -40.7157 25.2457 -2.7242 0.0000 0.0000 0.0000 0.0000 0.0000 0.0000 10.0000 0.0000 0.0000 10.0000 0.0000 0.0000 0.0000 0.0000 0.0000 20.0000 0.0000 0.0000 10.0000 0.0000 0.0000 0.0000 0.0000 0.0000 20.0000 0.0000 0.0000 10.0000 0.0000 0.0000 0.0000 0.0000 0.0000 20.0000 0.0000 0.0000 10.0000 0.0000 0.0000 0.0000 0.0000 0.0000 20.0000 0.0000 0.0000 10.0000 0.0000 0.0000 0.0000 0.0000 0.0000 0.0000 0.0000 0.0000 0.0000 0.0000 0.0000 0.0000 0.0000 0.0000 0.0000 0.0000 0.0000 0.0000 0.0000 0.0000
0.0000 95.0000 0.0000 0.0000 0.0000 0.0000 0.0000 0.0000 0.0000 0.0000 0.0000 0.0000 0.0000 0.0000 0.0000 0.0000 0.0000 0.0000 0.0000 0.0000 0.0000 0.0000 0.0000 0.0000 -13.6639 -2.9990 -24.6501 13.9518 0.6635 9.8306 0.0000 0.0000 0.0000 0.0000 0.0000 0.0000 10.0000 0.0000 0.0000 10.0000 0.0000 0.0000 0.0000 0.0000 0.0000 20.0000 0.0000 0.0000 10.0000 0.0000 0.0000 0.0000 0.0000 0.0000 20.0000 0.0000 0.0000 10.0000 0.0000 0.0000 0.0000 0.0000 0.0000 20.0000 0.0000 0.0000 10.0000 0.0000 0.0000 0.0000 0.0000 0.0000 20.0000 0.0000 0.0000 10.0000 0.0000 0.0000 0.0000 0.0000 0.0000 38.7755 -19.8098 52.7800 -40.4997 24.5723 -3.7217 0.0000 0.0000 0.0000 0.0000 0.0000 0.0000 10.0000 0.0000 0.0000 10.0000 0.0000 0.0000 0.0000 0.0000 0.0000 20.0000 0.0000 0.0000 10.0000 0.0000 0.0000 0.0000 0.0000 0.0000 20.0000 0.0000 0.0000 10.0000 0.0000 0.0000 0.0000 0.0000 0.0000 20.0000 0.0000 0.0000 10.0000 0.0000 0.0000 0.0000 0.0000 0.0000 20.0000 0.0000 0.0000 10.0000 0.0000 0.0000 0.0000 0.0000 0.0000 0.0000 0.0000 0.0000 0.0000 0.0000 0.0000 0.0000 0.0000 0.0000 0.0000 0.0000 0.0000 0.0000 0.0000 0.0000
0.0000 95.0000 0.0000 0.0000 0.0000 0.0000 0.0000 0.0000 0.0000 0.0000 0.0000 0.0000 0.0000 0.0000 0.0000 0.0000 0.0000 0.0000 0.0000 0.0000 0.0000 0.0000 0.0000 0.0000 -13.6543 -4.8284 -38.7995 13.1399 5.4277 -2.3402 0.0000 0.0000 0.0000 0.0000 0.0000 0.0000 10.0000 0.0000 0.0000 10.0000 0.0000 0.0000 0.0000 0.0000 0.0000 20.0000 0.0000 0.0000 10.0000 0.0000 0.0000 0.0000 0.0000 0.0000 20.0000 0.0000 0.0000 10.0000 0.0000 0.0000 0.0000 0.0000 0.0000 20.0000 0.0000 0.0000 10.0000 0.0000 0.0000 0.0000 0.0000 0.0000 20.0000 0.0000 0.0000 10.0000 0.0000 0.0000 0.0000 0.0000 0.0000 36.4167 -19.9750 56.3253 -39.5704 23.2319 -5.8328 0.0000 0.0000 0.0000 0.0000 0.0000 0.0000 10.0000 0.0000 0.0000 10.0000 0.0000 0.0000 0.0000 0.0000 0.0000 20.0000 0.0000 0.0000 10.0000 0.0000 0.0000 0.0000 0.0000 0.0000 20.0000 0.0000 0.0000 10.0000 0.0000 0.0000 0.0000 0.0000 0.0000 20.0000 0.0000 0.0000 10.0000 0.0000 0.0000 0.0000 0.0000 0.0000 20.0000 0.0000 0.0000 10.0000 0.0000 0.0000 0.0000 0.0000 0.0000 0.0000 0.0000 0.0000 0.0000 0.0000 0.0000 0.0000 0.0000 0.0000 0.0000 0.0000 0.0000 0.0000 0.0000 0.0000
0.0000 95.0000 0.0000 0.0000 0.0000 0.0000 0.0000 0.0000 0.0000 0.0000 0.0000 0.0000 0.0000 0.0000 0.0000 0.0000 0.0000 0.0000 0.0000 0.0000 0.0000 0.0000 0.0000 0.0000 -14.4506 -2.1745 -17.0278 15.2110 4.7857 -8.8024 0.0000 0.0000 0.0000 0.0000 0.0000 0.0000 10.0000 0.0000 0.0000 10.0000 0.0000 0.0000 0.0000 0.0000 0.0000 20.0000 0.0000 0.0000 10.0000 0.0000 0.0000 0.0000 0.0000 0.0000 20.0000 0.0000 0.0000 10.0000 0.0000 0.0000 0.0000 0.0000 0.0000 20.0000 0.0000 0.0000 10.0000 0.0000 0.0000 0.0000 0.0000 0.0000 20.0000 0.0000 0.0000 10.0000 0.0000 0.0000 0.0000 0.0000 0.0000 38.3989 -20.0530 53.8363 -41.4642 24.1370 -5.4147 0.0000 0.0000 0.0000 0.0000 0.0000 0.0000 10.0000 0.0000 0.0000 10.0000 0.0000 0.0000 0.0000 0.0000 0.0000 20.0000 0.0000 0.0000 10.0000 0.0000 0.0000 0.0000 0.0000 0.0000 20.0000 0.0000 0.0000 10.0000 0.0000 0.0000 0.0000 0.0000 0.0000 20.0000 0.0000 0.0000 10.0000 0.0000 0.0000 0.0000 0.0000 0.0000 20.0000 0.0000 0.0000 10.0000 0.0000 0.0000 0.0000 0.0000 0.0000 0.0000 0.0000 0.0000 0.0000 0.0000 0.0000 0.0000 0.0000 0.0000 0.0000 0.0000 0.0000 0.0000 0.0000 0.0000
0.0000 95.0000 0.0000 0.0000 0.0000 0.0000 0.0000 0.0000 0.0000 0.0000 0.0000 0.0000 0.0000 0.0000 0.0000 0.0000 0.0000 0.0000 0.0000 0.0000 0.0000 0.0000 0.0000 0.0000 -2.1994 0.1192 6.2042 7.9384 0.8321 -14.2287 0.0000 0.0000 0.0000 0.0000 0.0000 0.0000 10.0000 0.0000 0.0000 10.0000 0.0000 0.0000 0.0000 0.0000 0.0000 20.0000 0.0000 0.0000 10.0000 0.0000 0.0000 0.0000 0.0000 0.0000 20.0000 0.0000 0.0000 10.0000 0.0000 0.0000 0.0000 0.0000 0.0000 20.0000 0.0000 0.0000 10.0000 0.0000 0.0000 0.0000 0.0000 0.0000 20.0000 0.0000 0.0000 10.0000 0.0000 0.0000 0.0000 0.0000 0.0000 45.0302 -14.2818 33.6329 -55.2681 1.9119 -20.1452 0.0000 0.0000 0.0000 0.0000 0.0000 0.0000 10.0000 0.0000 0.0000 10.0000 0.0000 0.0000 0.0000 0.0000 0.0000 20.0000 0.0000 0.0000 10.0000 0.0000 0.0000 0.0000 0.0000 0.0000 20.0000 0.0000 0.0000 10.0000 0.0000 0.0000 0.0000 0.0000 0.0000 20.0000 0.0000 0.0000 10.0000 0.0000 0.0000 0.0000 0.0000 0.0000 20.0000 0.0000 0.0000 10.0000 0.0000 0.0000 0.0000 0.0000 0.0000 0.0000 0.0000 0.0000 0.0000 0.0000 0.0000 0.0000 0.0000 0.0000 0.0000 0.0000 0.0000 0.0000 0.0000 0.0000
0.0000 95.0000 0.0000 0.0000 0.0000 0.0000 0.0000 0.0000 0.0000 0.0000 0.0000 0.0000 0.0000 0.0000 0.0000 0.0000 0.0000 0.0000 0.0000 0.0000 0.0000 0.0000 0.0000 0.0000 1.2628 -0.0722 6.5451 5.8584 0.2877 -15.4970 0.0000 0.0000 0.0000 0.0000 0.0000 0.0000 10.0000 0.0000 0.0000 10.0000 0.0000 0.0000 0.0000 0.0000 0.0000 20.0000 0.0000 0.0000 10.0000 0.0000 0.0000 0.0000 0.0000 0.0000 20.0000 0.0000 0.0000 10.0000 0.0000 0.0000 0.0000 0.0000 0.0000 20.0000 0.0000 0.0000 10.0000 0.0000 0.0000 0.0000 0.0000 0.0000 20.0000 0.0000 0.0000 10.0000 0.0000 0.0000 0.0000 0.0000 0.0000 47.3152 -1.5077 3.4407 -56.3375 3.3424 0.3702 0.0000 0.0000 0.0000 0.0000 0.0000 0.0000 10.0000 0.0000 0.0000 10.0000 0.0000 0.0000 0.0000 0.0000 0.0000 20.0000 0.0000 0.0000 10.0000 0.0000 0.0000 0.0000 0.0000 0.0000 20.0000 0.0000 0.0000 10.0000 0.0000 0.0000 0.0000 0.0000 0.0000 20.0000 0.0000 0.0000 10.0000 0.0000 0.0000 0.0000 0.0000 0.0000 20.0000 0.0000 0.0000 10.0000 0.0000 0.0000 0.0000 0.0000 0.0000 0.0000 0.0000 0.0000 0.0000 0.0000 0.0000 0.0000 0.0000 0.0000 0.0000 0.0000 0.0000 0.0000 0.0000 0.0000
0.0000 95.0000 0.0000 0.0000 0.0000 0.0000 0.0000 0.0000 0.0000 0.0000 0.0000 0.0000 0.0000 0.0000 0.0000 0.0000 0.0000 0.0000 0.0000 0.0000 0.0000 0.0000 0.0000 0.0000 0.3752 -0.0216 6.5994 6.4185 0.3879 -14.3450 0.0000 0.0000 0.0000 0.0000 0.0000 0.0000 10.0000 0.0000 0.0000 10.0000 0.0000 0.0000 0.0000 0.0000 0.0000 20.0000 0.0000 0.0000 10.0000 0.0000 0.0000 0.0000 0.0000 0.0000 20.0000 0.0000 0.0000 10.0000 0.0000 0.0000 0.0000 0.0000 0.0000 20.0000 0.0000 0.0000 10.0000 0.0000 0.0000 0.0000 0.0000 0.0000 20.0000 0.0000 0.0000 10.0000 0.0000 0.0000 0.0000 0.0000 0.0000 47.9431 -9.7779 21.7784 -56.2359 5.2914 -10.1081 0.0000 0.0000 0.0000 0.0000 0.0000 0.0000 10.0000 0.0000 0.0000 10.0000 0.0000 0.0000 0.0000 0.0000 0.0000 20.0000 0.0000 0.0000 10.0000 0.0000 0.0000 0.0000 0.0000 0.0000 20.0000 0.0000 0.0000 10.0000 0.0000 0.0000 0.0000 0.0000 0.0000 20.0000 0.0000 0.0000 10.0000 0.0000 0.0000 0.0000 0.0000 0.0000 20.0000 0.0000 0.0000 10.0000 0.0000 0.0000 0.0000 0.0000 0.0000 0.0000 0.0000 0.0000 0.0000 0.0000 0.0000 0.0000 0.0000 0.0000 0.0000 0.0000 0.0000 0.0000 0.0000 0.0000
0.0000 95.0000 0.0000 0.0000 0.0000 0.0000 0.0000 0.0000 0.0000 0.0000 0.0000 0.0000 0.0000 0.0000 0.0000 0.0000 0.0000 0.0000 0.0000 0.0000 0.0000 0.0000 0.0000 0.0000 -2.8101 0.3839 15.5567 9.3160 1.0710 -22.0187 0.0000 0.0000 0.0000 0.0000 0.0000 0.0000 10.0000 0.0000 0.0000 10.0000 0.0000 0.0000 0.0000 0.0000 0.0000 20.0000 0.0000 0.0000 10.0000 0.0000 0.0000 0.0000 0.0000 0.0000 20.0000 0.0000 0.0000 10.0000 0.0000 0.0000 0.0000 0.0000 0.0000 20.0000 0.0000 0.0000 10.0000 0.0000 0.0000 0.0000 0.0000 0.0000 20.0000 0.0000 0.0000 10.0000 0.0000 0.0000 0.0000 0.0000 0.0000 45.1435 -14.9947 35.1357 -49.8742 22.0517 -2.6255 0.0000 0.0000 0.0000 0.0000 0.0000 0.0000 10.0000 0.0000 0.0000 10.0000 0.0000 0.0000 0.0000 0.0000 0.0000 20.0000 0.0000 0.0000 10.0000 0.0000 0.0000 0.0000 0.0000 0.0000 20.0000 0.0000 0.0000 10.0000 0.0000 0.0000 0.0000 0.0000 0.0000 20.0000 0.0000 0.0000 10.0000 0.0000 0.0000 0.0000 0.0000 0.0000 20.0000 0.0000 0.0000 10.0000 0.0000 0.0000 0.0000 0.0000 0.0000 0.0000 0.0000 0.0000 0.0000 0.0000 0.0000 0.0000 0.0000 0.0000 0.0000 0.0000 0.0000 0.0000 0.0000 0.0000
0.0000 95.0000 0.0000 0.0000 0.0000 0.0000 0.0000 0.0000 0.0000 0.0000 0.0000 0.0000 0.0000 0.0000 0.0000 0.0000 0.0000 0.0000 0.0000 0.0000 0.0000 0.0000 0.0000 0.0000 -4.0705 0.3891 10.9161 10.2079 1.1561 -17.0343 0.0000 0.0000 0.0000 0.0000 0.0000 0.0000 10.0000 0.0000 0.0000 10.0000 0.0000 0.0000 0.0000 0.0000 0.0000 20.0000 0.0000 0.0000 10.0000 0.0000 0.0000 0.0000 0.0000 0.0000 20.0000 0.0000 0.0000 10.0000 0.0000 0.0000 0.0000 0.0000 0.0000 20.0000 0.0000 0.0000 10.0000 0.0000 0.0000 0.0000 0.0000 0.0000 20.0000 0.0000 0.0000 10.0000 0.0000 0.0000 0.0000 0.0000 0.0000 42.9616 -17.3354 42.3512 -45.6572 25.8484 -0.9364 0.0000 0.0000 0.0000 0.0000 0.0000 0.0000 10.0000 0.0000 0.0000 10.0000 0.0000 0.0000 0.0000 0.0000 0.0000 20.0000 0.0000 0.0000 10.0000 0.0000 0.0000 0.0000 0.0000 0.0000 20.0000 0.0000 0.0000 10.0000 0.0000 0.0000 0.0000 0.0000 0.0000 20.0000 0.0000 0.0000 10.0000 0.0000 0.0000 0.0000 0.0000 0.0000 20.0000 0.0000 0.0000 10.0000 0.0000 0.0000 0.0000 0.0000 0.0000 0.0000 0.0000 0.0000 0.0000 0.0000 0.0000 0.0000 0.0000 0.0000 0.0000 0.0000 0.0000 0.0000 0.0000 0.0000
0.0000 95.0000 0.0000 0.0000 0.0000 0.0000 0.0000 0.0000 0.0000 0.0000 0.0000 0.0000 0.0000 0.0000 0.0000 0.0000 0.0000 0.0000 0.0000 0.0000 0.0000 0.0000 0.0000 0.0000 -7.0719 -0.8918 -14.3574 11.0994 2.3373 -5.6290 0.0000 0.0000 0.0000 0.0000 0.0000 0.0000 10.0000 0.0000 0.0000 10.0000 0.0000 0.0000 0.0000 0.0000 0.0000 20.0000 0.0000 0.0000 10.0000 0.0000 0.0000 0.0000 0.0000 0.0000 20.0000 0.0000 0.0000 10.0000 0.0000 0.0000 0.0000 0.0000 0.0000 20.0000 0.0000 0.0000 10.0000 0.0000 0.0000 0.0000 0.0000 0.0000 20.0000 0.0000 0.0000 10.0000 0.0000 0.0000 0.0000 0.0000 0.0000 45.8672 -17.1404 39.2102 -50.0801 27.2296 -1.4868 0.0000 0.0000 0.0000 0.0000 0.0000 0.0000 10.0000 0.0000 0.0000 10.0000 0.0000 0.0000 0.0000 0.0000 0.0000 20.0000 0.0000 0.0000 10.0000 0.0000 0.0000 0.0000 0.0000 0.0000 20.0000 0.0000 0.0000 10.0000 0.0000 0.0000 0.0000 0.0000 0.0000 20.0000 0.0000 0.0000 10.0000 0.0000 0.0000 0.0000 0.0000 0.0000 20.0000 0.0000 0.0000 10.0000 0.0000 0.0000 0.0000 0.0000 0.0000 0.0000 0.0000 0.0000 0.0000 0.0000 0.0000 0.0000 0.0000 0.0000 0.0000 0.0000 0.0000 0.0000 0.0000 0.0000
0.0000 95.0000 0.0000 0.0000 0.0000 0.0000 0.0000 0.0000 0.0000 0.0000 0.0000 0.0000 0.0000 0.0000 0.0000 0.0000 0.0000 0.0000 0.0000 0.0000 0.0000 0.0000 0.0000 0.0000 -8.5848 -3.0186 -38.6866 11.3782 5.3000 -6.1159 0.0000 0.0000 0.0000 0.0000 0.0000 0.0000 10.0000 0.0000 0.0000 10.0000 0.0000 0.0000 0.0000 0.0000 0.0000 20.0000 0.0000 0.0000 10.0000 0.0000 0.0000 0.0000 0.0000 0.0000 20.0000 0.0000 0.0000 10.0000 0.0000 0.0000 0.0000 0.0000 0.0000 20.0000 0.0000 0.0000 10.0000 0.0000 0.0000 0.0000 0.0000 0.0000 20.0000 0.0000 0.0000 10.0000 0.0000 0.0000 0.0000 0.0000 0.0000 38.8000 -19.5620 52.1658 -43.8734 24.3905 -6.0375 0.0000 0.0000 0.0000 0.0000 0.0000 0.0000 10.0000 0.0000 0.0000 10.0000 0.0000 0.0000 0.0000 0.0000 0.0000 20.0000 0.0000 0.0000 10.0000 0.0000 0.0000 0.0000 0.0000 0.0000 20.0000 0.0000 0.0000 10.0000 0.0000 0.0000 0.0000 0.0000 0.0000 20.0000 0.0000 0.0000 10.0000 0.0000 0.0000 0.0000 0.0000 0.0000 20.0000 0.0000 0.0000 10.0000 0.0000 0.0000 0.0000 0.0000 0.0000 0.0000 0.0000 0.0000 0.0000 0.0000 0.0000 0.0000 0.0000 0.0000 0.0000 0.0000 0.0000 0.0000 0.0000 0.0000
0.0000 95.0000 0.0000 0.0000 0.0000 0.0000 0.0000 0.0000 0.0000 0.0000 0.0000 0.0000 0.0000 0.0000 0.0000 0.0000 0.0000 0.0000 0.0000 0.0000 0.0000 0.0000 0.0000 0.0000 -5.5629 -0.8407 -17.1750 12.8896 2.2667 -1.7794 0.0000 0.0000 0.0000 0.0000 0.0000 0.0000 10.0000 0.0000 0.0000 10.0000 0.0000 0.0000 0.0000 0.0000 0.0000 20.0000 0.0000 0.0000 10.0000 0.0000 0.0000 0.0000 0.0000 0.0000 20.0000 0.0000 0.0000 10.0000 0.0000 0.0000 0.0000 0.0000 0.0000 20.0000 0.0000 0.0000 10.0000 0.0000 0.0000 0.0000 0.0000 0.0000 20.0000 0.0000 0.0000 10.0000 0.0000 0.0000 0.0000 0.0000 0.0000 45.7268 -15.3774 35.5072 -55.4892 15.5385 -10.8160 0.0000 0.0000 0.0000 0.0000 0.0000 0.0000 10.0000 0.0000 0.0000 10.0000 0.0000 0.0000 0.0000 0.0000 0.0000 20.0000 0.0000 0.0000 10.0000 0.0000 0.0000 0.0000 0.0000 0.0000 20.0000 0.0000 0.0000 10.0000 0.0000 0.0000 0.0000 0.0000 0.0000 20.0000 0.0000 0.0000 10.0000 0.0000 0.0000 0.0000 0.0000 0.0000 20.0000 0.0000 0.0000 10.0000 0.0000 0.0000 0.0000 0.0000 0.0000 0.0000 0.0000 0.0000 0.0000 0.0000 0.0000 0.0000 0.0000 0.0000 0.0000 0.0000 0.0000 0.0000 0.0000 0.0000
0.0000 95.0000 0.0000 0.0000 0.0000 0.0000 0.0000 0.0000 0.0000 0.0000 0.0000 0.0000 0.0000 0.0000 0.0000 0.0000 0.0000 0.0000 0.0000 0.0000 0.0000 0.0000 0.0000 0.0000 -0.7942 0.0176 2.5379 10.9017 0.6620 -8.8237 0.0000 0.0000 0.0000 0.0000 0.0000 0.0000 10.0000 0.0000 0.0000 10.0000 0.0000 0.0000 0.0000 0.0000 0.0000 20.0000 0.0000 0.0000 10.0000 0.0000 0.0000 0.0000 0.0000 0.0000 20.0000 0.0000 0.0000 10.0000 0.0000 0.0000 0.0000 0.0000 0.0000 20.0000 0.0000 0.0000 10.0000 0.0000 0.0000 0.0000 0.0000 0.0000 20.0000 0.0000 0.0000 10.0000 0.0000 0.0000 0.0000 0.0000 0.0000 49.1034 -1.1599 2.5388 -58.3120 3.7605 1.0732 0.0000 0.0000 0.0000 0.0000 0.0000 0.0000 10.0000 0.0000 0.0000 10.0000 0.0000 0.0000 0.0000 0.0000 0.0000 20.0000 0.0000 0.0000 10.0000 0.0000 0.0000 0.0000 0.0000 0.0000 20.0000 0.0000 0.0000 10.0000 0.0000 0.0000 0.0000 0.0000 0.0000 20.0000 0.0000 0.0000 10.0000 0.0000 0.0000 0.0000 0.0000 0.0000 20.0000 0.0000 0.0000 10.0000 0.0000 0.0000 0.0000 0.0000 0.0000 0.0000 0.0000 0.0000 0.0000 0.0000 0.0000 0.0000 0.0000 0.0000 0.0000 0.0000 0.0000 0.0000 0.0000 0.0000
0.0000 95.0000 0.0000 0.0000 0.0000 0.0000 0.0000 0.0000 0.0000 0.0000 0.0000 0.0000 0.0000 0.0000 0.0000 0.0000 0.0000 0.0000 0.0000 0.0000 0.0000 0.0000 0.0000 0.0000 1.7505 -0.0916 5.9885 10.0322 0.4907 -14.0177 0.0000 0.0000 0.0000 0.0000 0.0000 0.0000 10.0000 0.0000 0.0000 10.0000 0.0000 0.0000 0.0000 0.0000 0.0000 20.0000 0.0000 0.0000 10.0000 0.0000 0.0000 0.0000 0.0000 0.0000 20.0000 0.0000 0.0000 10.0000 0.0000 0.0000 0.0000 0.0000 0.0000 20.0000 0.0000 0.0000 10.0000 0.0000 0.0000 0.0000 0.0000 0.0000 20.0000 0.0000 0.0000 10.0000 0.0000 0.0000 0.0000 0.0000 0.0000 39.5424 6.3561 -17.5619 -44.6766 11.0453 22.8051 0.0000 0.0000 0.0000 0.0000 0.0000 0.0000 10.0000 0.0000 0.0000 10.0000 0.0000 0.0000 0.0000 0.0000 0.0000 20.0000 0.0000 0.0000 10.0000 0.0000 0.0000 0.0000 0.0000 0.0000 20.0000 0.0000 0.0000 10.0000 0.0000 0.0000 0.0000 0.0000 0.0000 20.0000 0.0000 0.0000 10.0000 0.0000 0.0000 0.0000 0.0000 0.0000 20.0000 0.0000 0.0000 10.0000 0.0000 0.0000 0.0000 0.0000 0.0000 0.0000 0.0000 0.0000 0.0000 0.0000 0.0000 0.0000 0.0000 0.0000 0.0000 0.0000 0.0000 0.0000 0.0000 0.0000
0.0000 95.0000 0.0000 0.0000 0.0000 0.0000 0.0000 0.0000 0.0000 0.0000 0.0000 0.0000 0.0000 0.0000 0.0000 0.0000 0.0000 0.0000 0.0000 0.0000 0.0000 0.0000 0.0000 0.0000 -0.4269 -0.0401 -10.7239 10.4876 0.5324 4.7371 0.0000 0.0000 0.0000 0.0000 0.0000 0.0000 10.0000 0.0000 0.0000 10.0000 0.0000 0.0000 0.0000 0.0000 0.0000 20.0000 0.0000 0.0000 10.0000 0.0000 0.0000 0.0000 0.0000 0.0000 20.0000 0.0000 0.0000 10.0000 0.0000 0.0000 0.0000 0.0000 0.0000 20.0000 0.0000 0.0000 10.0000 0.0000 0.0000 0.0000 0.0000 0.0000 20.0000 0.0000 0.0000 10.0000 0.0000 0.0000 0.0000 0.0000 0.0000 38.0343 2.1855 -6.3354 -44.2007 6.8002 11.6331 0.0000 0.0000 0.0000 0.0000 0.0000 0.0000 10.0000 0.0000 0.0000 10.0000 0.0000 0.0000 0.0000 0.0000 0.0000 20.0000 0.0000 0.0000 10.0000 0.0000 0.0000 0.0000 0.0000 0.0000 20.0000 0.0000 0.0000 10.0000 0.0000 0.0000 0.0000 0.0000 0.0000 20.0000 0.0000 0.0000 10.0000 0.0000 0.0000 0.0000 0.0000 0.0000 20.0000 0.0000 0.0000 10.0000 0.0000 0.0000 0.0000 0.0000 0.0000 0.0000 0.0000 0.0000 0.0000 0.0000 0.0000 0.0000 0.0000 0.0000 0.0000 0.0000 0.0000 0.0000 0.0000 0.0000
0.0000 95.0000 0.0000 0.0000 0.0000 0.0000 0.0000 0.0000 0.0000 0.0000 0.0000 0.0000 0.0000 0.0000 0.0000 0.0000 0.0000 0.0000 0.0000 0.0000 0.0000 0.0000 0.0000 0.0000 -1.8739 -0.1753 -10.6879 4.2514 0.1378 4.8415 0.0000 0.0000 0.0000 0.0000 0.0000 0.0000 10.0000 0.0000 0.0000 10.0000 0.0000 0.0000 0.0000 0.0000 0.0000 20.0000 0.0000 0.0000 10.0000 0.0000 0.0000 0.0000 0.0000 0.0000 20.0000 0.0000 0.0000 10.0000 0.0000 0.0000 0.0000 0.0000 0.0000 20.0000 0.0000 0.0000 10.0000 0.0000 0.0000 0.0000 0.0000 0.0000 20.0000 0.0000 0.0000 10.0000 0.0000 0.0000 0.0000 0.0000 0.0000 35.3968 2.1628 -6.7706 -38.7993 6.4092 12.3956 0.0000 0.0000 0.0000 0.0000 0.0000 0.0000 10.0000 0.0000 0.0000 10.0000 0.0000 0.0000 0.0000 0.0000 0.0000 20.0000 0.0000 0.0000 10.0000 0.0000 0.0000 0.0000 0.0000 0.0000 20.0000 0.0000 0.0000 10.0000 0.0000 0.0000 0.0000 0.0000 0.0000 20.0000 0.0000 0.0000 10.0000 0.0000 0.0000 0.0000 0.0000 0.0000 20.0000 0.0000 0.0000 10.0000 0.0000 0.0000 0.0000 0.0000 0.0000 0.0000 0.0000 0.0000 0.0000 0.0000 0.0000 0.0000 0.0000 0.0000 0.0000 0.0000 0.0000 0.0000 0.0000 0.0000
0.0000 95.0000 0.0000 0.0000 0.0000 0.0000 0.0000 0.0000 0.0000 0.0000 0.0000 0.0000 0.0000 0.0000 0.0000 0.0000 0.0000 0.0000 0.0000 0.0000 0.0000 0.0000 0.0000 0.0000 -7.9188 -1.2977 -18.5853 5.0926 0.6431 1.6903 0.0000 0.0000 0.0000 0.0000 0.0000 0.0000 10.0000 0.0000 0.0000 10.0000 0.0000 0.0000 0.0000 0.0000 0.0000 20.0000 0.0000 0.0000 10.0000 0.0000 0.0000 0.0000 0.0000 0.0000 20.0000 0.0000 0.0000 10.0000 0.0000 0.0000 0.0000 0.0000 0.0000 20.0000 0.0000 0.0000 10.0000 0.0000 0.0000 0.0000 0.0000 0.0000 20.0000 0.0000 0.0000 10.0000 0.0000 0.0000 0.0000 0.0000 0.0000 34.8906 2.0852 -6.6288 -35.7830 5.8999 12.0173 0.0000 0.0000 0.0000 0.0000 0.0000 0.0000 10.0000 0.0000 0.0000 10.0000 0.0000 0.0000 0.0000 0.0000 0.0000 20.0000 0.0000 0.0000 10.0000 0.0000 0.0000 0.0000 0.0000 0.0000 20.0000 0.0000 0.0000 10.0000 0.0000 0.0000 0.0000 0.0000 0.0000 20.0000 0.0000 0.0000 10.0000 0.0000 0.0000 0.0000 0.0000 0.0000 20.0000 0.0000 0.0000 10.0000 0.0000 0.0000 0.0000 0.0000 0.0000 0.0000 0.0000 0.0000 0.0000 0.0000 0.0000 0.0000 0.0000 0.0000 0.0000 0.0000 0.0000 0.0000 0.0000 0.0000
0.0000 95.0000 0.0000 0.0000 0.0000 0.0000 0.0000 0.0000 0.0000 0.0000 0.0000 0.0000 0.0000 0.0000 0.0000 0.0000 0.0000 0.0000 0.0000 0.0000 0.0000 0.0000 0.0000 0.0000 -15.6873 -2.8978 -20.8082 7.9766 4.0546 -11.4776 0.0000 0.0000 0.0000 0.0000 0.0000 0.0000 10.0000 0.0000 0.0000 10.0000 0.0000 0.0000 0.0000 0.0000 0.0000 20.0000 0.0000 0.0000 10.0000 0.0000 0.0000 0.0000 0.0000 0.0000 20.0000 0.0000 0.0000 10.0000 0.0000 0.0000 0.0000 0.0000 0.0000 20.0000 0.0000 0.0000 10.0000 0.0000 0.0000 0.0000 0.0000 0.0000 20.0000 0.0000 0.0000 10.0000 0.0000 0.0000 0.0000 0.0000 0.0000 40.7490 3.5622 -9.5723 -36.4862 8.5302 15.8184 0.0000 0.0000 0.0000 0.0000 0.0000 0.0000 10.0000 0.0000 0.0000 10.0000 0.0000 0.0000 0.0000 0.0000 0.0000 20.0000 0.0000 0.0000 10.0000 0.0000 0.0000 0.0000 0.0000 0.0000 20.0000 0.0000 0.0000 10.0000 0.0000 0.0000 0.0000 0.0000 0.0000 20.0000 0.0000 0.0000 10.0000 0.0000 0.0000 0.0000 0.0000 0.0000 20.0000 0.0000 0.0000 10.0000 0.0000 0.0000 0.0000 0.0000 0.0000 0.0000 0.0000 0.0000 0.0000 0.0000 0.0000 0.0000 0.0000 0.0000 0.0000 0.0000 0.0000 0.0000 0.0000 0.0000
0.0000 95.0000 0.0000 0.0000 0.0000 0.0000 0.0000 0.0000 0.0000 0.0000 0.0000 0.0000 0.0000 0.0000 0.0000 0.0000 0.0000 0.0000 0.0000 0.0000 0.0000 0.0000 0.0000 0.0000 -12.7037 -0.3028 -2.7196 4.5151 0.5787 -3.0972 0.0000 0.0000 0.0000 0.0000 0.0000 0.0000 10.0000 0.0000 0.0000 10.0000 0.0000 0.0000 0.0000 0.0000 0.0000 20.0000 0.0000 0.0000 10.0000 0.0000 0.0000 0.0000 0.0000 0.0000 20.0000 0.0000 0.0000 10.0000 0.0000 0.0000 0.0000 0.0000 0.0000 20.0000 0.0000 0.0000 10.0000 0.0000 0.0000 0.0000 0.0000 0.0000 20.0000 0.0000 0.0000 10.0000 0.0000 0.0000 0.0000 0.0000 0.0000 48.3996 2.7318 -6.0739 -43.9519 6.9913 10.1742 0.0000 0.0000 0.0000 0.0000 0.0000 0.0000 10.0000 0.0000 0.0000 10.0000 0.0000 0.0000 0.0000 0.0000 0.0000 20.0000 0.0000 0.0000 10.0000 0.0000 0.0000 0.0000 0.0000 0.0000 20.0000 0.0000 0.0000 10.0000 0.0000 0.0000 0.0000 0.0000 0.0000 20.0000 0.0000 0.0000 10.0000 0.0000 0.0000 0.0000 0.0000 0.0000 20.0000 0.0000 0.0000 10.0000 0.0000 0.0000 0.0000 0.0000 0.0000 0.0000 0.0000 0.0000 0.0000 0.0000 0.0000 0.0000 0.0000 0.0000 0.0000 0.0000 0.0000 0.0000 0.0000 0.0000
0.0000 95.0000 0.0000 0.0000 0.0000 0.0000 0.0000 0.0000 0.0000 0.0000 0.0000 0.0000 0.0000 0.0000 0.0000 0.0000 0.0000 0.0000 0.0000 0.0000 0.0000 0.0000 0.0000 0.0000 -7.9537 1.1089 15.8496 -4.2940 1.4831 -27.5248 0.0000 0.0000 0.0000 0.0000 0.0000 0.0000 10.0000 0.0000 0.0000 10.0000 0.0000 0.0000 0.0000 0.0000 0.0000 20.0000 0.0000 0.0000 10.0000 0.0000 0.0000 0.0000 0.0000 0.0000 20.0000 0.0000 0.0000 10.0000 0.0000 0.0000 0.0000 0.0000 0.0000 20.0000 0.0000 0.0000 10.0000 0.0000 0.0000 0.0000 0.0000 0.0000 20.0000 0.0000 0.0000 10.0000 0.0000 0.0000 0.0000 0.0000 0.0000 55.7971 3.4597 -6.5295 -50.4038 9.2846 10.9261 0.0000 0.0000 0.0000 0.0000 0.0000 0.0000 10.0000 0.0000 0.0000 10.0000 0.0000 0.0000 0.0000 0.0000 0.0000 20.0000 0.0000 0.0000 10.0000 0.0000 0.0000 0.0000 0.0000 0.0000 20.0000 0.0000 0.0000 10.0000 0.0000 0.0000 0.0000 0.0000 0.0000 20.0000 0.0000 0.0000 10.0000 0.0000 0.0000 0.0000 0.0000 0.0000 20.0000 0.0000 0.0000 10.0000 0.0000 0.0000 0.0000 0.0000 0.0000 0.0000 0.0000 0.0000 0.0000 0.0000 0.0000 0.0000 0.0000 0.0000 0.0000 0.0000 0.0000 0.0000 0.0000 0.0000
0.0000 95.0000 0.0000 0.0000 0.0000 0.0000 0.0000 0.0000 0.0000 0.0000 0.0000 0.0000 0.0000 0.0000 0.0000 0.0000 0.0000 0.0000 0.0000 0.0000 0.0000 0.0000 0.0000 0.0000 -3.5035 0.2003 6.5434 -11.7741 -1.2001 -25.7318 0.0000 0.0000 0.0000 0.0000 0.0000 0.0000 10.0000 0.0000 0.0000 10.0000 0.0000 0.0000 0.0000 0.0000 0.0000 20.0000 0.0000 0.0000 10.0000 0.0000 0.0000 0.0000 0.0000 0.0000 20.0000 0.0000 0.0000 10.0000 0.0000 0.0000 0.0000 0.0000 0.0000 20.0000 0.0000 0.0000 10.0000 0.0000 0.0000 0.0000 0.0000 0.0000 20.0000 0.0000 0.0000 10.0000 0.0000 0.0000 0.0000 0.0000 0.0000 60.7167 4.1352 -7.0541 -54.0990 11.7728 11.9779 0.0000 0.0000 0.0000 0.0000 0.0000 0.0000 10.0000 0.0000 0.0000 10.0000 0.0000 0.0000 0.0000 0.0000 0.0000 20.0000 0.0000 0.0000 10.0000 0.0000 0.0000 0.0000 0.0000 0.0000 20.0000 0.0000 0.0000 10.0000 0.0000 0.0000 0.0000 0.0000 0.0000 20.0000 0.0000 0.0000 10.0000 0.0000 0.0000 0.0000 0.0000 0.0000 20.0000 0.0000 0.0000 10.0000 0.0000 0.0000 0.0000 0.0000 0.0000 0.0000 0.0000 0.0000 0.0000 0.0000 0.0000 0.0000 0.0000 0.0000 0.0000 0.0000 0.0000 0.0000 0.0000 0.0000
0.0000 95.0000 0.0000 0.0000 0.0000 0.0000 0.0000 0.0000 0.0000 0.0000 0.0000 0.0000 0.0000 0.0000 0.0000 0.0000 0.0000 0.0000 0.0000 0.0000 0.0000 0.0000 0.0000 0.0000 0.8690 -0.0546 7.1889 -17.6338 -3.9854 -30.9835 0.0000 0.0000 0.0000 0.0000 0.0000 0.0000 10.0000 0.0000 0.0000 10.0000 0.0000 0.0000 0.0000 0.0000 0.0000 20.0000 0.0000 0.0000 10.0000 0.0000 0.0000 0.0000 0.0000 0.0000 20.0000 0.0000 0.0000 10.0000 0.0000 0.0000 0.0000 0.0000 0.0000 20.0000 0.0000 0.0000 10.0000 0.0000 0.0000 0.0000 0.0000 0.0000 20.0000 0.0000 0.0000 10.0000 0.0000 0.0000 0.0000 0.0000 0.0000 62.4320 4.5910 -7.5689 -54.5551 13.3715 13.0083 0.0000 0.0000 0.0000 0.0000 0.0000 0.0000 10.0000 0.0000 0.0000 10.0000 0.0000 0.0000 0.0000 0.0000 0.0000 20.0000 0.0000 0.0000 10.0000 0.0000 0.0000 0.0000 0.0000 0.0000 20.0000 0.0000 0.0000 10.0000 0.0000 0.0000 0.0000 0.0000 0.0000 20.0000 0.0000 0.0000 10.0000 0.0000 0.0000 0.0000 0.0000 0.0000 20.0000 0.0000 0.0000 10.0000 0.0000 0.0000 0.0000 0.0000 0.0000 0.0000 0.0000 0.0000 0.0000 0.0000 0.0000 0.0000 0.0000 0.0000 0.0000 0.0000 0.0000 0.0000 0.0000 0.0000
0.0000 95.0000 0.0000 0.0000 0.0000 0.0000 0.0000 0.0000 0.0000 0.0000 0.0000 0.0000 0.0000 0.0000 0.0000 0.0000 0.0000 0.0000 0.0000 0.0000 0.0000 0.0000 0.0000 0.0000 4.6311 -0.3119 7.7020 -21.7631 -6.3706 -33.1448 0.0000 0.0000 0.0000 0.0000 0.0000 0.0000 10.0000 0.0000 0.0000 10.0000 0.0000 0.0000 0.0000 0.0000 0.0000 20.0000 0.0000 0.0000 10.0000 0.0000 0.0000 0.0000 0.0000 0.0000 20.0000 0.0000 0.0000 10.0000 0.0000 0.0000 0.0000 0.0000 0.0000 20.0000 0.0000 0.0000 10.0000 0.0000 0.0000 0.0000 0.0000 0.0000 20.0000 0.0000 0.0000 10.0000 0.0000 0.0000 0.0000 0.0000 0.0000 61.3181 4.7735 -8.0439 -52.3947 13.9267 14.0892 0.0000 0.0000 0.0000 0.0000 0.0000 0.0000 10.0000 0.0000 0.0000 10.0000 0.0000 0.0000 0.0000 0.0000 0.0000 20.0000 0.0000 0.0000 10.0000 0.0000 0.0000 0.0000 0.0000 0.0000 20.0000 0.0000 0.0000 10.0000 0.0000 0.0000 0.0000 0.0000 0.0000 20.0000 0.0000 0.0000 10.0000 0.0000 0.0000 0.0000 0.0000 0.0000 20.0000 0.0000 0.0000 10.0000 0.0000 0.0000 0.0000 0.0000 0.0000 0.0000 0.0000 0.0000 0.0000 0.0000 0.0000 0.0000 0.0000 0.0000 0.0000 0.0000 0.0000 0.0000 0.0000 0.0000
0.0000 95.0000 0.0000 0.0000 0.0000 0.0000 0.0000 0.0000 0.0000 0.0000 0.0000 0.0000 0.0000 0.0000 0.0000 0.0000 0.0000 0.0000 0.0000 0.0000 0.0000 0.0000 0.0000 0.0000 7.7687 -0.5480 8.0583 -24.8305 -8.0610 -33.3847 0.0000 0.0000 0.0000 0.0000 0.0000 0.0000 10.0000 0.0000 0.0000 10.0000 0.0000 0.0000 0.0000 0.0000 0.0000 20.0000 0.0000 0.0000 10.0000 0.0000 0.0000 0.0000 0.0000 0.0000 20.0000 0.0000 0.0000 10.0000 0.0000 0.0000 0.0000 0.0000 0.0000 20.0000 0.0000 0.0000 10.0000 0.0000 0.0000 0.0000 0.0000 0.0000 20.0000 0.0000 0.0000 10.0000 0.0000 0.0000 0.0000 0.0000 0.0000 58.0049 4.6993 -8.4662 -48.1803 13.6448 15.2567 0.0000 0.0000 0.0000 0.0000 0.0000 0.0000 10.0000 0.0000 0.0000 10.0000 0.0000 0.0000 0.0000 0.0000 0.0000 20.0000 0.0000 0.0000 10.0000 0.0000 0.0000 0.0000 0.0000 0.0000 20.0000 0.0000 0.0000 10.0000 0.0000 0.0000 0.0000 0.0000 0.0000 20.0000 0.0000 0.0000 10.0000 0.0000 0.0000 0.0000 0.0000 0.0000 20.0000 0.0000 0.0000 10.0000 0.0000 0.0000 0.0000 0.0000 0.0000 0.0000 0.0000 0.0000 0.0000 0.0000 0.0000 0.0000 0.0000 0.0000 0.0000 0.0000 0.0000 0.0000 0.0000 0.0000
0.0000 95.0000 0.0000 0.0000 0.0000 0.0000 0.0000 0.0000 0.0000 0.0000 0.0000 0.0000 0.0000 0.0000 0.0000 0.0000 0.0000 0.0000 0.0000 0.0000 0.0000 0.0000 0.0000 0.0000 10.3745 -0.7536 8.2866 -27.2820 -9.1829 -32.7022 0.0000 0.0000 0.0000 0.0000 0.0000 0.0000 10.0000 0.0000 0.0000 10.0000 0.0000 0.0000 0.0000 0.0000 0.0000 20.0000 0.0000 0.0000 10.0000 0.0000 0.0000 0.0000 0.0000 0.0000 20.0000 0.0000 0.0000 10.0000 0.0000 0.0000 0.0000 0.0000 0.0000 20.0000 0.0000 0.0000 10.0000 0.0000 0.0000 0.0000 0.0000 0.0000 20.0000 0.0000 0.0000 10.0000 0.0000 0.0000 0.0000 0.0000 0.0000 53.0588 4.4088 -8.8183 -42.4427 12.7344 16.4480 0.0000 0.0000 0.0000 0.0000 0.0000 0.0000 10.0000 0.0000 0.0000 10.0000 0.0000 0.0000 0.0000 0.0000 0.0000 20.0000 0.0000 0.0000 10.0000 0.0000 0.0000 0.0000 0.0000 0.0000 20.0000 0.0000 0.0000 10.0000 0.0000 0.0000 0.0000 0.0000 0.0000 20.0000 0.0000 0.0000 10.0000 0.0000 0.0000 0.0000 0.0000 0.0000 20.0000 0.0000 0.0000 10.0000 0.0000 0.0000 0.0000 0.0000 0.0000 0.0000 0.0000 0.0000 0.0000 0.0000 0.0000 0.0000 0.0000 0.0000 0.0000 0.0000 0.0000 0.0000 0.0000 0.0000
0.0000 95.0000 0.0000 0.0000 0.0000 0.0000 0.0000 0.0000 0.0000 0.0000 0.0000 0.0000 0.0000 0.0000 0.0000 0.0000 0.0000 0.0000 0.0000 0.0000 0.0000 0.0000 0.0000 0.0000 12.5625 -0.9288 8.4235 -29.3591 -9.9281 -31.6727 0.0000 0.0000 0.0000 0.0000 0.0000 0.0000 10.0000 0.0000 0.0000 10.0000 0.0000 0.0000 0.0000 0.0000 0.0000 20.0000 0.0000 0.0000 10.0000 0.0000 0.0000 0.0000 0.0000 0.0000 20.0000 0.0000 0.0000 10.0000 0.0000 0.0000 0.0000 0.0000 0.0000 20.0000 0.0000 0.0000 10.0000 0.0000 0.0000 0.0000 0.0000 0.0000 20.0000 0.0000 0.0000 10.0000 0.0000 0.0000 0.0000 0.0000 0.0000 46.9591 3.9498 -9.0774 -35.6506 11.3531 17.5572 0.0000 0.0000 0.0000 0.0000 0.0000 0.0000 10.0000 0.0000 0.0000 10.0000 0.0000 0.0000 0.0000 0.0000 0.0000 20.0000 0.0000 0.0000 10.0000 0.0000 0.0000 0.0000 0.0000 0.0000 20.0000 0.0000 0.0000 10.0000 0.0000 0.0000 0.0000 0.0000 0.0000 20.0000 0.0000 0.0000 10.0000 0.0000 0.0000 0.0000 0.0000 0.0000 20.0000 0.0000 0.0000 10.0000 0.0000 0.0000 0.0000 0.0000 0.0000 0.0000 0.0000 0.0000 0.0000 0.0000 0.0000 0.0000 0.0000 0.0000 0.0000 0.0000 0.0000 0.0000 0.0000 0.0000
0.0000 95.0000 0.0000 0.0000 0.0000 0.0000 0.0000 0.0000 0.0000 0.0000 0.0000 0.0000 0.0000 0.0000 0.0000 0.0000 0.0000 0.0000 0.0000 0.0000 0.0000 0.0000 0.0000 0.0000 14.4321 -1.0771 8.4914 -31.2382 -10.4777 -30.6255 0.0000 0.0000 0.0000 0.0000 0.0000 0.0000 10.0000 0.0000 0.0000 10.0000 0.0000 0.0000 0.0000 0.0000 0.0000 20.0000 0.0000 0.0000 10.0000 0.0000 0.0000 0.0000 0.0000 0.0000 20.0000 0.0000 0.0000 10.0000 0.0000 0.0000 0.0000 0.0000 0.0000 20.0000 0.0000 0.0000 10.0000 0.0000 0.0000 0.0000 0.0000 0.0000 20.0000 0.0000 0.0000 10.0000 0.0000 0.0000 0.0000 0.0000 0.0000 40.1378 3.3757 -9.2229 -28.2295 9.6388 18.4793 0.0000 0.0000 0.0000 0.0000 0.0000 0.0000 10.0000 0.0000 0.0000 10.0000 0.0000 0.0000 0.0000 0.0000 0.0000 20.0000 0.0000 0.0000 10.0000 0.0000 0.0000 0.0000 0.0000 0.0000 20.0000 0.0000 0.0000 10.0000 0.0000 0.0000 0.0000 0.0000 0.0000 20.0000 0.0000 0.0000 10.0000 0.0000 0.0000 0.0000 0.0000 0.0000 20.0000 0.0000 0.0000 10.0000 0.0000 0.0000 0.0000 0.0000 0.0000 0.0000 0.0000 0.0000 0.0000 0.0000 0.0000 0.0000 0.0000 0.0000 0.0000 0.0000 0.0000 0.0000 0.0000 0.0000
0.0000 95.0000 0.0000 0.0000 0.0000 0.0000 0.0000 0.0000 0.0000 0.0000 0.0000 0.0000 0.0000 0.0000 0.0000 0.0000 0.0000 0.0000 0.0000 0.0000 0.0000 0.0000 0.0000 0.0000 10.3962 -0.7667 8.4130 -26.0485 -7.4845 -28.6467 0.0000 0.0000 0.0000 0.0000 0.0000 0.0000 10.0000 0.0000 0.0000 10.0000 0.0000 0.0000 0.0000 0.0000 0.0000 20.0000 0.0000 0.0000 10.0000 0.0000 0.0000 0.0000 0.0000 0.0000 20.0000 0.0000 0.0000 10.0000 0.0000 0.0000 0.0000 0.0000 0.0000 20.0000 0.0000 0.0000 10.0000 0.0000 0.0000 0.0000 0.0000 0.0000 20.0000 0.0000 0.0000 10.0000 0.0000 0.0000 0.0000 0.0000 0.0000 35.4939 2.7142 -8.4670 -24.9539 7.9701 17.5062 0.0000 0.0000 0.0000 0.0000 0.0000 0.0000 10.0000 0.0000 0.0000 10.0000 0.0000 0.0000 0.0000 0.0000 0.0000 20.0000 0.0000 0.0000 10.0000 0.0000 0.0000 0.0000 0.0000 0.0000 20.0000 0.0000 0.0000 10.0000 0.0000 0.0000 0.0000 0.0000 0.0000 20.0000 0.0000 0.0000 10.0000 0.0000 0.0000 0.0000 0.0000 0.0000 20.0000 0.0000 0.0000 10.0000 0.0000 0.0000 0.0000 0.0000 0.0000 0.0000 0.0000 0.0000 0.0000 0.0000 0.0000 0.0000 0.0000 0.0000 0.0000 0.0000 0.0000 0.0000 0.0000 0.0000
0.0000 95.0000 0.0000 0.0000 0.0000 0.0000 0.0000 0.0000 0.0000 0.0000 0.0000 0.0000 0.0000 0.0000 0.0000 0.0000 0.0000 0.0000 0.0000 0.0000 0.0000 0.0000 0.0000 0.0000 7.7085 -0.5739 8.5029 -21.9219 -5.7129 -27.7714 0.0000 0.0000 0.0000 0.0000 0.0000 0.0000 10.0000 0.0000 0.0000 10.0000 0.0000 0.0000 0.0000 0.0000 0.0000 20.0000 0.0000 0.0000 10.0000 0.0000 0.0000 0.0000 0.0000 0.0000 20.0000 0.0000 0.0000 10.0000 0.0000 0.0000 0.0000 0.0000 0.0000 20.0000 0.0000 0.0000 10.0000 0.0000 0.0000 0.0000 0.0000 0.0000 20.0000 0.0000 0.0000 10.0000 0.0000 0.0000 0.0000 0.0000 0.0000 31.3272 2.2879 -8.1467 -22.5046 6.8312 17.1036 0.0000 0.0000 0.0000 0.0000 0.0000 0.0000 10.0000 0.0000 0.0000 10.0000 0.0000 0.0000 0.0000 0.0000 0.0000 20.0000 0.0000 0.0000 10.0000 0.0000 0.0000 0.0000 0.0000 0.0000 20.0000 0.0000 0.0000 10.0000 0.0000 0.0000 0.0000 0.0000 0.0000 20.0000 0.0000 0.0000 10.0000 0.0000 0.0000 0.0000 0.0000 0.0000 20.0000 0.0000 0.0000 10.0000 0.0000 0.0000 0.0000 0.0000 0.0000 0.0000 0.0000 0.0000 0.0000 0.0000 0.0000 0.0000 0.0000 0.0000 0.0000 0.0000 0.0000 0.0000 0.0000 0.0000
0.0000 95.0000 0.0000 0.0000 0.0000 0.0000 0.0000 0.0000 0.0000 0.0000 0.0000 0.0000 0.0000 0.0000 0.0000 0.0000 0.0000 0.0000 0.0000 0.0000 0.0000 0.0000 0.0000 0.0000 -0.0262 0.0014 6.1170 -25.0593 -1.6193 -13.4080 0.0000 0.0000 0.0000 0.0000 0.0000 0.0000 10.0000 0.0000 0.0000 10.0000 0.0000 0.0000 0.0000 0.0000 0.0000 20.0000 0.0000 0.0000 10.0000 0.0000 0.0000 0.0000 0.0000 0.0000 20.0000 0.0000 0.0000 10.0000 0.0000 0.0000 0.0000 0.0000 0.0000 20.0000 0.0000 0.0000 10.0000 0.0000 0.0000 0.0000 0.0000 0.0000 20.0000 0.0000 0.0000 10.0000 0.0000 0.0000 0.0000 0.0000 0.0000 29.0600 1.9404 -7.4769 -21.4414 5.6588 15.3644 0.0000 0.0000 0.0000 0.0000 0.0000 0.0000 10.0000 0.0000 0.0000 10.0000 0.0000 0.0000 0.0000 0.0000 0.0000 20.0000 0.0000 0.0000 10.0000 0.0000 0.0000 0.0000 0.0000 0.0000 20.0000 0.0000 0.0000 10.0000 0.0000 0.0000 0.0000 0.0000 0.0000 20.0000 0.0000 0.0000 10.0000 0.0000 0.0000 0.0000 0.0000 0.0000 20.0000 0.0000 0.0000 10.0000 0.0000 0.0000 0.0000 0.0000 0.0000 0.0000 0.0000 0.0000 0.0000 0.0000 0.0000 0.0000 0.0000 0.0000 0.0000 0.0000 0.0000 0.0000 0.0000 0.0000
0.0000 95.0000 0.0000 0.0000 0.0000 0.0000 0.0000 0.0000 0.0000 0.0000 0.0000 0.0000 0.0000 0.0000 0.0000 0.0000 0.0000 0.0000 0.0000 0.0000 0.0000 0.0000 0.0000 0.0000 -5.4845 -0.1243 -2.5952 -20.8642 -3.1085 -19.2436 0.0000 0.0000 0.0000 0.0000 0.0000 0.0000 10.0000 0.0000 0.0000 10.0000 0.0000 0.0000 0.0000 0.0000 0.0000 20.0000 0.0000 0.0000 10.0000 0.0000 0.0000 0.0000 0.0000 0.0000 20.0000 0.0000 0.0000 10.0000 0.0000 0.0000 0.0000 0.0000 0.0000 20.0000 0.0000 0.0000 10.0000 0.0000 0.0000 0.0000 0.0000 0.0000 20.0000 0.0000 0.0000 10.0000 0.0000 0.0000 0.0000 0.0000 0.0000 28.3640 1.6933 -6.6934 -22.3228 4.8291 13.3168 0.0000 0.0000 0.0000 0.0000 0.0000 0.0000 10.0000 0.0000 0.0000 10.0000 0.0000 0.0000 0.0000 0.0000 0.0000 20.0000 0.0000 0.0000 10.0000 0.0000 0.0000 0.0000 0.0000 0.0000 20.0000 0.0000 0.0000 10.0000 0.0000 0.0000 0.0000 0.0000 0.0000 20.0000 0.0000 0.0000 10.0000 0.0000 0.0000 0.0000 0.0000 0.0000 20.0000 0.0000 0.0000 10.0000 0.0000 0.0000 0.0000 0.0000 0.0000 0.0000 0.0000 0.0000 0.0000 0.0000 0.0000 0.0000 0.0000 0.0000 0.0000 0.0000 0.0000 0.0000 0.0000 0.0000
0.0000 95.0000 0.0000 0.0000 0.0000 0.0000 0.0000 0.0000 0.0000 0.0000 0.0000 0.0000 0.0000 0.0000 0.0000 0.0000 0.0000 0.0000 0.0000 0.0000 0.0000 0.0000 0.0000 0.0000 -9.3378 -1.5414 -18.7065 -14.1923 -3.3694 -22.5738 0.0000 0.0000 0.0000 0.0000 0.0000 0.0000 10.0000 0.0000 0.0000 10.0000 0.0000 0.0000 0.0000 0.0000 0.0000 20.0000 0.0000 0.0000 10.0000 0.0000 0.0000 0.0000 0.0000 0.0000 20.0000 0.0000 0.0000 10.0000 0.0000 0.0000 0.0000 0.0000 0.0000 20.0000 0.0000 0.0000 10.0000 0.0000 0.0000 0.0000 0.0000 0.0000 20.0000 0.0000 0.0000 10.0000 0.0000 0.0000 0.0000 0.0000 0.0000 28.2423 1.6299 -6.4722 -22.9243 4.5885 12.6544 0.0000 0.0000 0.0000 0.0000 0.0000 0.0000 10.0000 0.0000 0.0000 10.0000 0.0000 0.0000 0.0000 0.0000 0.0000 20.0000 0.0000 0.0000 10.0000 0.0000 0.0000 0.0000 0.0000 0.0000 20.0000 0.0000 0.0000 10.0000 0.0000 0.0000 0.0000 0.0000 0.0000 20.0000 0.0000 0.0000 10.0000 0.0000 0.0000 0.0000 0.0000 0.0000 20.0000 0.0000 0.0000 10.0000 0.0000 0.0000 0.0000 0.0000 0.0000 0.0000 0.0000 0.0000 0.0000 0.0000 0.0000 0.0000 0.0000 0.0000 0.0000 0.0000 0.0000 0.0000 0.0000 0.0000
0.0000 95.0000 0.0000 0.0000 0.0000 0.0000 0.0000 0.0000 0.0000 0.0000 0.0000 0.0000 0.0000 0.0000 0.0000 0.0000 0.0000 0.0000 0.0000 0.0000 0.0000 0.0000 0.0000 0.0000 -11.7959 -2.5597 -24.4064 -12.6424 -2.8823 -17.3601 0.0000 0.0000 0.0000 0.0000 0.0000 0.0000 10.0000 0.0000 0.0000 10.0000 0.0000 0.0000 0.0000 0.0000 0.0000 20.0000 0.0000 0.0000 10.0000 0.0000 0.0000 0.0000 0.0000 0.0000 20.0000 0.0000 0.0000 10.0000 0.0000 0.0000 0.0000 0.0000 0.0000 20.0000 0.0000 0.0000 10.0000 0.0000 0.0000 0.0000 0.0000 0.0000 20.0000 0.0000 0.0000 10.0000 0.0000 0.0000 0.0000 0.0000 0.0000 29.1287 1.6940 -6.5133 -23.4176 4.7571 12.7213 0.0000 0.0000 0.0000 0.0000 0.0000 0.0000 10.0000 0.0000 0.0000 10.0000 0.0000 0.0000 0.0000 0.0000 0.0000 20.0000 0.0000 0.0000 10.0000 0.0000 0.0000 0.0000 0.0000 0.0000 20.0000 0.0000 0.0000 10.0000 0.0000 0.0000 0.0000 0.0000 0.0000 20.0000 0.0000 0.0000 10.0000 0.0000 0.0000 0.0000 0.0000 0.0000 20.0000 0.0000 0.0000 10.0000 0.0000 0.0000 0.0000 0.0000 0.0000 0.0000 0.0000 0.0000 0.0000 0.0000 0.0000 0.0000 0.0000 0.0000 0.0000 0.0000 0.0000 0.0000 0.0000 0.0000
0.0000 95.0000 0.0000 0.0000 0.0000 0.0000 0.0000 0.0000 0.0000 0.0000 0.0000 0.0000 0.0000 0.0000 0.0000 0.0000 0.0000 0.0000 0.0000 0.0000 0.0000 0.0000 0.0000 0.0000 -8.9635 -0.2265 -2.8887 -17.7402 -0.7262 -3.6162 0.0000 0.0000 0.0000 0.0000 0.0000 0.0000 10.0000 0.0000 0.0000 10.0000 0.0000 0.0000 0.0000 0.0000 0.0000 20.0000 0.0000 0.0000 10.0000 0.0000 0.0000 0.0000 0.0000 0.0000 20.0000 0.0000 0.0000 10.0000 0.0000 0.0000 0.0000 0.0000 0.0000 20.0000 0.0000 0.0000 10.0000 0.0000 0.0000 0.0000 0.0000 0.0000 20.0000 0.0000 0.0000 10.0000 0.0000 0.0000 0.0000 0.0000 0.0000 29.2780 1.7159 -6.5625 -21.7192 4.8233 13.0805 0.0000 0.0000 0.0000 0.0000 0.0000 0.0000 10.0000 0.0000 0.0000 10.0000 0.0000 0.0000 0.0000 0.0000 0.0000 20.0000 0.0000 0.0000 10.0000 0.0000 0.0000 0.0000 0.0000 0.0000 20.0000 0.0000 0.0000 10.0000 0.0000 0.0000 0.0000 0.0000 0.0000 20.0000 0.0000 0.0000 10.0000 0.0000 0.0000 0.0000 0.0000 0.0000 20.0000 0.0000 0.0000 10.0000 0.0000 0.0000 0.0000 0.0000 0.0000 0.0000 0.0000 0.0000 0.0000 0.0000 0.0000 0.0000 0.0000 0.0000 0.0000 0.0000 0.0000 0.0000 0.0000 0.0000
0.0000 95.0000 0.0000 0.0000 0.0000 0.0000 0.0000 0.0000 0.0000 0.0000 0.0000 0.0000 0.0000 0.0000 0.0000 0.0000 0.0000 0.0000 0.0000 0.0000 0.0000 0.0000 0.0000 0.0000 -6.7538 0.7844 13.2347 -18.1465 -0.0283 -21.3687 0.0000 0.0000 0.0000 0.0000 0.0000 0.0000 10.0000 0.0000 0.0000 10.0000 0.0000 0.0000 0.0000 0.0000 0.0000 20.0000 0.0000 0.0000 10.0000 0.0000 0.0000 0.0000 0.0000 0.0000 20.0000 0.0000 0.0000 10.0000 0.0000 0.0000 0.0000 0.0000 0.0000 20.0000 0.0000 0.0000 10.0000 0.0000 0.0000 0.0000 0.0000 0.0000 20.0000 0.0000 0.0000 10.0000 0.0000 0.0000 0.0000 0.0000 0.0000 28.8644 1.6894 -6.5577 -19.4166 4.7162 13.3134 0.0000 0.0000 0.0000 0.0000 0.0000 0.0000 10.0000 0.0000 0.0000 10.0000 0.0000 0.0000 0.0000 0.0000 0.0000 20.0000 0.0000 0.0000 10.0000 0.0000 0.0000 0.0000 0.0000 0.0000 20.0000 0.0000 0.0000 10.0000 0.0000 0.0000 0.0000 0.0000 0.0000 20.0000 0.0000 0.0000 10.0000 0.0000 0.0000 0.0000 0.0000 0.0000 20.0000 0.0000 0.0000 10.0000 0.0000 0.0000 0.0000 0.0000 0.0000 0.0000 0.0000 0.0000 0.0000 0.0000 0.0000 0.0000 0.0000 0.0000 0.0000 0.0000 0.0000 0.0000 0.0000 0.0000
0.0000 95.0000 0.0000 0.0000 0.0000 0.0000 0.0000 0.0000 0.0000 0.0000 0.0000 0.0000 0.0000 0.0000 0.0000 0.0000 0.0000 0.0000 0.0000 0.0000 0.0000 0.0000 0.0000 0.0000 -6.4848 0.3500 6.1714 -17.7957 -0.6746 -16.4896 0.0000 0.0000 0.0000 0.0000 0.0000 0.0000 10.0000 0.0000 0.0000 10.0000 0.0000 0.0000 0.0000 0.0000 0.0000 20.0000 0.0000 0.0000 10.0000 0.0000 0.0000 0.0000 0.0000 0.0000 20.0000 0.0000 0.0000 10.0000 0.0000 0.0000 0.0000 0.0000 0.0000 20.0000 0.0000 0.0000 10.0000 0.0000 0.0000 0.0000 0.0000 0.0000 20.0000 0.0000 0.0000 10.0000 0.0000 0.0000 0.0000 0.0000 0.0000 29.3009 1.7095 -6.5327 -18.3975 4.7420 13.3942 0.0000 0.0000 0.0000 0.0000 0.0000 0.0000 10.0000 0.0000 0.0000 10.0000 0.0000 0.0000 0.0000 0.0000 0.0000 20.0000 0.0000 0.0000 10.0000 0.0000 0.0000 0.0000 0.0000 0.0000 20.0000 0.0000 0.0000 10.0000 0.0000 0.0000 0.0000 0.0000 0.0000 20.0000 0.0000 0.0000 10.0000 0.0000 0.0000 0.0000 0.0000 0.0000 20.0000 0.0000 0.0000 10.0000 0.0000 0.0000 0.0000 0.0000 0.0000 0.0000 0.0000 0.0000 0.0000 0.0000 0.0000 0.0000 0.0000 0.0000 0.0000 0.0000 0.0000 0.0000 0.0000 0.0000
0.0000 95.0000 0.0000 0.0000 0.0000 0.0000 0.0000 0.0000 0.0000 0.0000 0.0000 0.0000 0.0000 0.0000 0.0000 0.0000 0.0000 0.0000 0.0000 0.0000 0.0000 0.0000 0.0000 0.0000 -7.2548 0.4023 6.3399 -17.3898 -0.5679 -17.2477 0.0000 0.0000 0.0000 0.0000 0.0000 0.0000 10.0000 0.0000 0.0000 10.0000 0.0000 0.0000 0.0000 0.0000 0.0000 20.0000 0.0000 0.0000 10.0000 0.0000 0.0000 0.0000 0.0000 0.0000 20.0000 0.0000 0.0000 10.0000 0.0000 0.0000 0.0000 0.0000 0.0000 20.0000 0.0000 0.0000 10.0000 0.0000 0.0000 0.0000 0.0000 0.0000 20.0000 0.0000 0.0000 10.0000 0.0000 0.0000 0.0000 0.0000 0.0000 30.4337 1.7680 -6.4934 -18.4741 4.8853 13.3508 0.0000 0.0000 0.0000 0.0000 0.0000 0.0000 10.0000 0.0000 0.0000 10.0000 0.0000 0.0000 0.0000 0.0000 0.0000 20.0000 0.0000 0.0000 10.0000 0.0000 0.0000 0.0000 0.0000 0.0000 20.0000 0.0000 0.0000 10.0000 0.0000 0.0000 0.0000 0.0000 0.0000 20.0000 0.0000 0.0000 10.0000 0.0000 0.0000 0.0000 0.0000 0.0000 20.0000 0.0000 0.0000 10.0000 0.0000 0.0000 0.0000 0.0000 0.0000 0.0000 0.0000 0.0000 0.0000 0.0000 0.0000 0.0000 0.0000 0.0000 0.0000 0.0000 0.0000 0.0000 0.0000 0.0000
0.0000 95.0000 0.0000 0.0000 0.0000 0.0000 0.0000 0.0000 0.0000 0.0000 0.0000 0.0000 0.0000 0.0000 0.0000 0.0000 0.0000 0.0000 0.0000 0.0000 0.0000 0.0000 0.0000 0.0000 -8.9940 0.4994 6.3439 -16.6629 -0.2198 -17.0438 0.0000 0.0000 0.0000 0.0000 0.0000 0.0000 10.0000 0.0000 0.0000 10.0000 0.0000 0.0000 0.0000 0.0000 0.0000 20.0000 0.0000 0.0000 10.0000 0.0000 0.0000 0.0000 0.0000 0.0000 20.0000 0.0000 0.0000 10.0000 0.0000 0.0000 0.0000 0.0000 0.0000 20.0000 0.0000 0.0000 10.0000 0.0000 0.0000 0.0000 0.0000 0.0000 20.0000 0.0000 0.0000 10.0000 0.0000 0.0000 0.0000 0.0000 0.0000 32.1019 1.8562 -6.4453 -19.4728 5.1208 13.2061 0.0000 0.0000 0.0000 0.0000 0.0000 0.0000 10.0000 0.0000 0.0000 10.0000 0.0000 0.0000 0.0000 0.0000 0.0000 20.0000 0.0000 0.0000 10.0000 0.0000 0.0000 0.0000 0.0000 0.0000 20.0000 0.0000 0.0000 10.0000 0.0000 0.0000 0.0000 0.0000 0.0000 20.0000 0.0000 0.0000 10.0000 0.0000 0.0000 0.0000 0.0000 0.0000 20.0000 0.0000 0.0000 10.0000 0.0000 0.0000 0.0000 0.0000 0.0000 0.0000 0.0000 0.0000 0.0000 0.0000 0.0000 0.0000 0.0000 0.0000 0.0000 0.0000 0.0000 0.0000 0.0000 0.0000
0.0000 95.0000 0.0000 0.0000 0.0000 0.0000 0.0000 0.0000 0.0000 0.0000 0.0000 0.0000 0.0000 0.0000 0.0000 0.0000 0.0000 0.0000 0.0000 0.0000 0.0000 0.0000 0.0000 0.0000 -11.5506 0.6320 6.2427 -15.7551 0.2559 -16.4625 0.0000 0.0000 0.0000 0.0000 0.0000 0.0000 10.0000 0.0000 0.0000 10.0000 0.0000 0.0000 0.0000 0.0000 0.0000 20.0000 0.0000 0.0000 10.0000 0.0000 0.0000 0.0000 0.0000 0.0000 20.0000 0.0000 0.0000 10.0000 0.0000 0.0000 0.0000 0.0000 0.0000 20.0000 0.0000 0.0000 10.0000 0.0000 0.0000 0.0000 0.0000 0.0000 20.0000 0.0000 0.0000 10.0000 0.0000 0.0000 0.0000 0.0000 0.0000 34.1376 1.9645 -6.3921 -21.1781 5.4182 12.9876 0.0000 0.0000 0.0000 0.0000 0.0000 0.0000 10.0000 0.0000 0.0000 10.0000 0.0000 0.0000 0.0000 0.0000 0.0000 20.0000 0.0000 0.0000 10.0000 0.0000 0.0000 0.0000 0.0000 0.0000 20.0000 0.0000 0.0000 10.0000 0.0000 0.0000 0.0000 0.0000 0.0000 20.0000 0.0000 0.0000 10.0000 0.0000 0.0000 0.0000 0.0000 0.0000 20.0000 0.0000 0.0000 10.0000 0.0000 0.0000 0.0000 0.0000 0.0000 0.0000 0.0000 0.0000 0.0000 0.0000 0.0000 0.0000 0.0000 0.0000 0.0000 0.0000 0.0000 0.0000 0.0000 0.0000
0.0000 95.0000 0.0000 0.0000 0.0000 0.0000 0.0000 0.0000 0.0000 0.0000 0.0000 0.0000 0.0000 0.0000 0.0000 0.0000 0.0000 0.0000 0.0000 0.0000 0.0000 0.0000 0.0000 0.0000 -14.7799 0.7915 6.0971 -15.0533 0.7681 -15.8789 0.0000 0.0000 0.0000 0.0000 0.0000 0.0000 10.0000 0.0000 0.0000 10.0000 0.0000 0.0000 0.0000 0.0000 0.0000 20.0000 0.0000 0.0000 10.0000 0.0000 0.0000 0.0000 0.0000 0.0000 20.0000 0.0000 0.0000 10.0000 0.0000 0.0000 0.0000 0.0000 0.0000 20.0000 0.0000 0.0000 10.0000 0.0000 0.0000 0.0000 0.0000 0.0000 20.0000 0.0000 0.0000 10.0000 0.0000 0.0000 0.0000 0.0000 0.0000 36.3756 2.0838 -6.3367 -23.3892 5.7439 12.7137 0.0000 0.0000 0.0000 0.0000 0.0000 0.0000 10.0000 0.0000 0.0000 10.0000 0.0000 0.0000 0.0000 0.0000 0.0000 20.0000 0.0000 0.0000 10.0000 0.0000 0.0000 0.0000 0.0000 0.0000 20.0000 0.0000 0.0000 10.0000 0.0000 0.0000 0.0000 0.0000 0.0000 20.0000 0.0000 0.0000 10.0000 0.0000 0.0000 0.0000 0.0000 0.0000 20.0000 0.0000 0.0000 10.0000 0.0000 0.0000 0.0000 0.0000 0.0000 0.0000 0.0000 0.0000 0.0000 0.0000 0.0000 0.0000 0.0000 0.0000 0.0000 0.0000 0.0000 0.0000 0.0000 0.0000
0.0000 95.0000 0.0000 0.0000 0.0000 0.0000 0.0000 0.0000 0.0000 0.0000 0.0000 0.0000 0.0000 0.0000 0.0000 0.0000 0.0000 0.0000 0.0000 0.0000 0.0000 0.0000 0.0000 0.0000 -17.8990 2.5568 16.1307 -15.7064 2.7321 -25.2813 0.0000 0.0000 0.0000 0.0000 0.0000 0.0000 10.0000 0.0000 0.0000 10.0000 0.0000 0.0000 0.0000 0.0000 0.0000 20.0000 0.0000 0.0000 10.0000 0.0000 0.0000 0.0000 0.0000 0.0000 20.0000 0.0000 0.0000 10.0000 0.0000 0.0000 0.0000 0.0000 0.0000 20.0000 0.0000 0.0000 10.0000 0.0000 0.0000 0.0000 0.0000 0.0000 20.0000 0.0000 0.0000 10.0000 0.0000 0.0000 0.0000 0.0000 0.0000 38.6750 2.2064 -6.2817 -25.9309 6.0685 12.3993 0.0000 0.0000 0.0000 0.0000 0.0000 0.0000 10.0000 0.0000 0.0000 10.0000 0.0000 0.0000 0.0000 0.0000 0.0000 20.0000 0.0000 0.0000 10.0000 0.0000 0.0000 0.0000 0.0000 0.0000 20.0000 0.0000 0.0000 10.0000 0.0000 0.0000 0.0000 0.0000 0.0000 20.0000 0.0000 0.0000 10.0000 0.0000 0.0000 0.0000 0.0000 0.0000 20.0000 0.0000 0.0000 10.0000 0.0000 0.0000 0.0000 0.0000 0.0000 0.0000 0.0000 0.0000 0.0000 0.0000 0.0000 0.0000 0.0000 0.0000 0.0000 0.0000 0.0000 0.0000 0.0000 0.0000
0.0000 95.0000 0.0000 0.0000 0.0000 0.0000 0.0000 0.0000 0.0000 0.0000 0.0000 0.0000 0.0000 0.0000 0.0000 0.0000 0.0000 0.0000 0.0000 0.0000 0.0000 0.0000 0.0000 0.0000 -22.4621 1.9283 9.6888 -15.6845 2.3940 -17.5472 0.0000 0.0000 0.0000 0.0000 0.0000 0.0000 10.0000 0.0000 0.0000 10.0000 0.0000 0.0000 0.0000 0.0000 0.0000 20.0000 0.0000 0.0000 10.0000 0.0000 0.0000 0.0000 0.0000 0.0000 20.0000 0.0000 0.0000 10.0000 0.0000 0.0000 0.0000 0.0000 0.0000 20.0000 0.0000 0.0000 10.0000 0.0000 0.0000 0.0000 0.0000 0.0000 20.0000 0.0000 0.0000 10.0000 0.0000 0.0000 0.0000 0.0000 0.0000 40.9324 2.3267 -6.2290 -28.6589 6.3703 12.0585 0.0000 0.0000 0.0000 0.0000 0.0000 0.0000 10.0000 0.0000 0.0000 10.0000 0.0000 0.0000 0.0000 0.0000 0.0000 20.0000 0.0000 0.0000 10.0000 0.0000 0.0000 0.0000 0.0000 0.0000 20.0000 0.0000 0.0000 10.0000 0.0000 0.0000 0.0000 0.0000 0.0000 20.0000 0.0000 0.0000 10.0000 0.0000 0.0000 0.0000 0.0000 0.0000 20.0000 0.0000 0.0000 10.0000 0.0000 0.0000 0.0000 0.0000 0.0000 0.0000 0.0000 0.0000 0.0000 0.0000 0.0000 0.0000 0.0000 0.0000 0.0000 0.0000 0.0000 0.0000 0.0000 0.0000
0.0000 95.0000 0.0000 0.0000 0.0000 0.0000 0.0000 0.0000 0.0000 0.0000 0.0000 0.0000 0.0000 0.0000 0.0000 0.0000 0.0000 0.0000 0.0000 0.0000 0.0000 0.0000 0.0000 0.0000 -27.1619 0.3993 1.6530 -16.7880 0.9893 -8.1452 0.0000 0.0000 0.0000 0.0000 0.0000 0.0000 10.0000 0.0000 0.0000 10.0000 0.0000 0.0000 0.0000 0.0000 0.0000 20.0000 0.0000 0.0000 10.0000 0.0000 0.0000 0.0000 0.0000 0.0000 20.0000 0.0000 0.0000 10.0000 0.0000 0.0000 0.0000 0.0000 0.0000 20.0000 0.0000 0.0000 10.0000 0.0000 0.0000 0.0000 0.0000 0.0000 20.0000 0.0000 0.0000 10.0000 0.0000 0.0000 0.0000 0.0000 0.0000 43.0816 2.4414 -6.1799 -31.4685 6.6365 11.7036 0.0000 0.0000 0.0000 0.0000 0.0000 0.0000 10.0000 0.0000 0.0000 10.0000 0.0000 0.0000 0.0000 0.0000 0.0000 20.0000 0.0000 0.0000 10.0000 0.0000 0.0000 0.0000 0.0000 0.0000 20.0000 0.0000 0.0000 10.0000 0.0000 0.0000 0.0000 0.0000 0.0000 20.0000 0.0000 0.0000 10.0000 0.0000 0.0000 0.0000 0.0000 0.0000 20.0000 0.0000 0.0000 10.0000 0.0000 0.0000 0.0000 0.0000 0.0000 0.0000 0.0000 0.0000 0.0000 0.0000 0.0000 0.0000 0.0000 0.0000 0.0000 0.0000 0.0000 0.0000 0.0000 0.0000
0.0000 95.0000 0.0000 0.0000 0.0000 0.0000 0.0000 0.0000 0.0000 0.0000 0.0000 0.0000 0.0000 0.0000 0.0000 0.0000 0.0000 0.0000 0.0000 0.0000 0.0000 0.0000 0.0000 0.0000 -31.3935 -2.0202 -7.1798 -18.8052 -0.1478 -9.6754 0.0000 0.0000 0.0000 0.0000 0.0000 0.0000 10.0000 0.0000 0.0000 10.0000 0.0000 0.0000 0.0000 0.0000 0.0000 20.0000 0.0000 0.0000 10.0000 0.0000 0.0000 0.0000 0.0000 0.0000 20.0000 0.0000 0.0000 10.0000 0.0000 0.0000 0.0000 0.0000 0.0000 20.0000 0.0000 0.0000 10.0000 0.0000 0.0000 0.0000 0.0000 0.0000 20.0000 0.0000 0.0000 10.0000 0.0000 0.0000 0.0000 0.0000 0.0000 45.0879 2.5487 -6.1350 -34.2936 6.8615 11.3442 0.0000 0.0000 0.0000 0.0000 0.0000 0.0000 10.0000 0.0000 0.0000 10.0000 0.0000 0.0000 0.0000 0.0000 0.0000 20.0000 0.0000 0.0000 10.0000 0.0000 0.0000 0.0000 0.0000 0.0000 20.0000 0.0000 0.0000 10.0000 0.0000 0.0000 0.0000 0.0000 0.0000 20.0000 0.0000 0.0000 10.0000 0.0000 0.0000 0.0000 0.0000 0.0000 20.0000 0.0000 0.0000 10.0000 0.0000 0.0000 0.0000 0.0000 0.0000 0.0000 0.0000 0.0000 0.0000 0.0000 0.0000 0.0000 0.0000 0.0000 0.0000 0.0000 0.0000 0.0000 0.0000 0.0000
0.0000 95.0000 0.0000 0.0000 0.0000 0.0000 0.0000 0.0000 0.0000 0.0000 0.0000 0.0000 0.0000 0.0000 0.0000 0.0000 0.0000 0.0000 0.0000 0.0000 0.0000 0.0000 0.0000 0.0000 -34.6774 -4.9955 -15.9079 -14.4191 4.5533 -34.0534 0.0000 0.0000 0.0000 0.0000 0.0000 0.0000 10.0000 0.0000 0.0000 10.0000 0.0000 0.0000 0.0000 0.0000 0.0000 20.0000 0.0000 0.0000 10.0000 0.0000 0.0000 0.0000 0.0000 0.0000 20.0000 0.0000 0.0000 10.0000 0.0000 0.0000 0.0000 0.0000 0.0000 20.0000 0.0000 0.0000 10.0000 0.0000 0.0000 0.0000 0.0000 0.0000 20.0000 0.0000 0.0000 10.0000 0.0000 0.0000 0.0000 0.0000 0.0000 46.9367 2.6480 -6.0944 -37.0979 7.0449 10.9881 0.0000 0.0000 0.0000 0.0000 0.0000 0.0000 10.0000 0.0000 0.0000 10.0000 0.0000 0.0000 0.0000 0.0000 0.0000 20.0000 0.0000 0.0000 10.0000 0.0000 0.0000 0.0000 0.0000 0.0000 20.0000 0.0000 0.0000 10.0000 0.0000 0.0000 0.0000 0.0000 0.0000 20.0000 0.0000 0.0000 10.0000 0.0000 0.0000 0.0000 0.0000 0.0000 20.0000 0.0000 0.0000 10.0000 0.0000 0.0000 0.0000 0.0000 0.0000 0.0000 0.0000 0.0000 0.0000 0.0000 0.0000 0.0000 0.0000 0.0000 0.0000 0.0000 0.0000 0.0000 0.0000 0.0000
0.0000 95.0000 0.0000 0.0000 0.0000 0.0000 0.0000 0.0000 0.0000 0.0000 0.0000 0.0000 0.0000 0.0000 0.0000 0.0000 0.0000 0.0000 0.0000 0.0000 0.0000 0.0000 0.0000 0.0000 -28.0770 -3.1567 -12.5773 -11.7991 -0.4372 -6.2740 0.0000 0.0000 0.0000 0.0000 0.0000 0.0000 10.0000 0.0000 0.0000 10.0000 0.0000 0.0000 0.0000 0.0000 0.0000 20.0000 0.0000 0.0000 10.0000 0.0000 0.0000 0.0000 0.0000 0.0000 20.0000 0.0000 0.0000 10.0000 0.0000 0.0000 0.0000 0.0000 0.0000 20.0000 0.0000 0.0000 10.0000 0.0000 0.0000 0.0000 0.0000 0.0000 20.0000 0.0000 0.0000 10.0000 0.0000 0.0000 0.0000 0.0000 0.0000 43.6207 2.5418 -6.3463 -34.7470 6.7616 11.5356 0.0000 0.0000 0.0000 0.0000 0.0000 0.0000 10.0000 0.0000 0.0000 10.0000 0.0000 0.0000 0.0000 0.0000 0.0000 20.0000 0.0000 0.0000 10.0000 0.0000 0.0000 0.0000 0.0000 0.0000 20.0000 0.0000 0.0000 10.0000 0.0000 0.0000 0.0000 0.0000 0.0000 20.0000 0.0000 0.0000 10.0000 0.0000 0.0000 0.0000 0.0000 0.0000 20.0000 0.0000 0.0000 10.0000 0.0000 0.0000 0.0000 0.0000 0.0000 0.0000 0.0000 0.0000 0.0000 0.0000 0.0000 0.0000 0.0000 0.0000 0.0000 0.0000 0.0000 0.0000 0.0000 0.0000
0.0000 95.0000 0.0000 0.0000 0.0000 0.0000 0.0000 0.0000 0.0000 0.0000 0.0000 0.0000 0.0000 0.0000 0.0000 0.0000 0.0000 0.0000 0.0000 0.0000 0.0000 0.0000 0.0000 0.0000 -23.9873 -2.8596 -13.4020 -7.0043 -0.8138 -0.2424 0.0000 0.0000 0.0000 0.0000 0.0000 0.0000 10.0000 0.0000 0.0000 10.0000 0.0000 0.0000 0.0000 0.0000 0.0000 20.0000 0.0000 0.0000 10.0000 0.0000 0.0000 0.0000 0.0000 0.0000 20.0000 0.0000 0.0000 10.0000 0.0000 0.0000 0.0000 0.0000 0.0000 20.0000 0.0000 0.0000 10.0000 0.0000 0.0000 0.0000 0.0000 0.0000 20.0000 0.0000 0.0000 10.0000 0.0000 0.0000 0.0000 0.0000 0.0000 41.1308 2.4423 -6.5036 -34.0010 6.5256 11.8237 0.0000 0.0000 0.0000 0.0000 0.0000 0.0000 10.0000 0.0000 0.0000 10.0000 0.0000 0.0000 0.0000 0.0000 0.0000 20.0000 0.0000 0.0000 10.0000 0.0000 0.0000 0.0000 0.0000 0.0000 20.0000 0.0000 0.0000 10.0000 0.0000 0.0000 0.0000 0.0000 0.0000 20.0000 0.0000 0.0000 10.0000 0.0000 0.0000 0.0000 0.0000 0.0000 20.0000 0.0000 0.0000 10.0000 0.0000 0.0000 0.0000 0.0000 0.0000 0.0000 0.0000 0.0000 0.0000 0.0000 0.0000 0.0000 0.0000 0.0000 0.0000 0.0000 0.0000 0.0000 0.0000 0.0000
0.0000 95.0000 0.0000 0.0000 0.0000 0.0000 0.0000 0.0000 0.0000 0.0000 0.0000 0.0000 0.0000 0.0000 0.0000 0.0000 0.0000 0.0000 0.0000 0.0000 0.0000 0.0000 0.0000 0.0000 -16.2904 -6.1906 -41.3948 8.4393 7.5628 -15.8931 0.0000 0.0000 0.0000 0.0000 0.0000 0.0000 10.0000 0.0000 0.0000 10.0000 0.0000 0.0000 0.0000 0.0000 0.0000 20.0000 0.0000 0.0000 10.0000 0.0000 0.0000 0.0000 0.0000 0.0000 20.0000 0.0000 0.0000 10.0000 0.0000 0.0000 0.0000 0.0000 0.0000 20.0000 0.0000 0.0000 10.0000 0.0000 0.0000 0.0000 0.0000 0.0000 20.0000 0.0000 0.0000 10.0000 0.0000 0.0000 0.0000 0.0000 0.0000 40.7579 -6.7468 18.0327 -32.2916 25.8568 24.0138 0.0000 0.0000 0.0000 0.0000 0.0000 0.0000 10.0000 0.0000 0.0000 10.0000 0.0000 0.0000 0.0000 0.0000 0.0000 20.0000 0.0000 0.0000 10.0000 0.0000 0.0000 0.0000 0.0000 0.0000 20.0000 0.0000 0.0000 10.0000 0.0000 0.0000 0.0000 0.0000 0.0000 20.0000 0.0000 0.0000 10.0000 0.0000 0.0000 0.0000 0.0000 0.0000 20.0000 0.0000 0.0000 10.0000 0.0000 0.0000 0.0000 0.0000 0.0000 0.0000 0.0000 0.0000 0.0000 0.0000 0.0000 0.0000 0.0000 0.0000 0.0000 0.0000 0.0000 0.0000 0.0000 0.0000
0.0000 95.0000 0.0000 0.0000 0.0000 0.0000 0.0000 0.0000 0.0000 0.0000 0.0000 0.0000 0.0000 0.0000 0.0000 0.0000 0.0000 0.0000 0.0000 0.0000 0.0000 0.0000 0.0000 0.0000 -10.7213 -5.8851 -57.4278 15.6720 13.3676 -13.6765 0.0000 0.0000 0.0000 0.0000 0.0000 0.0000 10.0000 0.0000 0.0000 10.0000 0.0000 0.0000 0.0000 0.0000 0.0000 20.0000 0.0000 0.0000 10.0000 0.0000 0.0000 0.0000 0.0000 0.0000 20.0000 0.0000 0.0000 10.0000 0.0000 0.0000 0.0000 0.0000 0.0000 20.0000 0.0000 0.0000 10.0000 0.0000 0.0000 0.0000 0.0000 0.0000 20.0000 0.0000 0.0000 10.0000 0.0000 0.0000 0.0000 0.0000 0.0000 31.5413 -13.5327 45.5757 -27.9560 23.6194 12.8842 0.0000 0.0000 0.0000 0.0000 0.0000 0.0000 10.0000 0.0000 0.0000 10.0000 0.0000 0.0000 0.0000 0.0000 0.0000 20.0000 0.0000 0.0000 10.0000 0.0000 0.0000 0.0000 0.0000 0.0000 20.0000 0.0000 0.0000 10.0000 0.0000 0.0000 0.0000 0.0000 0.0000 20.0000 0.0000 0.0000 10.0000 0.0000 0.0000 0.0000 0.0000 0.0000 20.0000 0.0000 0.0000 10.0000 0.0000 0.0000 0.0000 0.0000 0.0000 0.0000 0.0000 0.0000 0.0000 0.0000 0.0000 0.0000 0.0000 0.0000 0.0000 0.0000 0.0000 0.0000 0.0000 0.0000
0.0000 95.0000 0.0000 0.0000 0.0000 0.0000 0.0000 0.0000 0.0000 0.0000 0.0000 0.0000 0.0000 0.0000 0.0000 0.0000 0.0000 0.0000 0.0000 0.0000 0.0000 0.0000 0.0000 0.0000 -8.0936 -5.2152 -65.5419 18.6147 16.0344 -10.3784 0.0000 0.0000 0.0000 0.0000 0.0000 0.0000 10.0000 0.0000 0.0000 10.0000 0.0000 0.0000 0.0000 0.0000 0.0000 20.0000 0.0000 0.0000 10.0000 0.0000 0.0000 0.0000 0.0000 0.0000 20.0000 0.0000 0.0000 10.0000 0.0000 0.0000 0.0000 0.0000 0.0000 20.0000 0.0000 0.0000 10.0000 0.0000 0.0000 0.0000 0.0000 0.0000 20.0000 0.0000 0.0000 10.0000 0.0000 0.0000 0.0000 0.0000 0.0000 27.6329 -14.5423 54.8419 -26.8900 22.3288 8.3521 0.0000 0.0000 0.0000 0.0000 0.0000 0.0000 10.0000 0.0000 0.0000 10.0000 0.0000 0.0000 0.0000 0.0000 0.0000 20.0000 0.0000 0.0000 10.0000 0.0000 0.0000 0.0000 0.0000 0.0000 20.0000 0.0000 0.0000 10.0000 0.0000 0.0000 0.0000 0.0000 0.0000 20.0000 0.0000 0.0000 10.0000 0.0000 0.0000 0.0000 0.0000 0.0000 20.0000 0.0000 0.0000 10.0000 0.0000 0.0000 0.0000 0.0000 0.0000 0.0000 0.0000 0.0000 0.0000 0.0000 0.0000 0.0000 0.0000 0.0000 0.0000 0.0000 0.0000 0.0000 0.0000 0.0000
0.0000 95.0000 0.0000 0.0000 0.0000 0.0000 0.0000 0.0000 0.0000 0.0000 0.0000 0.0000 0.0000 0.0000 0.0000 0.0000 0.0000 0.0000 0.0000 0.0000 0.0000 0.0000 0.0000 0.0000 -7.1918 -5.0355 -69.9609 19.6570 17.1054 -7.9821 0.0000 0.0000 0.0000 0.0000 0.0000 0.0000 10.0000 0.0000 0.0000 10.0000 0.0000 0.0000 0.0000 0.0000 0.0000 20.0000 0.0000 0.0000 10.0000 0.0000 0.0000 0.0000 0.0000 0.0000 20.0000 0.0000 0.0000 10.0000 0.0000 0.0000 0.0000 0.0000 0.0000 20.0000 0.0000 0.0000 10.0000 0.0000 0.0000 0.0000 0.0000 0.0000 20.0000 0.0000 0.0000 10.0000 0.0000 0.0000 0.0000 0.0000 0.0000 27.0436 -15.1466 57.8734 -27.7607 22.6660 6.2518 0.0000 0.0000 0.0000 0.0000 0.0000 0.0000 10.0000 0.0000 0.0000 10.0000 0.0000 0.0000 0.0000 0.0000 0.0000 20.0000 0.0000 0.0000 10.0000 0.0000 0.0000 0.0000 0.0000 0.0000 20.0000 0.0000 0.0000 10.0000 0.0000 0.0000 0.0000 0.0000 0.0000 20.0000 0.0000 0.0000 10.0000 0.0000 0.0000 0.0000 0.0000 0.0000 20.0000 0.0000 0.0000 10.0000 0.0000 0.0000 0.0000 0.0000 0.0000 0.0000 0.0000 0.0000 0.0000 0.0000 0.0000 0.0000 0.0000 0.0000 0.0000 0.0000 0.0000 0.0000 0.0000 0.0000
0.0000 95.0000 0.0000 0.0000 0.0000 0.0000 0.0000 0.0000 0.0000 0.0000 0.0000 0.0000 0.0000 0.0000 0.0000 0.0000 0.0000 0.0000 0.0000 0.0000 0.0000 0.0000 0.0000 0.0000 -7.3073 -5.3661 -72.5486 19.7693 17.3321 -6.2741 0.0000 0.0000 0.0000 0.0000 0.0000 0.0000 10.0000 0.0000 0.0000 10.0000 0.0000 0.0000 0.0000 0.0000 0.0000 20.0000 0.0000 0.0000 10.0000 0.0000 0.0000 0.0000 0.0000 0.0000 20.0000 0.0000 0.0000 10.0000 0.0000 0.0000 0.0000 0.0000 0.0000 20.0000 0.0000 0.0000 10.0000 0.0000 0.0000 0.0000 0.0000 0.0000 20.0000 0.0000 0.0000 10.0000 0.0000 0.0000 0.0000 0.0000 0.0000 28.0253 -15.8924 58.4376 -29.6450 23.7263 4.9106 0.0000 0.0000 0.0000 0.0000 0.0000 0.0000 10.0000 0.0000 0.0000 10.0000 0.0000 0.0000 0.0000 0.0000 0.0000 20.0000 0.0000 0.0000 10.0000 0.0000 0.0000 0.0000 0.0000 0.0000 20.0000 0.0000 0.0000 10.0000 0.0000 0.0000 0.0000 0.0000 0.0000 20.0000 0.0000 0.0000 10.0000 0.0000 0.0000 0.0000 0.0000 0.0000 20.0000 0.0000 0.0000 10.0000 0.0000 0.0000 0.0000 0.0000 0.0000 0.0000 0.0000 0.0000 0.0000 0.0000 0.0000 0.0000 0.0000 0.0000 0.0000 0.0000 0.0000 0.0000 0.0000 0.0000
0.0000 95.0000 0.0000 0.0000 0.0000 0.0000 0.0000 0.0000 0.0000 0.0000 0.0000 0.0000 0.0000 0.0000 0.0000 0.0000 0.0000 0.0000 0.0000 0.0000 0.0000 0.0000 0.0000 0.0000 -8.0727 -6.1015 -74.1261 19.4963 17.1580 -4.9541 0.0000 0.0000 0.0000 0.0000 0.0000 0.0000 10.0000 0.0000 0.0000 10.0000 0.0000 0.0000 0.0000 0.0000 0.0000 20.0000 0.0000 0.0000 10.0000 0.0000 0.0000 0.0000 0.0000 0.0000 20.0000 0.0000 0.0000 10.0000 0.0000 0.0000 0.0000 0.0000 0.0000 20.0000 0.0000 0.0000 10.0000 0.0000 0.0000 0.0000 0.0000 0.0000 20.0000 0.0000 0.0000 10.0000 0.0000 0.0000 0.0000 0.0000 0.0000 29.8668 -16.7427 57.7761 -32.1352 25.1083 3.8109 0.0000 0.0000 0.0000 0.0000 0.0000 0.0000 10.0000 0.0000 0.0000 10.0000 0.0000 0.0000 0.0000 0.0000 0.0000 20.0000 0.0000 0.0000 10.0000 0.0000 0.0000 0.0000 0.0000 0.0000 20.0000 0.0000 0.0000 10.0000 0.0000 0.0000 0.0000 0.0000 0.0000 20.0000 0.0000 0.0000 10.0000 0.0000 0.0000 0.0000 0.0000 0.0000 20.0000 0.0000 0.0000 10.0000 0.0000 0.0000 0.0000 0.0000 0.0000 0.0000 0.0000 0.0000 0.0000 0.0000 0.0000 0.0000 0.0000 0.0000 0.0000 0.0000 0.0000 0.0000 0.0000 0.0000
0.0000 95.0000 0.0000 0.0000 0.0000 0.0000 0.0000 0.0000 0.0000 0.0000 0.0000 0.0000 0.0000 0.0000 0.0000 0.0000 0.0000 0.0000 0.0000 0.0000 0.0000 0.0000 0.0000 0.0000 -9.2783 -7.1369 -75.0853 19.1605 16.8494 -3.8223 0.0000 0.0000 0.0000 0.0000 0.0000 0.0000 10.0000 0.0000 0.0000 10.0000 0.0000 0.0000 0.0000 0.0000 0.0000 20.0000 0.0000 0.0000 10.0000 0.0000 0.0000 0.0000 0.0000 0.0000 20.0000 0.0000 0.0000 10.0000 0.0000 0.0000 0.0000 0.0000 0.0000 20.0000 0.0000 0.0000 10.0000 0.0000 0.0000 0.0000 0.0000 0.0000 20.0000 0.0000 0.0000 10.0000 0.0000 0.0000 0.0000 0.0000 0.0000 32.2414 -17.6141 56.3876 -35.0450 26.6310 2.7745 0.0000 0.0000 0.0000 0.0000 0.0000 0.0000 10.0000 0.0000 0.0000 10.0000 0.0000 0.0000 0.0000 0.0000 0.0000 20.0000 0.0000 0.0000 10.0000 0.0000 0.0000 0.0000 0.0000 0.0000 20.0000 0.0000 0.0000 10.0000 0.0000 0.0000 0.0000 0.0000 0.0000 20.0000 0.0000 0.0000 10.0000 0.0000 0.0000 0.0000 0.0000 0.0000 20.0000 0.0000 0.0000 10.0000 0.0000 0.0000 0.0000 0.0000 0.0000 0.0000 0.0000 0.0000 0.0000 0.0000 0.0000 0.0000 0.0000 0.0000 0.0000 0.0000 0.0000 0.0000 0.0000 0.0000
0.0000 95.0000 0.0000 0.0000 0.0000 0.0000 0.0000 0.0000 0.0000 0.0000 0.0000 0.0000 0.0000 0.0000 0.0000 0.0000 0.0000 0.0000 0.0000 0.0000 0.0000 0.0000 0.0000 0.0000 -10.8556 -8.4322 -75.6113 19.0880 16.6683 -2.7254 0.0000 0.0000 0.0000 0.0000 0.0000 0.0000 10.0000 0.0000 0.0000 10.0000 0.0000 0.0000 0.0000 0.0000 0.0000 20.0000 0.0000 0.0000 10.0000 0.0000 0.0000 0.0000 0.0000 0.0000 20.0000 0.0000 0.0000 10.0000 0.0000 0.0000 0.0000 0.0000 0.0000 20.0000 0.0000 0.0000 10.0000 0.0000 0.0000 0.0000 0.0000 0.0000 20.0000 0.0000 0.0000 10.0000 0.0000 0.0000 0.0000 0.0000 0.0000 34.9617 -18.4332 54.5178 -38.2467 28.1888 1.7486 0.0000 0.0000 0.0000 0.0000 0.0000 0.0000 10.0000 0.0000 0.0000 10.0000 0.0000 0.0000 0.0000 0.0000 0.0000 20.0000 0.0000 0.0000 10.0000 0.0000 0.0000 0.0000 0.0000 0.0000 20.0000 0.0000 0.0000 10.0000 0.0000 0.0000 0.0000 0.0000 0.0000 20.0000 0.0000 0.0000 10.0000 0.0000 0.0000 0.0000 0.0000 0.0000 20.0000 0.0000 0.0000 10.0000 0.0000 0.0000 0.0000 0.0000 0.0000 0.0000 0.0000 0.0000 0.0000 0.0000 0.0000 0.0000 0.0000 0.0000 0.0000 0.0000 0.0000 0.0000 0.0000 0.0000
0.0000 95.0000 0.0000 0.0000 0.0000 0.0000 0.0000 0.0000 0.0000 0.0000 0.0000 0.0000 0.0000 0.0000 0.0000 0.0000 0.0000 0.0000 0.0000 0.0000 0.0000 0.0000 0.0000 0.0000 -12.7576 -9.9465 -75.7934 19.1687 16.5509 -1.7019 0.0000 0.0000 0.0000 0.0000 0.0000 0.0000 10.0000 0.0000 0.0000 10.0000 0.0000 0.0000 0.0000 0.0000 0.0000 20.0000 0.0000 0.0000 10.0000 0.0000 0.0000 0.0000 0.0000 0.0000 20.0000 0.0000 0.0000 10.0000 0.0000 0.0000 0.0000 0.0000 0.0000 20.0000 0.0000 0.0000 10.0000 0.0000 0.0000 0.0000 0.0000 0.0000 20.0000 0.0000 0.0000 10.0000 0.0000 0.0000 0.0000 0.0000 0.0000 37.8930 -19.1441 52.3245 -41.4883 29.6571 0.7932 0.0000 0.0000 0.0000 0.0000 0.0000 0.0000 10.0000 0.0000 0.0000 10.0000 0.0000 0.0000 0.0000 0.0000 0.0000 20.0000 0.0000 0.0000 10.0000 0.0000 0.0000 0.0000 0.0000 0.0000 20.0000 0.0000 0.0000 10.0000 0.0000 0.0000 0.0000 0.0000 0.0000 20.0000 0.0000 0.0000 10.0000 0.0000 0.0000 0.0000 0.0000 0.0000 20.0000 0.0000 0.0000 10.0000 0.0000 0.0000 0.0000 0.0000 0.0000 0.0000 0.0000 0.0000 0.0000 0.0000 0.0000 0.0000 0.0000 0.0000 0.0000 0.0000 0.0000 0.0000 0.0000 0.0000
0.0000 95.0000 0.0000 0.0000 0.0000 0.0000 0.0000 0.0000 0.0000 0.0000 0.0000 0.0000 0.0000 0.0000 0.0000 0.0000 0.0000 0.0000 0.0000 0.0000 0.0000 0.0000 0.0000 0.0000 -13.2619 -9.9825 -73.8320 15.4672 14.0233 -4.3588 0.0000 0.0000 0.0000 0.0000 0.0000 0.0000 10.0000 0.0000 0.0000 10.0000 0.0000 0.0000 0.0000 0.0000 0.0000 20.0000 0.0000 0.0000 10.0000 0.0000 0.0000 0.0000 0.0000 0.0000 20.0000 0.0000 0.0000 10.0000 0.0000 0.0000 0.0000 0.0000 0.0000 20.0000 0.0000 0.0000 10.0000 0.0000 0.0000 0.0000 0.0000 0.0000 20.0000 0.0000 0.0000 10.0000 0.0000 0.0000 0.0000 0.0000 0.0000 40.8254 -19.8036 50.2587 -45.2331 29.8350 -1.6696 0.0000 0.0000 0.0000 0.0000 0.0000 0.0000 10.0000 0.0000 0.0000 10.0000 0.0000 0.0000 0.0000 0.0000 0.0000 20.0000 0.0000 0.0000 10.0000 0.0000 0.0000 0.0000 0.0000 0.0000 20.0000 0.0000 0.0000 10.0000 0.0000 0.0000 0.0000 0.0000 0.0000 20.0000 0.0000 0.0000 10.0000 0.0000 0.0000 0.0000 0.0000 0.0000 20.0000 0.0000 0.0000 10.0000 0.0000 0.0000 0.0000 0.0000 0.0000 0.0000 0.0000 0.0000 0.0000 0.0000 0.0000 0.0000 0.0000 0.0000 0.0000 0.0000 0.0000 0.0000 0.0000 0.0000
0.0000 95.0000 0.0000 0.0000 0.0000 0.0000 0.0000 0.0000 0.0000 0.0000 0.0000 0.0000 0.0000 0.0000 0.0000 0.0000 0.0000 0.0000 0.0000 0.0000 0.0000 0.0000 0.0000 0.0000 -13.4100 -9.3983 -69.9230 15.0539 11.8796 -2.1916 0.0000 0.0000 0.0000 0.0000 0.0000 0.0000 10.0000 0.0000 0.0000 10.0000 0.0000 0.0000 0.0000 0.0000 0.0000 20.0000 0.0000 0.0000 10.0000 0.0000 0.0000 0.0000 0.0000 0.0000 20.0000 0.0000 0.0000 10.0000 0.0000 0.0000 0.0000 0.0000 0.0000 20.0000 0.0000 0.0000 10.0000 0.0000 0.0000 0.0000 0.0000 0.0000 20.0000 0.0000 0.0000 10.0000 0.0000 0.0000 0.0000 0.0000 0.0000 41.2995 -19.6981 49.4685 -44.7024 29.1261 -1.5194 0.0000 0.0000 0.0000 0.0000 0.0000 0.0000 10.0000 0.0000 0.0000 10.0000 0.0000 0.0000 0.0000 0.0000 0.0000 20.0000 0.0000 0.0000 10.0000 0.0000 0.0000 0.0000 0.0000 0.0000 20.0000 0.0000 0.0000 10.0000 0.0000 0.0000 0.0000 0.0000 0.0000 20.0000 0.0000 0.0000 10.0000 0.0000 0.0000 0.0000 0.0000 0.0000 20.0000 0.0000 0.0000 10.0000 0.0000 0.0000 0.0000 0.0000 0.0000 0.0000 0.0000 0.0000 0.0000 0.0000 0.0000 0.0000 0.0000 0.0000 0.0000 0.0000 0.0000 0.0000 0.0000 0.0000
0.0000 95.0000 0.0000 0.0000 0.0000 0.0000 0.0000 0.0000 0.0000 0.0000 0.0000 0.0000 0.0000 0.0000 0.0000 0.0000 0.0000 0.0000 0.0000 0.0000 0.0000 0.0000 0.0000 0.0000 -18.3369 -6.3047 -37.6826 22.0272 -4.2039 31.9481 0.0000 0.0000 0.0000 0.0000 0.0000 0.0000 10.0000 0.0000 0.0000 10.0000 0.0000 0.0000 0.0000 0.0000 0.0000 20.0000 0.0000 0.0000 10.0000 0.0000 0.0000 0.0000 0.0000 0.0000 20.0000 0.0000 0.0000 10.0000 0.0000 0.0000 0.0000 0.0000 0.0000 20.0000 0.0000 0.0000 10.0000 0.0000 0.0000 0.0000 0.0000 0.0000 20.0000 0.0000 0.0000 10.0000 0.0000 0.0000 0.0000 0.0000 0.0000 46.0359 -16.8920 38.5300 -50.7300 24.7666 -3.3903 0.0000 0.0000 0.0000 0.0000 0.0000 0.0000 10.0000 0.0000 0.0000 10.0000 0.0000 0.0000 0.0000 0.0000 0.0000 20.0000 0.0000 0.0000 10.0000 0.0000 0.0000 0.0000 0.0000 0.0000 20.0000 0.0000 0.0000 10.0000 0.0000 0.0000 0.0000 0.0000 0.0000 20.0000 0.0000 0.0000 10.0000 0.0000 0.0000 0.0000 0.0000 0.0000 20.0000 0.0000 0.0000 10.0000 0.0000 0.0000 0.0000 0.0000 0.0000 0.0000 0.0000 0.0000 0.0000 0.0000 0.0000 0.0000 0.0000 0.0000 0.0000 0.0000 0.0000 0.0000 0.0000 0.0000
0.0000 95.0000 0.0000 0.0000 0.0000 0.0000 0.0000 0.0000 0.0000 0.0000 0.0000 0.0000 0.0000 0.0000 0.0000 0.0000 0.0000 0.0000 0.0000 0.0000 0.0000 0.0000 0.0000 0.0000 -16.7444 -5.8044 -38.0148 19.9706 -1.3219 24.5463 0.0000 0.0000 0.0000 0.0000 0.0000 0.0000 10.0000 0.0000 0.0000 10.0000 0.0000 0.0000 0.0000 0.0000 0.0000 20.0000 0.0000 0.0000 10.0000 0.0000 0.0000 0.0000 0.0000 0.0000 20.0000 0.0000 0.0000 10.0000 0.0000 0.0000 0.0000 0.0000 0.0000 20.0000 0.0000 0.0000 10.0000 0.0000 0.0000 0.0000 0.0000 0.0000 20.0000 0.0000 0.0000 10.0000 0.0000 0.0000 0.0000 0.0000 0.0000 44.2441 -18.6766 44.0493 -49.1107 25.4143 -5.0006 0.0000 0.0000 0.0000 0.0000 0.0000 0.0000 10.0000 0.0000 0.0000 10.0000 0.0000 0.0000 0.0000 0.0000 0.0000 20.0000 0.0000 0.0000 10.0000 0.0000 0.0000 0.0000 0.0000 0.0000 20.0000 0.0000 0.0000 10.0000 0.0000 0.0000 0.0000 0.0000 0.0000 20.0000 0.0000 0.0000 10.0000 0.0000 0.0000 0.0000 0.0000 0.0000 20.0000 0.0000 0.0000 10.0000 0.0000 0.0000 0.0000 0.0000 0.0000 0.0000 0.0000 0.0000 0.0000 0.0000 0.0000 0.0000 0.0000 0.0000 0.0000 0.0000 0.0000 0.0000 0.0000 0.0000
0.0000 95.0000 0.0000 0.0000 0.0000 0.0000 0.0000 0.0000 0.0000 0.0000 0.0000 0.0000 0.0000 0.0000 0.0000 0.0000 0.0000 0.0000 0.0000 0.0000 0.0000 0.0000 0.0000 0.0000 -15.5983 -5.4322 -38.2084 18.5455 2.6293 12.4165 0.0000 0.0000 0.0000 0.0000 0.0000 0.0000 10.0000 0.0000 0.0000 10.0000 0.0000 0.0000 0.0000 0.0000 0.0000 20.0000 0.0000 0.0000 10.0000 0.0000 0.0000 0.0000 0.0000 0.0000 20.0000 0.0000 0.0000 10.0000 0.0000 0.0000 0.0000 0.0000 0.0000 20.0000 0.0000 0.0000 10.0000 0.0000 0.0000 0.0000 0.0000 0.0000 20.0000 0.0000 0.0000 10.0000 0.0000 0.0000 0.0000 0.0000 0.0000 40.8318 -19.4810 49.5174 -44.5761 25.6156 -4.3337 0.0000 0.0000 0.0000 0.0000 0.0000 0.0000 10.0000 0.0000 0.0000 10.0000 0.0000 0.0000 0.0000 0.0000 0.0000 20.0000 0.0000 0.0000 10.0000 0.0000 0.0000 0.0000 0.0000 0.0000 20.0000 0.0000 0.0000 10.0000 0.0000 0.0000 0.0000 0.0000 0.0000 20.0000 0.0000 0.0000 10.0000 0.0000 0.0000 0.0000 0.0000 0.0000 20.0000 0.0000 0.0000 10.0000 0.0000 0.0000 0.0000 0.0000 0.0000 0.0000 0.0000 0.0000 0.0000 0.0000 0.0000 0.0000 0.0000 0.0000 0.0000 0.0000 0.0000 0.0000 0.0000 0.0000
0.0000 95.0000 0.0000 0.0000 0.0000 0.0000 0.0000 0.0000 0.0000 0.0000 0.0000 0.0000 0.0000 0.0000 0.0000 0.0000 0.0000 0.0000 0.0000 0.0000 0.0000 0.0000 0.0000 0.0000 -14.5429 -5.6349 -42.1829 17.0334 4.1479 8.6170 0.0000 0.0000 0.0000 0.0000 0.0000 0.0000 10.0000 0.0000 0.0000 10.0000 0.0000 0.0000 0.0000 0.0000 0.0000 20.0000 0.0000 0.0000 10.0000 0.0000 0.0000 0.0000 0.0000 0.0000 20.0000 0.0000 0.0000 10.0000 0.0000 0.0000 0.0000 0.0000 0.0000 20.0000 0.0000 0.0000 10.0000 0.0000 0.0000 0.0000 0.0000 0.0000 20.0000 0.0000 0.0000 10.0000 0.0000 0.0000 0.0000 0.0000 0.0000 37.8510 -19.8431 54.0563 -41.5143 24.7894 -4.8331 0.0000 0.0000 0.0000 0.0000 0.0000 0.0000 10.0000 0.0000 0.0000 10.0000 0.0000 0.0000 0.0000 0.0000 0.0000 20.0000 0.0000 0.0000 10.0000 0.0000 0.0000 0.0000 0.0000 0.0000 20.0000 0.0000 0.0000 10.0000 0.0000 0.0000 0.0000 0.0000 0.0000 20.0000 0.0000 0.0000 10.0000 0.0000 0.0000 0.0000 0.0000 0.0000 20.0000 0.0000 0.0000 10.0000 0.0000 0.0000 0.0000 0.0000 0.0000 0.0000 0.0000 0.0000 0.0000 0.0000 0.0000 0.0000 0.0000 0.0000 0.0000 0.0000 0.0000 0.0000 0.0000 0.0000
0.0000 95.0000 0.0000 0.0000 0.0000 0.0000 0.0000 0.0000 0.0000 0.0000 0.0000 0.0000 0.0000 0.0000 0.0000 0.0000 0.0000 0.0000 0.0000 0.0000 0.0000 0.0000 0.0000 0.0000 -10.3496 -1.2674 -13.9261 15.9310 0.1362 7.9192 0.0000 0.0000 0.0000 0.0000 0.0000 0.0000 10.0000 0.0000 0.0000 10.0000 0.0000 0.0000 0.0000 0.0000 0.0000 20.0000 0.0000 0.0000 10.0000 0.0000 0.0000 0.0000 0.0000 0.0000 20.0000 0.0000 0.0000 10.0000 0.0000 0.0000 0.0000 0.0000 0.0000 20.0000 0.0000 0.0000 10.0000 0.0000 0.0000 0.0000 0.0000 0.0000 20.0000 0.0000 0.0000 10.0000 0.0000 0.0000 0.0000 0.0000 0.0000 50.3195 -12.0527 25.3340 -60.4941 -2.8069 -18.9171 0.0000 0.0000 0.0000 0.0000 0.0000 0.0000 10.0000 0.0000 0.0000 10.0000 0.0000 0.0000 0.0000 0.0000 0.0000 20.0000 0.0000 0.0000 10.0000 0.0000 0.0000 0.0000 0.0000 0.0000 20.0000 0.0000 0.0000 10.0000 0.0000 0.0000 0.0000 0.0000 0.0000 20.0000 0.0000 0.0000 10.0000 0.0000 0.0000 0.0000 0.0000 0.0000 20.0000 0.0000 0.0000 10.0000 0.0000 0.0000 0.0000 0.0000 0.0000 0.0000 0.0000 0.0000 0.0000 0.0000 0.0000 0.0000 0.0000 0.0000 0.0000 0.0000 0.0000 0.0000 0.0000 0.0000
0.0000 95.0000 0.0000 0.0000 0.0000 0.0000 0.0000 0.0000 0.0000 0.0000 0.0000 0.0000 0.0000 0.0000 0.0000 0.0000 0.0000 0.0000 0.0000 0.0000 0.0000 0.0000 0.0000 0.0000 -4.1256 0.2377 6.5927 10.0154 1.3499 -15.5416 0.0000 0.0000 0.0000 0.0000 0.0000 0.0000 10.0000 0.0000 0.0000 10.0000 0.0000 0.0000 0.0000 0.0000 0.0000 20.0000 0.0000 0.0000 10.0000 0.0000 0.0000 0.0000 0.0000 0.0000 20.0000 0.0000 0.0000 10.0000 0.0000 0.0000 0.0000 0.0000 0.0000 20.0000 0.0000 0.0000 10.0000 0.0000 0.0000 0.0000 0.0000 0.0000 20.0000 0.0000 0.0000 10.0000 0.0000 0.0000 0.0000 0.0000 0.0000 46.6059 -16.5020 37.2131 -54.8844 13.2720 -13.4905 0.0000 0.0000 0.0000 0.0000 0.0000 0.0000 10.0000 0.0000 0.0000 10.0000 0.0000 0.0000 0.0000 0.0000 0.0000 20.0000 0.0000 0.0000 10.0000 0.0000 0.0000 0.0000 0.0000 0.0000 20.0000 0.0000 0.0000 10.0000 0.0000 0.0000 0.0000 0.0000 0.0000 20.0000 0.0000 0.0000 10.0000 0.0000 0.0000 0.0000 0.0000 0.0000 20.0000 0.0000 0.0000 10.0000 0.0000 0.0000 0.0000 0.0000 0.0000 0.0000 0.0000 0.0000 0.0000 0.0000 0.0000 0.0000 0.0000 0.0000 0.0000 0.0000 0.0000 0.0000 0.0000 0.0000
0.0000 95.0000 0.0000 0.0000 0.0000 0.0000 0.0000 0.0000 0.0000 0.0000 0.0000 0.0000 0.0000 0.0000 0.0000 0.0000 0.0000 0.0000 0.0000 0.0000 0.0000 0.0000 0.0000 0.0000 2.4398 -0.1595 7.4772 5.8864 0.1595 -18.0474 0.0000 0.0000 0.0000 0.0000 0.0000 0.0000 10.0000 0.0000 0.0000 10.0000 0.0000 0.0000 0.0000 0.0000 0.0000 20.0000 0.0000 0.0000 10.0000 0.0000 0.0000 0.0000 0.0000 0.0000 20.0000 0.0000 0.0000 10.0000 0.0000 0.0000 0.0000 0.0000 0.0000 20.0000 0.0000 0.0000 10.0000 0.0000 0.0000 0.0000 0.0000 0.0000 20.0000 0.0000 0.0000 10.0000 0.0000 0.0000 0.0000 0.0000 0.0000 49.5864 -5.4022 11.6633 -56.6943 -13.2576 -17.6216 0.0000 0.0000 0.0000 0.0000 0.0000 0.0000 10.0000 0.0000 0.0000 10.0000 0.0000 0.0000 0.0000 0.0000 0.0000 20.0000 0.0000 0.0000 10.0000 0.0000 0.0000 0.0000 0.0000 0.0000 20.0000 0.0000 0.0000 10.0000 0.0000 0.0000 0.0000 0.0000 0.0000 20.0000 0.0000 0.0000 10.0000 0.0000 0.0000 0.0000 0.0000 0.0000 20.0000 0.0000 0.0000 10.0000 0.0000 0.0000 0.0000 0.0000 0.0000 0.0000 0.0000 0.0000 0.0000 0.0000 0.0000 0.0000 0.0000 0.0000 0.0000 0.0000 0.0000 0.0000 0.0000 0.0000
0.0000 95.0000 0.0000 0.0000 0.0000 0.0000 0.0000 0.0000 0.0000 0.0000 0.0000 0.0000 0.0000 0.0000 0.0000 0.0000 0.0000 0.0000 0.0000 0.0000 0.0000 0.0000 0.0000 0.0000 5.2722 -0.3483 7.5550 4.0640 -0.4612 -18.2224 0.0000 0.0000 0.0000 0.0000 0.0000 0.0000 10.0000 0.0000 0.0000 10.0000 0.0000 0.0000 0.0000 0.0000 0.0000 20.0000 0.0000 0.0000 10.0000 0.0000 0.0000 0.0000 0.0000 0.0000 20.0000 0.0000 0.0000 10.0000 0.0000 0.0000 0.0000 0.0000 0.0000 20.0000 0.0000 0.0000 10.0000 0.0000 0.0000 0.0000 0.0000 0.0000 20.0000 0.0000 0.0000 10.0000 0.0000 0.0000 0.0000 0.0000 0.0000 42.6401 5.8081 -14.8114 -49.7708 10.7227 19.5686 0.0000 0.0000 0.0000 0.0000 0.0000 0.0000 10.0000 0.0000 0.0000 10.0000 0.0000 0.0000 0.0000 0.0000 0.0000 20.0000 0.0000 0.0000 10.0000 0.0000 0.0000 0.0000 0.0000 0.0000 20.0000 0.0000 0.0000 10.0000 0.0000 0.0000 0.0000 0.0000 0.0000 20.0000 0.0000 0.0000 10.0000 0.0000 0.0000 0.0000 0.0000 0.0000 20.0000 0.0000 0.0000 10.0000 0.0000 0.0000 0.0000 0.0000 0.0000 0.0000 0.0000 0.0000 0.0000 0.0000 0.0000 0.0000 0.0000 0.0000 0.0000 0.0000 0.0000 0.0000 0.0000 0.0000
0.0000 95.0000 0.0000 0.0000 0.0000 0.0000 0.0000 0.0000 0.0000 0.0000 0.0000 0.0000 0.0000 0.0000 0.0000 0.0000 0.0000 0.0000 0.0000 0.0000 0.0000 0.0000 0.0000 0.0000 2.7740 -0.1665 6.8700 5.9189 0.0647 -15.2772 0.0000 0.0000 0.0000 0.0000 0.0000 0.0000 10.0000 0.0000 0.0000 10.0000 0.0000 0.0000 0.0000 0.0000 0.0000 20.0000 0.0000 0.0000 10.0000 0.0000 0.0000 0.0000 0.0000 0.0000 20.0000 0.0000 0.0000 10.0000 0.0000 0.0000 0.0000 0.0000 0.0000 20.0000 0.0000 0.0000 10.0000 0.0000 0.0000 0.0000 0.0000 0.0000 20.0000 0.0000 0.0000 10.0000 0.0000 0.0000 0.0000 0.0000 0.0000 49.5757 -4.7084 10.1745 -56.4126 -11.2987 -15.1846 0.0000 0.0000 0.0000 0.0000 0.0000 0.0000 10.0000 0.0000 0.0000 10.0000 0.0000 0.0000 0.0000 0.0000 0.0000 20.0000 0.0000 0.0000 10.0000 0.0000 0.0000 0.0000 0.0000 0.0000 20.0000 0.0000 0.0000 10.0000 0.0000 0.0000 0.0000 0.0000 0.0000 20.0000 0.0000 0.0000 10.0000 0.0000 0.0000 0.0000 0.0000 0.0000 20.0000 0.0000 0.0000 10.0000 0.0000 0.0000 0.0000 0.0000 0.0000 0.0000 0.0000 0.0000 0.0000 0.0000 0.0000 0.0000 0.0000 0.0000 0.0000 0.0000 0.0000 0.0000 0.0000 0.0000
0.0000 95.0000 0.0000 0.0000 0.0000 0.0000 0.0000 0.0000 0.0000 0.0000 0.0000 0.0000 0.0000 0.0000 0.0000 0.0000 0.0000 0.0000 0.0000 0.0000 0.0000 0.0000 0.0000 0.0000 0.1588 -0.0091 6.5571 7.8922 0.4913 -13.9500 0.0000 0.0000 0.0000 0.0000 0.0000 0.0000 10.0000 0.0000 0.0000 10.0000 0.0000 0.0000 0.0000 0.0000 0.0000 20.0000 0.0000 0.0000 10.0000 0.0000 0.0000 0.0000 0.0000 0.0000 20.0000 0.0000 0.0000 10.0000 0.0000 0.0000 0.0000 0.0000 0.0000 20.0000 0.0000 0.0000 10.0000 0.0000 0.0000 0.0000 0.0000 0.0000 20.0000 0.0000 0.0000 10.0000 0.0000 0.0000 0.0000 0.0000 0.0000 46.9989 -13.2405 29.8912 -50.7092 22.3197 0.0777 0.0000 0.0000 0.0000 0.0000 0.0000 0.0000 10.0000 0.0000 0.0000 10.0000 0.0000 0.0000 0.0000 0.0000 0.0000 20.0000 0.0000 0.0000 10.0000 0.0000 0.0000 0.0000 0.0000 0.0000 20.0000 0.0000 0.0000 10.0000 0.0000 0.0000 0.0000 0.0000 0.0000 20.0000 0.0000 0.0000 10.0000 0.0000 0.0000 0.0000 0.0000 0.0000 20.0000 0.0000 0.0000 10.0000 0.0000 0.0000 0.0000 0.0000 0.0000 0.0000 0.0000 0.0000 0.0000 0.0000 0.0000 0.0000 0.0000 0.0000 0.0000 0.0000 0.0000 0.0000 0.0000 0.0000
0.0000 95.0000 0.0000 0.0000 0.0000 0.0000 0.0000 0.0000 0.0000 0.0000 0.0000 0.0000 0.0000 0.0000 0.0000 0.0000 0.0000 0.0000 0.0000 0.0000 0.0000 0.0000 0.0000 0.0000 2.5814 -0.1731 7.6734 5.1763 0.0166 -16.0382 0.0000 0.0000 0.0000 0.0000 0.0000 0.0000 10.0000 0.0000 0.0000 10.0000 0.0000 0.0000 0.0000 0.0000 0.0000 20.0000 0.0000 0.0000 10.0000 0.0000 0.0000 0.0000 0.0000 0.0000 20.0000 0.0000 0.0000 10.0000 0.0000 0.0000 0.0000 0.0000 0.0000 20.0000 0.0000 0.0000 10.0000 0.0000 0.0000 0.0000 0.0000 0.0000 20.0000 0.0000 0.0000 10.0000 0.0000 0.0000 0.0000 0.0000 0.0000 39.9166 -17.5615 46.0849 -40.9907 23.9700 -0.8659 0.0000 0.0000 0.0000 0.0000 0.0000 0.0000 10.0000 0.0000 0.0000 10.0000 0.0000 0.0000 0.0000 0.0000 0.0000 20.0000 0.0000 0.0000 10.0000 0.0000 0.0000 0.0000 0.0000 0.0000 20.0000 0.0000 0.0000 10.0000 0.0000 0.0000 0.0000 0.0000 0.0000 20.0000 0.0000 0.0000 10.0000 0.0000 0.0000 0.0000 0.0000 0.0000 20.0000 0.0000 0.0000 10.0000 0.0000 0.0000 0.0000 0.0000 0.0000 0.0000 0.0000 0.0000 0.0000 0.0000 0.0000 0.0000 0.0000 0.0000 0.0000 0.0000 0.0000 0.0000 0.0000 0.0000
0.0000 95.0000 0.0000 0.0000 0.0000 0.0000 0.0000 0.0000 0.0000 0.0000 0.0000 0.0000 0.0000 0.0000 0.0000 0.0000 0.0000 0.0000 0.0000 0.0000 0.0000 0.0000 0.0000 0.0000 -1.4190 0.0773 6.2330 8.0537 0.5859 -12.3660 0.0000 0.0000 0.0000 0.0000 0.0000 0.0000 10.0000 0.0000 0.0000 10.0000 0.0000 0.0000 0.0000 0.0000 0.0000 20.0000 0.0000 0.0000 10.0000 0.0000 0.0000 0.0000 0.0000 0.0000 20.0000 0.0000 0.0000 10.0000 0.0000 0.0000 0.0000 0.0000 0.0000 20.0000 0.0000 0.0000 10.0000 0.0000 0.0000 0.0000 0.0000 0.0000 20.0000 0.0000 0.0000 10.0000 0.0000 0.0000 0.0000 0.0000 0.0000 45.3789 -15.0917 35.1602 -50.5409 21.8636 -3.2104 0.0000 0.0000 0.0000 0.0000 0.0000 0.0000 10.0000 0.0000 0.0000 10.0000 0.0000 0.0000 0.0000 0.0000 0.0000 20.0000 0.0000 0.0000 10.0000 0.0000 0.0000 0.0000 0.0000 0.0000 20.0000 0.0000 0.0000 10.0000 0.0000 0.0000 0.0000 0.0000 0.0000 20.0000 0.0000 0.0000 10.0000 0.0000 0.0000 0.0000 0.0000 0.0000 20.0000 0.0000 0.0000 10.0000 0.0000 0.0000 0.0000 0.0000 0.0000 0.0000 0.0000 0.0000 0.0000 0.0000 0.0000 0.0000 0.0000 0.0000 0.0000 0.0000 0.0000 0.0000 0.0000 0.0000
0.0000 95.0000 0.0000 0.0000 0.0000 0.0000 0.0000 0.0000 0.0000 0.0000 0.0000 0.0000 0.0000 0.0000 0.0000 0.0000 0.0000 0.0000 0.0000 0.0000 0.0000 0.0000 0.0000 0.0000 -6.4570 -0.8077 -14.2446 10.7983 4.0880 -17.2097 0.0000 0.0000 0.0000 0.0000 0.0000 0.0000 10.0000 0.0000 0.0000 10.0000 0.0000 0.0000 0.0000 0.0000 0.0000 20.0000 0.0000 0.0000 10.0000 0.0000 0.0000 0.0000 0.0000 0.0000 20.0000 0.0000 0.0000 10.0000 0.0000 0.0000 0.0000 0.0000 0.0000 20.0000 0.0000 0.0000 10.0000 0.0000 0.0000 0.0000 0.0000 0.0000 20.0000 0.0000 0.0000 10.0000 0.0000 0.0000 0.0000 0.0000 0.0000 41.2924 -18.0913 45.8094 -45.8335 23.9557 -4.4255 0.0000 0.0000 0.0000 0.0000 0.0000 0.0000 10.0000 0.0000 0.0000 10.0000 0.0000 0.0000 0.0000 0.0000 0.0000 20.0000 0.0000 0.0000 10.0000 0.0000 0.0000 0.0000 0.0000 0.0000 20.0000 0.0000 0.0000 10.0000 0.0000 0.0000 0.0000 0.0000 0.0000 20.0000 0.0000 0.0000 10.0000 0.0000 0.0000 0.0000 0.0000 0.0000 20.0000 0.0000 0.0000 10.0000 0.0000 0.0000 0.0000 0.0000 0.0000 0.0000 0.0000 0.0000 0.0000 0.0000 0.0000 0.0000 0.0000 0.0000 0.0000 0.0000 0.0000 0.0000 0.0000 0.0000
0.0000 95.0000 0.0000 0.0000 0.0000 0.0000 0.0000 0.0000 0.0000 0.0000 0.0000 0.0000 0.0000 0.0000 0.0000 0.0000 0.0000 0.0000 0.0000 0.0000 0.0000 0.0000 0.0000 0.0000 -1.4023 0.0803 6.5569 9.9379 -0.1144 -4.5961 0.0000 0.0000 0.0000 0.0000 0.0000 0.0000 10.0000 0.0000 0.0000 10.0000 0.0000 0.0000 0.0000 0.0000 0.0000 20.0000 0.0000 0.0000 10.0000 0.0000 0.0000 0.0000 0.0000 0.0000 20.0000 0.0000 0.0000 10.0000 0.0000 0.0000 0.0000 0.0000 0.0000 20.0000 0.0000 0.0000 10.0000 0.0000 0.0000 0.0000 0.0000 0.0000 20.0000 0.0000 0.0000 10.0000 0.0000 0.0000 0.0000 0.0000 0.0000 46.9920 -10.9763 24.9253 -56.4327 9.9562 -8.6036 0.0000 0.0000 0.0000 0.0000 0.0000 0.0000 10.0000 0.0000 0.0000 10.0000 0.0000 0.0000 0.0000 0.0000 0.0000 20.0000 0.0000 0.0000 10.0000 0.0000 0.0000 0.0000 0.0000 0.0000 20.0000 0.0000 0.0000 10.0000 0.0000 0.0000 0.0000 0.0000 0.0000 20.0000 0.0000 0.0000 10.0000 0.0000 0.0000 0.0000 0.0000 0.0000 20.0000 0.0000 0.0000 10.0000 0.0000 0.0000 0.0000 0.0000 0.0000 0.0000 0.0000 0.0000 0.0000 0.0000 0.0000 0.0000 0.0000 0.0000 0.0000 0.0000 0.0000 0.0000 0.0000 0.0000
0.0000 95.0000 0.0000 0.0000 0.0000 0.0000 0.0000 0.0000 0.0000 0.0000 0.0000 0.0000 0.0000 0.0000 0.0000 0.0000 0.0000 0.0000 0.0000 0.0000 0.0000 0.0000 0.0000 0.0000 -0.0937 0.0121 14.7411 9.6177 0.5305 -20.8375 0.0000 0.0000 0.0000 0.0000 0.0000 0.0000 10.0000 0.0000 0.0000 10.0000 0.0000 0.0000 0.0000 0.0000 0.0000 20.0000 0.0000 0.0000 10.0000 0.0000 0.0000 0.0000 0.0000 0.0000 20.0000 0.0000 0.0000 10.0000 0.0000 0.0000 0.0000 0.0000 0.0000 20.0000 0.0000 0.0000 10.0000 0.0000 0.0000 0.0000 0.0000 0.0000 20.0000 0.0000 0.0000 10.0000 0.0000 0.0000 0.0000 0.0000 0.0000 47.2618 -4.9830 11.3588 -56.1141 2.3812 -5.5479 0.0000 0.0000 0.0000 0.0000 0.0000 0.0000 10.0000 0.0000 0.0000 10.0000 0.0000 0.0000 0.0000 0.0000 0.0000 20.0000 0.0000 0.0000 10.0000 0.0000 0.0000 0.0000 0.0000 0.0000 20.0000 0.0000 0.0000 10.0000 0.0000 0.0000 0.0000 0.0000 0.0000 20.0000 0.0000 0.0000 10.0000 0.0000 0.0000 0.0000 0.0000 0.0000 20.0000 0.0000 0.0000 10.0000 0.0000 0.0000 0.0000 0.0000 0.0000 0.0000 0.0000 0.0000 0.0000 0.0000 0.0000 0.0000 0.0000 0.0000 0.0000 0.0000 0.0000 0.0000 0.0000 0.0000
0.0000 95.0000 0.0000 0.0000 0.0000 0.0000 0.0000 0.0000 0.0000 0.0000 0.0000 0.0000 0.0000 0.0000 0.0000 0.0000 0.0000 0.0000 0.0000 0.0000 0.0000 0.0000 0.0000 0.0000 0.5546 -0.0293 6.0551 9.8958 0.5398 -13.0133 0.0000 0.0000 0.0000 0.0000 0.0000 0.0000 10.0000 0.0000 0.0000 10.0000 0.0000 0.0000 0.0000 0.0000 0.0000 20.0000 0.0000 0.0000 10.0000 0.0000 0.0000 0.0000 0.0000 0.0000 20.0000 0.0000 0.0000 10.0000 0.0000 0.0000 0.0000 0.0000 0.0000 20.0000 0.0000 0.0000 10.0000 0.0000 0.0000 0.0000 0.0000 0.0000 20.0000 0.0000 0.0000 10.0000 0.0000 0.0000 0.0000 0.0000 0.0000 41.5599 2.6469 -6.9680 -47.3234 6.8741 11.2903 0.0000 0.0000 0.0000 0.0000 0.0000 0.0000 10.0000 0.0000 0.0000 10.0000 0.0000 0.0000 0.0000 0.0000 0.0000 20.0000 0.0000 0.0000 10.0000 0.0000 0.0000 0.0000 0.0000 0.0000 20.0000 0.0000 0.0000 10.0000 0.0000 0.0000 0.0000 0.0000 0.0000 20.0000 0.0000 0.0000 10.0000 0.0000 0.0000 0.0000 0.0000 0.0000 20.0000 0.0000 0.0000 10.0000 0.0000 0.0000 0.0000 0.0000 0.0000 0.0000 0.0000 0.0000 0.0000 0.0000 0.0000 0.0000 0.0000 0.0000 0.0000 0.0000 0.0000 0.0000 0.0000 0.0000
0.0000 95.0000 0.0000 0.0000 0.0000 0.0000 0.0000 0.0000 0.0000 0.0000 0.0000 0.0000 0.0000 0.0000 0.0000 0.0000 0.0000 0.0000 0.0000 0.0000 0.0000 0.0000 0.0000 0.0000 -1.8251 -0.2582 -16.1040 11.0524 0.8666 6.1617 0.0000 0.0000 0.0000 0.0000 0.0000 0.0000 10.0000 0.0000 0.0000 10.0000 0.0000 0.0000 0.0000 0.0000 0.0000 20.0000 0.0000 0.0000 10.0000 0.0000 0.0000 0.0000 0.0000 0.0000 20.0000 0.0000 0.0000 10.0000 0.0000 0.0000 0.0000 0.0000 0.0000 20.0000 0.0000 0.0000 10.0000 0.0000 0.0000 0.0000 0.0000 0.0000 20.0000 0.0000 0.0000 10.0000 0.0000 0.0000 0.0000 0.0000 0.0000 38.4945 2.1437 -6.1343 -44.9840 6.6333 11.1767 0.0000 0.0000 0.0000 0.0000 0.0000 0.0000 10.0000 0.0000 0.0000 10.0000 0.0000 0.0000 0.0000 0.0000 0.0000 20.0000 0.0000 0.0000 10.0000 0.0000 0.0000 0.0000 0.0000 0.0000 20.0000 0.0000 0.0000 10.0000 0.0000 0.0000 0.0000 0.0000 0.0000 20.0000 0.0000 0.0000 10.0000 0.0000 0.0000 0.0000 0.0000 0.0000 20.0000 0.0000 0.0000 10.0000 0.0000 0.0000 0.0000 0.0000 0.0000 0.0000 0.0000 0.0000 0.0000 0.0000 0.0000 0.0000 0.0000 0.0000 0.0000 0.0000 0.0000 0.0000 0.0000 0.0000
0.0000 95.0000 0.0000 0.0000 0.0000 0.0000 0.0000 0.0000 0.0000 0.0000 0.0000 0.0000 0.0000 0.0000 0.0000 0.0000 0.0000 0.0000 0.0000 0.0000 0.0000 0.0000 0.0000 0.0000 1.1940 0.0055 -0.5312 2.7227 0.0867 -5.5488 0.0000 0.0000 0.0000 0.0000 0.0000 0.0000 10.0000 0.0000 0.0000 10.0000 0.0000 0.0000 0.0000 0.0000 0.0000 20.0000 0.0000 0.0000 10.0000 0.0000 0.0000 0.0000 0.0000 0.0000 20.0000 0.0000 0.0000 10.0000 0.0000 0.0000 0.0000 0.0000 0.0000 20.0000 0.0000 0.0000 10.0000 0.0000 0.0000 0.0000 0.0000 0.0000 20.0000 0.0000 0.0000 10.0000 0.0000 0.0000 0.0000 0.0000 0.0000 33.1061 2.0116 -6.7608 -36.3265 6.2070 12.8246 0.0000 0.0000 0.0000 0.0000 0.0000 0.0000 10.0000 0.0000 0.0000 10.0000 0.0000 0.0000 0.0000 0.0000 0.0000 20.0000 0.0000 0.0000 10.0000 0.0000 0.0000 0.0000 0.0000 0.0000 20.0000 0.0000 0.0000 10.0000 0.0000 0.0000 0.0000 0.0000 0.0000 20.0000 0.0000 0.0000 10.0000 0.0000 0.0000 0.0000 0.0000 0.0000 20.0000 0.0000 0.0000 10.0000 0.0000 0.0000 0.0000 0.0000 0.0000 0.0000 0.0000 0.0000 0.0000 0.0000 0.0000 0.0000 0.0000 0.0000 0.0000 0.0000 0.0000 0.0000 0.0000 0.0000
0.0000 95.0000 0.0000 0.0000 0.0000 0.0000 0.0000 0.0000 0.0000 0.0000 0.0000 0.0000 0.0000 0.0000 0.0000 0.0000 0.0000 0.0000 0.0000 0.0000 0.0000 0.0000 0.0000 0.0000 -5.0653 -0.2378 -5.3732 3.5326 -0.7868 12.6665 0.0000 0.0000 0.0000 0.0000 0.0000 0.0000 10.0000 0.0000 0.0000 10.0000 0.0000 0.0000 0.0000 0.0000 0.0000 20.0000 0.0000 0.0000 10.0000 0.0000 0.0000 0.0000 0.0000 0.0000 20.0000 0.0000 0.0000 10.0000 0.0000 0.0000 0.0000 0.0000 0.0000 20.0000 0.0000 0.0000 10.0000 0.0000 0.0000 0.0000 0.0000 0.0000 20.0000 0.0000 0.0000 10.0000 0.0000 0.0000 0.0000 0.0000 0.0000 33.1824 1.9682 -6.5992 -33.5741 5.6542 12.2009 0.0000 0.0000 0.0000 0.0000 0.0000 0.0000 10.0000 0.0000 0.0000 10.0000 0.0000 0.0000 0.0000 0.0000 0.0000 20.0000 0.0000 0.0000 10.0000 0.0000 0.0000 0.0000 0.0000 0.0000 20.0000 0.0000 0.0000 10.0000 0.0000 0.0000 0.0000 0.0000 0.0000 20.0000 0.0000 0.0000 10.0000 0.0000 0.0000 0.0000 0.0000 0.0000 20.0000 0.0000 0.0000 10.0000 0.0000 0.0000 0.0000 0.0000 0.0000 0.0000 0.0000 0.0000 0.0000 0.0000 0.0000 0.0000 0.0000 0.0000 0.0000 0.0000 0.0000 0.0000 0.0000 0.0000
0.0000 95.0000 0.0000 0.0000 0.0000 0.0000 0.0000 0.0000 0.0000 0.0000 0.0000 0.0000 0.0000 0.0000 0.0000 0.0000 0.0000 0.0000 0.0000 0.0000 0.0000 0.0000 0.0000 0.0000 -13.5641 -1.6357 -13.6895 6.4777 2.5675 -9.7599 0.0000 0.0000 0.0000 0.0000 0.0000 0.0000 10.0000 0.0000 0.0000 10.0000 0.0000 0.0000 0.0000 0.0000 0.0000 20.0000 0.0000 0.0000 10.0000 0.0000 0.0000 0.0000 0.0000 0.0000 20.0000 0.0000 0.0000 10.0000 0.0000 0.0000 0.0000 0.0000 0.0000 20.0000 0.0000 0.0000 10.0000 0.0000 0.0000 0.0000 0.0000 0.0000 20.0000 0.0000 0.0000 10.0000 0.0000 0.0000 0.0000 0.0000 0.0000 39.4256 3.3631 -9.3680 -34.7057 9.7837 17.9041 0.0000 0.0000 0.0000 0.0000 0.0000 0.0000 10.0000 0.0000 0.0000 10.0000 0.0000 0.0000 0.0000 0.0000 0.0000 20.0000 0.0000 0.0000 10.0000 0.0000 0.0000 0.0000 0.0000 0.0000 20.0000 0.0000 0.0000 10.0000 0.0000 0.0000 0.0000 0.0000 0.0000 20.0000 0.0000 0.0000 10.0000 0.0000 0.0000 0.0000 0.0000 0.0000 20.0000 0.0000 0.0000 10.0000 0.0000 0.0000 0.0000 0.0000 0.0000 0.0000 0.0000 0.0000 0.0000 0.0000 0.0000 0.0000 0.0000 0.0000 0.0000 0.0000 0.0000 0.0000 0.0000 0.0000
0.0000 95.0000 0.0000 0.0000 0.0000 0.0000 0.0000 0.0000 0.0000 0.0000 0.0000 0.0000 0.0000 0.0000 0.0000 0.0000 0.0000 0.0000 0.0000 0.0000 0.0000 0.0000 0.0000 0.0000 -11.6791 -1.8815 -18.2424 4.1232 2.3044 -11.2443 0.0000 0.0000 0.0000 0.0000 0.0000 0.0000 10.0000 0.0000 0.0000 10.0000 0.0000 0.0000 0.0000 0.0000 0.0000 20.0000 0.0000 0.0000 10.0000 0.0000 0.0000 0.0000 0.0000 0.0000 20.0000 0.0000 0.0000 10.0000 0.0000 0.0000 0.0000 0.0000 0.0000 20.0000 0.0000 0.0000 10.0000 0.0000 0.0000 0.0000 0.0000 0.0000 20.0000 0.0000 0.0000 10.0000 0.0000 0.0000 0.0000 0.0000 0.0000 42.6471 2.3835 -6.1010 -38.3484 -4.3930 -1.8178 0.0000 0.0000 0.0000 0.0000 0.0000 0.0000 10.0000 0.0000 0.0000 10.0000 0.0000 0.0000 0.0000 0.0000 0.0000 20.0000 0.0000 0.0000 10.0000 0.0000 0.0000 0.0000 0.0000 0.0000 20.0000 0.0000 0.0000 10.0000 0.0000 0.0000 0.0000 0.0000 0.0000 20.0000 0.0000 0.0000 10.0000 0.0000 0.0000 0.0000 0.0000 0.0000 20.0000 0.0000 0.0000 10.0000 0.0000 0.0000 0.0000 0.0000 0.0000 0.0000 0.0000 0.0000 0.0000 0.0000 0.0000 0.0000 0.0000 0.0000 0.0000 0.0000 0.0000 0.0000 0.0000 0.0000
0.0000 95.0000 0.0000 0.0000 0.0000 0.0000 0.0000 0.0000 0.0000 0.0000 0.0000 0.0000 0.0000 0.0000 0.0000 0.0000 0.0000 0.0000 0.0000 0.0000 0.0000 0.0000 0.0000 0.0000 -10.0451 -1.6915 -19.0699 1.0555 1.1407 -9.4681 0.0000 0.0000 0.0000 0.0000 0.0000 0.0000 10.0000 0.0000 0.0000 10.0000 0.0000 0.0000 0.0000 0.0000 0.0000 20.0000 0.0000 0.0000 10.0000 0.0000 0.0000 0.0000 0.0000 0.0000 20.0000 0.0000 0.0000 10.0000 0.0000 0.0000 0.0000 0.0000 0.0000 20.0000 0.0000 0.0000 10.0000 0.0000 0.0000 0.0000 0.0000 0.0000 20.0000 0.0000 0.0000 10.0000 0.0000 0.0000 0.0000 0.0000 0.0000 45.5311 2.7841 -6.6283 -39.2839 7.6903 12.0167 0.0000 0.0000 0.0000 0.0000 0.0000 0.0000 10.0000 0.0000 0.0000 10.0000 0.0000 0.0000 0.0000 0.0000 0.0000 20.0000 0.0000 0.0000 10.0000 0.0000 0.0000 0.0000 0.0000 0.0000 20.0000 0.0000 0.0000 10.0000 0.0000 0.0000 0.0000 0.0000 0.0000 20.0000 0.0000 0.0000 10.0000 0.0000 0.0000 0.0000 0.0000 0.0000 20.0000 0.0000 0.0000 10.0000 0.0000 0.0000 0.0000 0.0000 0.0000 0.0000 0.0000 0.0000 0.0000 0.0000 0.0000 0.0000 0.0000 0.0000 0.0000 0.0000 0.0000 0.0000 0.0000 0.0000
0.0000 95.0000 0.0000 0.0000 0.0000 0.0000 0.0000 0.0000 0.0000 0.0000 0.0000 0.0000 0.0000 0.0000 0.0000 0.0000 0.0000 0.0000 0.0000 0.0000 0.0000 0.0000 0.0000 0.0000 -7.9124 -1.1805 -16.9461 -4.1345 -0.5310 -2.5618 0.0000 0.0000 0.0000 0.0000 0.0000 0.0000 10.0000 0.0000 0.0000 10.0000 0.0000 0.0000 0.0000 0.0000 0.0000 20.0000 0.0000 0.0000 10.0000 0.0000 0.0000 0.0000 0.0000 0.0000 20.0000 0.0000 0.0000 10.0000 0.0000 0.0000 0.0000 0.0000 0.0000 20.0000 0.0000 0.0000 10.0000 0.0000 0.0000 0.0000 0.0000 0.0000 20.0000 0.0000 0.0000 10.0000 0.0000 0.0000 0.0000 0.0000 0.0000 47.2876 3.1778 -7.2508 -39.3557 9.7768 14.2804 0.0000 0.0000 0.0000 0.0000 0.0000 0.0000 10.0000 0.0000 0.0000 10.0000 0.0000 0.0000 0.0000 0.0000 0.0000 20.0000 0.0000 0.0000 10.0000 0.0000 0.0000 0.0000 0.0000 0.0000 20.0000 0.0000 0.0000 10.0000 0.0000 0.0000 0.0000 0.0000 0.0000 20.0000 0.0000 0.0000 10.0000 0.0000 0.0000 0.0000 0.0000 0.0000 20.0000 0.0000 0.0000 10.0000 0.0000 0.0000 0.0000 0.0000 0.0000 0.0000 0.0000 0.0000 0.0000 0.0000 0.0000 0.0000 0.0000 0.0000 0.0000 0.0000 0.0000 0.0000 0.0000 0.0000
0.0000 95.0000 0.0000 0.0000 0.0000 0.0000 0.0000 0.0000 0.0000 0.0000 0.0000 0.0000 0.0000 0.0000 0.0000 0.0000 0.0000 0.0000 0.0000 0.0000 0.0000 0.0000 0.0000 0.0000 -5.2374 -0.5682 -12.3761 -10.6178 -0.4435 15.0298 0.0000 0.0000 0.0000 0.0000 0.0000 0.0000 10.0000 0.0000 0.0000 10.0000 0.0000 0.0000 0.0000 0.0000 0.0000 20.0000 0.0000 0.0000 10.0000 0.0000 0.0000 0.0000 0.0000 0.0000 20.0000 0.0000 0.0000 10.0000 0.0000 0.0000 0.0000 0.0000 0.0000 20.0000 0.0000 0.0000 10.0000 0.0000 0.0000 0.0000 0.0000 0.0000 20.0000 0.0000 0.0000 10.0000 0.0000 0.0000 0.0000 0.0000 0.0000 47.5055 3.4591 -7.8505 -38.4076 11.1675 16.1763 0.0000 0.0000 0.0000 0.0000 0.0000 0.0000 10.0000 0.0000 0.0000 10.0000 0.0000 0.0000 0.0000 0.0000 0.0000 20.0000 0.0000 0.0000 10.0000 0.0000 0.0000 0.0000 0.0000 0.0000 20.0000 0.0000 0.0000 10.0000 0.0000 0.0000 0.0000 0.0000 0.0000 20.0000 0.0000 0.0000 10.0000 0.0000 0.0000 0.0000 0.0000 0.0000 20.0000 0.0000 0.0000 10.0000 0.0000 0.0000 0.0000 0.0000 0.0000 0.0000 0.0000 0.0000 0.0000 0.0000 0.0000 0.0000 0.0000 0.0000 0.0000 0.0000 0.0000 0.0000 0.0000 0.0000
0.0000 95.0000 0.0000 0.0000 0.0000 0.0000 0.0000 0.0000 0.0000 0.0000 0.0000 0.0000 0.0000 0.0000 0.0000 0.0000 0.0000 0.0000 0.0000 0.0000 0.0000 0.0000 0.0000 0.0000 -2.1519 -0.1043 -5.5514 -15.7612 -0.9419 -1.4589 0.0000 0.0000 0.0000 0.0000 0.0000 0.0000 10.0000 0.0000 0.0000 10.0000 0.0000 0.0000 0.0000 0.0000 0.0000 20.0000 0.0000 0.0000 10.0000 0.0000 0.0000 0.0000 0.0000 0.0000 20.0000 0.0000 0.0000 10.0000 0.0000 0.0000 0.0000 0.0000 0.0000 20.0000 0.0000 0.0000 10.0000 0.0000 0.0000 0.0000 0.0000 0.0000 20.0000 0.0000 0.0000 10.0000 0.0000 0.0000 0.0000 0.0000 0.0000 46.2850 3.5804 -8.3647 -36.4863 11.5798 17.4961 0.0000 0.0000 0.0000 0.0000 0.0000 0.0000 10.0000 0.0000 0.0000 10.0000 0.0000 0.0000 0.0000 0.0000 0.0000 20.0000 0.0000 0.0000 10.0000 0.0000 0.0000 0.0000 0.0000 0.0000 20.0000 0.0000 0.0000 10.0000 0.0000 0.0000 0.0000 0.0000 0.0000 20.0000 0.0000 0.0000 10.0000 0.0000 0.0000 0.0000 0.0000 0.0000 20.0000 0.0000 0.0000 10.0000 0.0000 0.0000 0.0000 0.0000 0.0000 0.0000 0.0000 0.0000 0.0000 0.0000 0.0000 0.0000 0.0000 0.0000 0.0000 0.0000 0.0000 0.0000 0.0000 0.0000
0.0000 95.0000 0.0000 0.0000 0.0000 0.0000 0.0000 0.0000 0.0000 0.0000 0.0000 0.0000 0.0000 0.0000 0.0000 0.0000 0.0000 0.0000 0.0000 0.0000 0.0000 0.0000 0.0000 0.0000 1.1243 -0.0345 3.5122 -20.2584 -1.9142 -13.4445 0.0000 0.0000 0.0000 0.0000 0.0000 0.0000 10.0000 0.0000 0.0000 10.0000 0.0000 0.0000 0.0000 0.0000 0.0000 20.0000 0.0000 0.0000 10.0000 0.0000 0.0000 0.0000 0.0000 0.0000 20.0000 0.0000 0.0000 10.0000 0.0000 0.0000 0.0000 0.0000 0.0000 20.0000 0.0000 0.0000 10.0000 0.0000 0.0000 0.0000 0.0000 0.0000 20.0000 0.0000 0.0000 10.0000 0.0000 0.0000 0.0000 0.0000 0.0000 43.9338 3.5489 -8.7841 -33.6918 11.2679 18.4308 0.0000 0.0000 0.0000 0.0000 0.0000 0.0000 10.0000 0.0000 0.0000 10.0000 0.0000 0.0000 0.0000 0.0000 0.0000 20.0000 0.0000 0.0000 10.0000 0.0000 0.0000 0.0000 0.0000 0.0000 20.0000 0.0000 0.0000 10.0000 0.0000 0.0000 0.0000 0.0000 0.0000 20.0000 0.0000 0.0000 10.0000 0.0000 0.0000 0.0000 0.0000 0.0000 20.0000 0.0000 0.0000 10.0000 0.0000 0.0000 0.0000 0.0000 0.0000 0.0000 0.0000 0.0000 0.0000 0.0000 0.0000 0.0000 0.0000 0.0000 0.0000 0.0000 0.0000 0.0000 0.0000 0.0000
0.0000 95.0000 0.0000 0.0000 0.0000 0.0000 0.0000 0.0000 0.0000 0.0000 0.0000 0.0000 0.0000 0.0000 0.0000 0.0000 0.0000 0.0000 0.0000 0.0000 0.0000 0.0000 0.0000 0.0000 4.2456 -0.5108 13.7143 -23.8122 -3.7945 -26.8065 0.0000 0.0000 0.0000 0.0000 0.0000 0.0000 10.0000 0.0000 0.0000 10.0000 0.0000 0.0000 0.0000 0.0000 0.0000 20.0000 0.0000 0.0000 10.0000 0.0000 0.0000 0.0000 0.0000 0.0000 20.0000 0.0000 0.0000 10.0000 0.0000 0.0000 0.0000 0.0000 0.0000 20.0000 0.0000 0.0000 10.0000 0.0000 0.0000 0.0000 0.0000 0.0000 20.0000 0.0000 0.0000 10.0000 0.0000 0.0000 0.0000 0.0000 0.0000 40.7848 3.3931 -9.1109 -30.2121 10.5122 19.1339 0.0000 0.0000 0.0000 0.0000 0.0000 0.0000 10.0000 0.0000 0.0000 10.0000 0.0000 0.0000 0.0000 0.0000 0.0000 20.0000 0.0000 0.0000 10.0000 0.0000 0.0000 0.0000 0.0000 0.0000 20.0000 0.0000 0.0000 10.0000 0.0000 0.0000 0.0000 0.0000 0.0000 20.0000 0.0000 0.0000 10.0000 0.0000 0.0000 0.0000 0.0000 0.0000 20.0000 0.0000 0.0000 10.0000 0.0000 0.0000 0.0000 0.0000 0.0000 0.0000 0.0000 0.0000 0.0000 0.0000 0.0000 0.0000 0.0000 0.0000 0.0000 0.0000 0.0000 0.0000 0.0000 0.0000
0.0000 95.0000 0.0000 0.0000 0.0000 0.0000 0.0000 0.0000 0.0000 0.0000 0.0000 0.0000 0.0000 0.0000 0.0000 0.0000 0.0000 0.0000 0.0000 0.0000 0.0000 0.0000 0.0000 0.0000 7.4488 -0.4060 6.2315 -27.1530 -5.3389 -21.9833 0.0000 0.0000 0.0000 0.0000 0.0000 0.0000 10.0000 0.0000 0.0000 10.0000 0.0000 0.0000 0.0000 0.0000 0.0000 20.0000 0.0000 0.0000 10.0000 0.0000 0.0000 0.0000 0.0000 0.0000 20.0000 0.0000 0.0000 10.0000 0.0000 0.0000 0.0000 0.0000 0.0000 20.0000 0.0000 0.0000 10.0000 0.0000 0.0000 0.0000 0.0000 0.0000 20.0000 0.0000 0.0000 10.0000 0.0000 0.0000 0.0000 0.0000 0.0000 37.1202 3.1464 -9.3524 -26.2615 9.5031 19.6783 0.0000 0.0000 0.0000 0.0000 0.0000 0.0000 10.0000 0.0000 0.0000 10.0000 0.0000 0.0000 0.0000 0.0000 0.0000 20.0000 0.0000 0.0000 10.0000 0.0000 0.0000 0.0000 0.0000 0.0000 20.0000 0.0000 0.0000 10.0000 0.0000 0.0000 0.0000 0.0000 0.0000 20.0000 0.0000 0.0000 10.0000 0.0000 0.0000 0.0000 0.0000 0.0000 20.0000 0.0000 0.0000 10.0000 0.0000 0.0000 0.0000 0.0000 0.0000 0.0000 0.0000 0.0000 0.0000 0.0000 0.0000 0.0000 0.0000 0.0000 0.0000 0.0000 0.0000 0.0000 0.0000 0.0000
0.0000 95.0000 0.0000 0.0000 0.0000 0.0000 0.0000 0.0000 0.0000 0.0000 0.0000 0.0000 0.0000 0.0000 0.0000 0.0000 0.0000 0.0000 0.0000 0.0000 0.0000 0.0000 0.0000 0.0000 10.3843 -0.6144 6.7539 -29.9374 -7.2006 -24.5791 0.0000 0.0000 0.0000 0.0000 0.0000 0.0000 10.0000 0.0000 0.0000 10.0000 0.0000 0.0000 0.0000 0.0000 0.0000 20.0000 0.0000 0.0000 10.0000 0.0000 0.0000 0.0000 0.0000 0.0000 20.0000 0.0000 0.0000 10.0000 0.0000 0.0000 0.0000 0.0000 0.0000 20.0000 0.0000 0.0000 10.0000 0.0000 0.0000 0.0000 0.0000 0.0000 20.0000 0.0000 0.0000 10.0000 0.0000 0.0000 0.0000 0.0000 0.0000 33.1581 2.8394 -9.5172 -22.0305 8.3585 20.0932 0.0000 0.0000 0.0000 0.0000 0.0000 0.0000 10.0000 0.0000 0.0000 10.0000 0.0000 0.0000 0.0000 0.0000 0.0000 20.0000 0.0000 0.0000 10.0000 0.0000 0.0000 0.0000 0.0000 0.0000 20.0000 0.0000 0.0000 10.0000 0.0000 0.0000 0.0000 0.0000 0.0000 20.0000 0.0000 0.0000 10.0000 0.0000 0.0000 0.0000 0.0000 0.0000 20.0000 0.0000 0.0000 10.0000 0.0000 0.0000 0.0000 0.0000 0.0000 0.0000 0.0000 0.0000 0.0000 0.0000 0.0000 0.0000 0.0000 0.0000 0.0000 0.0000 0.0000 0.0000 0.0000 0.0000
0.0000 95.0000 0.0000 0.0000 0.0000 0.0000 0.0000 0.0000 0.0000 0.0000 0.0000 0.0000 0.0000 0.0000 0.0000 0.0000 0.0000 0.0000 0.0000 0.0000 0.0000 0.0000 0.0000 0.0000 7.1886 -0.4617 7.3396 -24.4647 -5.9219 -26.4452 0.0000 0.0000 0.0000 0.0000 0.0000 0.0000 10.0000 0.0000 0.0000 10.0000 0.0000 0.0000 0.0000 0.0000 0.0000 20.0000 0.0000 0.0000 10.0000 0.0000 0.0000 0.0000 0.0000 0.0000 20.0000 0.0000 0.0000 10.0000 0.0000 0.0000 0.0000 0.0000 0.0000 20.0000 0.0000 0.0000 10.0000 0.0000 0.0000 0.0000 0.0000 0.0000 20.0000 0.0000 0.0000 10.0000 0.0000 0.0000 0.0000 0.0000 0.0000 32.1298 2.4658 -8.5479 -22.4041 7.3729 18.0791 0.0000 0.0000 0.0000 0.0000 0.0000 0.0000 10.0000 0.0000 0.0000 10.0000 0.0000 0.0000 0.0000 0.0000 0.0000 20.0000 0.0000 0.0000 10.0000 0.0000 0.0000 0.0000 0.0000 0.0000 20.0000 0.0000 0.0000 10.0000 0.0000 0.0000 0.0000 0.0000 0.0000 20.0000 0.0000 0.0000 10.0000 0.0000 0.0000 0.0000 0.0000 0.0000 20.0000 0.0000 0.0000 10.0000 0.0000 0.0000 0.0000 0.0000 0.0000 0.0000 0.0000 0.0000 0.0000 0.0000 0.0000 0.0000 0.0000 0.0000 0.0000 0.0000 0.0000 0.0000 0.0000 0.0000
0.0000 95.0000 0.0000 0.0000 0.0000 0.0000 0.0000 0.0000 0.0000 0.0000 0.0000 0.0000 0.0000 0.0000 0.0000 0.0000 0.0000 0.0000 0.0000 0.0000 0.0000 0.0000 0.0000 0.0000 4.7358 -0.3209 7.7483 -20.5253 -4.6584 -26.9371 0.0000 0.0000 0.0000 0.0000 0.0000 0.0000 10.0000 0.0000 0.0000 10.0000 0.0000 0.0000 0.0000 0.0000 0.0000 20.0000 0.0000 0.0000 10.0000 0.0000 0.0000 0.0000 0.0000 0.0000 20.0000 0.0000 0.0000 10.0000 0.0000 0.0000 0.0000 0.0000 0.0000 20.0000 0.0000 0.0000 10.0000 0.0000 0.0000 0.0000 0.0000 0.0000 20.0000 0.0000 0.0000 10.0000 0.0000 0.0000 0.0000 0.0000 0.0000 30.3843 2.2000 -8.0891 -22.1689 6.6722 17.1533 0.0000 0.0000 0.0000 0.0000 0.0000 0.0000 10.0000 0.0000 0.0000 10.0000 0.0000 0.0000 0.0000 0.0000 0.0000 20.0000 0.0000 0.0000 10.0000 0.0000 0.0000 0.0000 0.0000 0.0000 20.0000 0.0000 0.0000 10.0000 0.0000 0.0000 0.0000 0.0000 0.0000 20.0000 0.0000 0.0000 10.0000 0.0000 0.0000 0.0000 0.0000 0.0000 20.0000 0.0000 0.0000 10.0000 0.0000 0.0000 0.0000 0.0000 0.0000 0.0000 0.0000 0.0000 0.0000 0.0000 0.0000 0.0000 0.0000 0.0000 0.0000 0.0000 0.0000 0.0000 0.0000 0.0000
0.0000 95.0000 0.0000 0.0000 0.0000 0.0000 0.0000 0.0000 0.0000 0.0000 0.0000 0.0000 0.0000 0.0000 0.0000 0.0000 0.0000 0.0000 0.0000 0.0000 0.0000 0.0000 0.0000 0.0000 -2.4583 0.1312 6.1077 -22.9174 -1.5705 -15.5167 0.0000 0.0000 0.0000 0.0000 0.0000 0.0000 10.0000 0.0000 0.0000 10.0000 0.0000 0.0000 0.0000 0.0000 0.0000 20.0000 0.0000 0.0000 10.0000 0.0000 0.0000 0.0000 0.0000 0.0000 20.0000 0.0000 0.0000 10.0000 0.0000 0.0000 0.0000 0.0000 0.0000 20.0000 0.0000 0.0000 10.0000 0.0000 0.0000 0.0000 0.0000 0.0000 20.0000 0.0000 0.0000 10.0000 0.0000 0.0000 0.0000 0.0000 0.0000 29.2136 1.9149 -7.3385 -22.1468 5.6519 15.1140 0.0000 0.0000 0.0000 0.0000 0.0000 0.0000 10.0000 0.0000 0.0000 10.0000 0.0000 0.0000 0.0000 0.0000 0.0000 20.0000 0.0000 0.0000 10.0000 0.0000 0.0000 0.0000 0.0000 0.0000 20.0000 0.0000 0.0000 10.0000 0.0000 0.0000 0.0000 0.0000 0.0000 20.0000 0.0000 0.0000 10.0000 0.0000 0.0000 0.0000 0.0000 0.0000 20.0000 0.0000 0.0000 10.0000 0.0000 0.0000 0.0000 0.0000 0.0000 0.0000 0.0000 0.0000 0.0000 0.0000 0.0000 0.0000 0.0000 0.0000 0.0000 0.0000 0.0000 0.0000 0.0000 0.0000
0.0000 95.0000 0.0000 0.0000 0.0000 0.0000 0.0000 0.0000 0.0000 0.0000 0.0000 0.0000 0.0000 0.0000 0.0000 0.0000 0.0000 0.0000 0.0000 0.0000 0.0000 0.0000 0.0000 0.0000 -6.7295 0.0061 0.1044 -20.8748 -0.3806 -3.2204 0.0000 0.0000 0.0000 0.0000 0.0000 0.0000 10.0000 0.0000 0.0000 10.0000 0.0000 0.0000 0.0000 0.0000 0.0000 20.0000 0.0000 0.0000 10.0000 0.0000 0.0000 0.0000 0.0000 0.0000 20.0000 0.0000 0.0000 10.0000 0.0000 0.0000 0.0000 0.0000 0.0000 20.0000 0.0000 0.0000 10.0000 0.0000 0.0000 0.0000 0.0000 0.0000 20.0000 0.0000 0.0000 10.0000 0.0000 0.0000 0.0000 0.0000 0.0000 28.9916 1.7128 -6.6182 -23.1702 4.8278 12.9851 0.0000 0.0000 0.0000 0.0000 0.0000 0.0000 10.0000 0.0000 0.0000 10.0000 0.0000 0.0000 0.0000 0.0000 0.0000 20.0000 0.0000 0.0000 10.0000 0.0000 0.0000 0.0000 0.0000 0.0000 20.0000 0.0000 0.0000 10.0000 0.0000 0.0000 0.0000 0.0000 0.0000 20.0000 0.0000 0.0000 10.0000 0.0000 0.0000 0.0000 0.0000 0.0000 20.0000 0.0000 0.0000 10.0000 0.0000 0.0000 0.0000 0.0000 0.0000 0.0000 0.0000 0.0000 0.0000 0.0000 0.0000 0.0000 0.0000 0.0000 0.0000 0.0000 0.0000 0.0000 0.0000 0.0000
0.0000 95.0000 0.0000 0.0000 0.0000 0.0000 0.0000 0.0000 0.0000 0.0000 0.0000 0.0000 0.0000 0.0000 0.0000 0.0000 0.0000 0.0000 0.0000 0.0000 0.0000 0.0000 0.0000 0.0000 -9.6791 -1.2385 -14.5496 -15.5551 -3.0475 -19.6662 0.0000 0.0000 0.0000 0.0000 0.0000 0.0000 10.0000 0.0000 0.0000 10.0000 0.0000 0.0000 0.0000 0.0000 0.0000 20.0000 0.0000 0.0000 10.0000 0.0000 0.0000 0.0000 0.0000 0.0000 20.0000 0.0000 0.0000 10.0000 0.0000 0.0000 0.0000 0.0000 0.0000 20.0000 0.0000 0.0000 10.0000 0.0000 0.0000 0.0000 0.0000 0.0000 20.0000 0.0000 0.0000 10.0000 0.0000 0.0000 0.0000 0.0000 0.0000 29.4435 1.6578 -6.3036 -24.6756 4.5817 12.0304 0.0000 0.0000 0.0000 0.0000 0.0000 0.0000 10.0000 0.0000 0.0000 10.0000 0.0000 0.0000 0.0000 0.0000 0.0000 20.0000 0.0000 0.0000 10.0000 0.0000 0.0000 0.0000 0.0000 0.0000 20.0000 0.0000 0.0000 10.0000 0.0000 0.0000 0.0000 0.0000 0.0000 20.0000 0.0000 0.0000 10.0000 0.0000 0.0000 0.0000 0.0000 0.0000 20.0000 0.0000 0.0000 10.0000 0.0000 0.0000 0.0000 0.0000 0.0000 0.0000 0.0000 0.0000 0.0000 0.0000 0.0000 0.0000 0.0000 0.0000 0.0000 0.0000 0.0000 0.0000 0.0000 0.0000
0.0000 95.0000 0.0000 0.0000 0.0000 0.0000 0.0000 0.0000 0.0000 0.0000 0.0000 0.0000 0.0000 0.0000 0.0000 0.0000 0.0000 0.0000 0.0000 0.0000 0.0000 0.0000 0.0000 0.0000 -12.1550 -3.2451 -29.7966 -9.1488 -1.7785 -22.2489 0.0000 0.0000 0.0000 0.0000 0.0000 0.0000 10.0000 0.0000 0.0000 10.0000 0.0000 0.0000 0.0000 0.0000 0.0000 20.0000 0.0000 0.0000 10.0000 0.0000 0.0000 0.0000 0.0000 0.0000 20.0000 0.0000 0.0000 10.0000 0.0000 0.0000 0.0000 0.0000 0.0000 20.0000 0.0000 0.0000 10.0000 0.0000 0.0000 0.0000 0.0000 0.0000 20.0000 0.0000 0.0000 10.0000 0.0000 0.0000 0.0000 0.0000 0.0000 30.8277 1.7370 -6.2944 -26.7099 4.8569 11.9808 0.0000 0.0000 0.0000 0.0000 0.0000 0.0000 10.0000 0.0000 0.0000 10.0000 0.0000 0.0000 0.0000 0.0000 0.0000 20.0000 0.0000 0.0000 10.0000 0.0000 0.0000 0.0000 0.0000 0.0000 20.0000 0.0000 0.0000 10.0000 0.0000 0.0000 0.0000 0.0000 0.0000 20.0000 0.0000 0.0000 10.0000 0.0000 0.0000 0.0000 0.0000 0.0000 20.0000 0.0000 0.0000 10.0000 0.0000 0.0000 0.0000 0.0000 0.0000 0.0000 0.0000 0.0000 0.0000 0.0000 0.0000 0.0000 0.0000 0.0000 0.0000 0.0000 0.0000 0.0000 0.0000 0.0000
0.0000 95.0000 0.0000 0.0000 0.0000 0.0000 0.0000 0.0000 0.0000 0.0000 0.0000 0.0000 0.0000 0.0000 0.0000 0.0000 0.0000 0.0000 0.0000 0.0000 0.0000 0.0000 0.0000 0.0000 -9.9862 -0.7926 -9.0534 -16.2530 -1.9745 -12.2925 0.0000 0.0000 0.0000 0.0000 0.0000 0.0000 10.0000 0.0000 0.0000 10.0000 0.0000 0.0000 0.0000 0.0000 0.0000 20.0000 0.0000 0.0000 10.0000 0.0000 0.0000 0.0000 0.0000 0.0000 20.0000 0.0000 0.0000 10.0000 0.0000 0.0000 0.0000 0.0000 0.0000 20.0000 0.0000 0.0000 10.0000 0.0000 0.0000 0.0000 0.0000 0.0000 20.0000 0.0000 0.0000 10.0000 0.0000 0.0000 0.0000 0.0000 0.0000 30.2481 1.7134 -6.3335 -23.6428 4.7829 12.3754 0.0000 0.0000 0.0000 0.0000 0.0000 0.0000 10.0000 0.0000 0.0000 10.0000 0.0000 0.0000 0.0000 0.0000 0.0000 20.0000 0.0000 0.0000 10.0000 0.0000 0.0000 0.0000 0.0000 0.0000 20.0000 0.0000 0.0000 10.0000 0.0000 0.0000 0.0000 0.0000 0.0000 20.0000 0.0000 0.0000 10.0000 0.0000 0.0000 0.0000 0.0000 0.0000 20.0000 0.0000 0.0000 10.0000 0.0000 0.0000 0.0000 0.0000 0.0000 0.0000 0.0000 0.0000 0.0000 0.0000 0.0000 0.0000 0.0000 0.0000 0.0000 0.0000 0.0000 0.0000 0.0000 0.0000
0.0000 95.0000 0.0000 0.0000 0.0000 0.0000 0.0000 0.0000 0.0000 0.0000 0.0000 0.0000 0.0000 0.0000 0.0000 0.0000 0.0000 0.0000 0.0000 0.0000 0.0000 0.0000 0.0000 0.0000 -8.3226 0.5988 8.2167 -18.5639 -0.0599 -15.5574 0.0000 0.0000 0.0000 0.0000 0.0000 0.0000 10.0000 0.0000 0.0000 10.0000 0.0000 0.0000 0.0000 0.0000 0.0000 20.0000 0.0000 0.0000 10.0000 0.0000 0.0000 0.0000 0.0000 0.0000 20.0000 0.0000 0.0000 10.0000 0.0000 0.0000 0.0000 0.0000 0.0000 20.0000 0.0000 0.0000 10.0000 0.0000 0.0000 0.0000 0.0000 0.0000 20.0000 0.0000 0.0000 10.0000 0.0000 0.0000 0.0000 0.0000 0.0000 30.1629 1.6825 -6.2378 -21.0093 4.5830 12.2983 0.0000 0.0000 0.0000 0.0000 0.0000 0.0000 10.0000 0.0000 0.0000 10.0000 0.0000 0.0000 0.0000 0.0000 0.0000 20.0000 0.0000 0.0000 10.0000 0.0000 0.0000 0.0000 0.0000 0.0000 20.0000 0.0000 0.0000 10.0000 0.0000 0.0000 0.0000 0.0000 0.0000 20.0000 0.0000 0.0000 10.0000 0.0000 0.0000 0.0000 0.0000 0.0000 20.0000 0.0000 0.0000 10.0000 0.0000 0.0000 0.0000 0.0000 0.0000 0.0000 0.0000 0.0000 0.0000 0.0000 0.0000 0.0000 0.0000 0.0000 0.0000 0.0000 0.0000 0.0000 0.0000 0.0000
0.0000 95.0000 0.0000 0.0000 0.0000 0.0000 0.0000 0.0000 0.0000 0.0000 0.0000 0.0000 0.0000 0.0000 0.0000 0.0000 0.0000 0.0000 0.0000 0.0000 0.0000 0.0000 0.0000 0.0000 -7.4973 0.3947 6.0188 -18.8003 -0.5538 -15.5814 0.0000 0.0000 0.0000 0.0000 0.0000 0.0000 10.0000 0.0000 0.0000 10.0000 0.0000 0.0000 0.0000 0.0000 0.0000 20.0000 0.0000 0.0000 10.0000 0.0000 0.0000 0.0000 0.0000 0.0000 20.0000 0.0000 0.0000 10.0000 0.0000 0.0000 0.0000 0.0000 0.0000 20.0000 0.0000 0.0000 10.0000 0.0000 0.0000 0.0000 0.0000 0.0000 20.0000 0.0000 0.0000 10.0000 0.0000 0.0000 0.0000 0.0000 0.0000 30.2076 1.6738 -6.1962 -19.3690 4.4826 12.2807 0.0000 0.0000 0.0000 0.0000 0.0000 0.0000 10.0000 0.0000 0.0000 10.0000 0.0000 0.0000 0.0000 0.0000 0.0000 20.0000 0.0000 0.0000 10.0000 0.0000 0.0000 0.0000 0.0000 0.0000 20.0000 0.0000 0.0000 10.0000 0.0000 0.0000 0.0000 0.0000 0.0000 20.0000 0.0000 0.0000 10.0000 0.0000 0.0000 0.0000 0.0000 0.0000 20.0000 0.0000 0.0000 10.0000 0.0000 0.0000 0.0000 0.0000 0.0000 0.0000 0.0000 0.0000 0.0000 0.0000 0.0000 0.0000 0.0000 0.0000 0.0000 0.0000 0.0000 0.0000 0.0000 0.0000
0.0000 95.0000 0.0000 0.0000 0.0000 0.0000 0.0000 0.0000 0.0000 0.0000 0.0000 0.0000 0.0000 0.0000 0.0000 0.0000 0.0000 0.0000 0.0000 0.0000 0.0000 0.0000 0.0000 0.0000 -7.1971 0.3890 6.1795 -18.7605 -0.6321 -16.2384 0.0000 0.0000 0.0000 0.0000 0.0000 0.0000 10.0000 0.0000 0.0000 10.0000 0.0000 0.0000 0.0000 0.0000 0.0000 20.0000 0.0000 0.0000 10.0000 0.0000 0.0000 0.0000 0.0000 0.0000 20.0000 0.0000 0.0000 10.0000 0.0000 0.0000 0.0000 0.0000 0.0000 20.0000 0.0000 0.0000 10.0000 0.0000 0.0000 0.0000 0.0000 0.0000 20.0000 0.0000 0.0000 10.0000 0.0000 0.0000 0.0000 0.0000 0.0000 30.3416 1.6806 -6.1925 -18.5877 4.4594 12.3023 0.0000 0.0000 0.0000 0.0000 0.0000 0.0000 10.0000 0.0000 0.0000 10.0000 0.0000 0.0000 0.0000 0.0000 0.0000 20.0000 0.0000 0.0000 10.0000 0.0000 0.0000 0.0000 0.0000 0.0000 20.0000 0.0000 0.0000 10.0000 0.0000 0.0000 0.0000 0.0000 0.0000 20.0000 0.0000 0.0000 10.0000 0.0000 0.0000 0.0000 0.0000 0.0000 20.0000 0.0000 0.0000 10.0000 0.0000 0.0000 0.0000 0.0000 0.0000 0.0000 0.0000 0.0000 0.0000 0.0000 0.0000 0.0000 0.0000 0.0000 0.0000 0.0000 0.0000 0.0000 0.0000 0.0000
0.0000 95.0000 0.0000 0.0000 0.0000 0.0000 0.0000 0.0000 0.0000 0.0000 0.0000 0.0000 0.0000 0.0000 0.0000 0.0000 0.0000 0.0000 0.0000 0.0000 0.0000 0.0000 0.0000 0.0000 -7.3105 0.3963 6.1972 -18.4656 -0.5472 -15.8354 0.0000 0.0000 0.0000 0.0000 0.0000 0.0000 10.0000 0.0000 0.0000 10.0000 0.0000 0.0000 0.0000 0.0000 0.0000 20.0000 0.0000 0.0000 10.0000 0.0000 0.0000 0.0000 0.0000 0.0000 20.0000 0.0000 0.0000 10.0000 0.0000 0.0000 0.0000 0.0000 0.0000 20.0000 0.0000 0.0000 10.0000 0.0000 0.0000 0.0000 0.0000 0.0000 20.0000 0.0000 0.0000 10.0000 0.0000 0.0000 0.0000 0.0000 0.0000 30.5407 1.6979 -6.2133 -18.4831 4.4899 12.3389 0.0000 0.0000 0.0000 0.0000 0.0000 0.0000 10.0000 0.0000 0.0000 10.0000 0.0000 0.0000 0.0000 0.0000 0.0000 20.0000 0.0000 0.0000 10.0000 0.0000 0.0000 0.0000 0.0000 0.0000 20.0000 0.0000 0.0000 10.0000 0.0000 0.0000 0.0000 0.0000 0.0000 20.0000 0.0000 0.0000 10.0000 0.0000 0.0000 0.0000 0.0000 0.0000 20.0000 0.0000 0.0000 10.0000 0.0000 0.0000 0.0000 0.0000 0.0000 0.0000 0.0000 0.0000 0.0000 0.0000 0.0000 0.0000 0.0000 0.0000 0.0000 0.0000 0.0000 0.0000 0.0000 0.0000
0.0000 95.0000 0.0000 0.0000 0.0000 0.0000 0.0000 0.0000 0.0000 0.0000 0.0000 0.0000 0.0000 0.0000 0.0000 0.0000 0.0000 0.0000 0.0000 0.0000 0.0000 0.0000 0.0000 0.0000 -7.7336 0.4143 6.1244 -17.9630 -0.3856 -15.0434 0.0000 0.0000 0.0000 0.0000 0.0000 0.0000 10.0000 0.0000 0.0000 10.0000 0.0000 0.0000 0.0000 0.0000 0.0000 20.0000 0.0000 0.0000 10.0000 0.0000 0.0000 0.0000 0.0000 0.0000 20.0000 0.0000 0.0000 10.0000 0.0000 0.0000 0.0000 0.0000 0.0000 20.0000 0.0000 0.0000 10.0000 0.0000 0.0000 0.0000 0.0000 0.0000 20.0000 0.0000 0.0000 10.0000 0.0000 0.0000 0.0000 0.0000 0.0000 30.7890 1.7223 -6.2495 -18.8806 4.5556 12.3743 0.0000 0.0000 0.0000 0.0000 0.0000 0.0000 10.0000 0.0000 0.0000 10.0000 0.0000 0.0000 0.0000 0.0000 0.0000 20.0000 0.0000 0.0000 10.0000 0.0000 0.0000 0.0000 0.0000 0.0000 20.0000 0.0000 0.0000 10.0000 0.0000 0.0000 0.0000 0.0000 0.0000 20.0000 0.0000 0.0000 10.0000 0.0000 0.0000 0.0000 0.0000 0.0000 20.0000 0.0000 0.0000 10.0000 0.0000 0.0000 0.0000 0.0000 0.0000 0.0000 0.0000 0.0000 0.0000 0.0000 0.0000 0.0000 0.0000 0.0000 0.0000 0.0000 0.0000 0.0000 0.0000 0.0000
0.0000 95.0000 0.0000 0.0000 0.0000 0.0000 0.0000 0.0000 0.0000 0.0000 0.0000 0.0000 0.0000 0.0000 0.0000 0.0000 0.0000 0.0000 0.0000 0.0000 0.0000 0.0000 0.0000 0.0000 -8.3898 0.4416 6.0158 -17.2967 -0.1977 -14.2108 0.0000 0.0000 0.0000 0.0000 0.0000 0.0000 10.0000 0.0000 0.0000 10.0000 0.0000 0.0000 0.0000 0.0000 0.0000 20.0000 0.0000 0.0000 10.0000 0.0000 0.0000 0.0000 0.0000 0.0000 20.0000 0.0000 0.0000 10.0000 0.0000 0.0000 0.0000 0.0000 0.0000 20.0000 0.0000 0.0000 10.0000 0.0000 0.0000 0.0000 0.0000 0.0000 20.0000 0.0000 0.0000 10.0000 0.0000 0.0000 0.0000 0.0000 0.0000 31.0742 1.7537 -6.3021 -19.6313 4.6401 12.3967 0.0000 0.0000 0.0000 0.0000 0.0000 0.0000 10.0000 0.0000 0.0000 10.0000 0.0000 0.0000 0.0000 0.0000 0.0000 20.0000 0.0000 0.0000 10.0000 0.0000 0.0000 0.0000 0.0000 0.0000 20.0000 0.0000 0.0000 10.0000 0.0000 0.0000 0.0000 0.0000 0.0000 20.0000 0.0000 0.0000 10.0000 0.0000 0.0000 0.0000 0.0000 0.0000 20.0000 0.0000 0.0000 10.0000 0.0000 0.0000 0.0000 0.0000 0.0000 0.0000 0.0000 0.0000 0.0000 0.0000 0.0000 0.0000 0.0000 0.0000 0.0000 0.0000 0.0000 0.0000 0.0000 0.0000
0.0000 95.0000 0.0000 0.0000 0.0000 0.0000 0.0000 0.0000 0.0000 0.0000 0.0000 0.0000 0.0000 0.0000 0.0000 0.0000 0.0000 0.0000 0.0000 0.0000 0.0000 0.0000 0.0000 0.0000 -8.9568 1.1709 14.8665 -16.8572 0.6459 -22.4589 0.0000 0.0000 0.0000 0.0000 0.0000 0.0000 10.0000 0.0000 0.0000 10.0000 0.0000 0.0000 0.0000 0.0000 0.0000 20.0000 0.0000 0.0000 10.0000 0.0000 0.0000 0.0000 0.0000 0.0000 20.0000 0.0000 0.0000 10.0000 0.0000 0.0000 0.0000 0.0000 0.0000 20.0000 0.0000 0.0000 10.0000 0.0000 0.0000 0.0000 0.0000 0.0000 20.0000 0.0000 0.0000 10.0000 0.0000 0.0000 0.0000 0.0000 0.0000 31.3868 1.7924 -6.3736 -20.6141 4.7462 12.4332 0.0000 0.0000 0.0000 0.0000 0.0000 0.0000 10.0000 0.0000 0.0000 10.0000 0.0000 0.0000 0.0000 0.0000 0.0000 20.0000 0.0000 0.0000 10.0000 0.0000 0.0000 0.0000 0.0000 0.0000 20.0000 0.0000 0.0000 10.0000 0.0000 0.0000 0.0000 0.0000 0.0000 20.0000 0.0000 0.0000 10.0000 0.0000 0.0000 0.0000 0.0000 0.0000 20.0000 0.0000 0.0000 10.0000 0.0000 0.0000 0.0000 0.0000 0.0000 0.0000 0.0000 0.0000 0.0000 0.0000 0.0000 0.0000 0.0000 0.0000 0.0000 0.0000 0.0000 0.0000 0.0000 0.0000
0.0000 95.0000 0.0000 0.0000 0.0000 0.0000 0.0000 0.0000 0.0000 0.0000 0.0000 0.0000 0.0000 0.0000 0.0000 0.0000 0.0000 0.0000 0.0000 0.0000 0.0000 0.0000 0.0000 0.0000 -10.0330 0.9692 11.0073 -15.8196 0.6159 -17.9892 0.0000 0.0000 0.0000 0.0000 0.0000 0.0000 10.0000 0.0000 0.0000 10.0000 0.0000 0.0000 0.0000 0.0000 0.0000 20.0000 0.0000 0.0000 10.0000 0.0000 0.0000 0.0000 0.0000 0.0000 20.0000 0.0000 0.0000 10.0000 0.0000 0.0000 0.0000 0.0000 0.0000 20.0000 0.0000 0.0000 10.0000 0.0000 0.0000 0.0000 0.0000 0.0000 20.0000 0.0000 0.0000 10.0000 0.0000 0.0000 0.0000 0.0000 0.0000 31.7191 1.8376 -6.4621 -21.7373 4.8714 12.4907 0.0000 0.0000 0.0000 0.0000 0.0000 0.0000 10.0000 0.0000 0.0000 10.0000 0.0000 0.0000 0.0000 0.0000 0.0000 20.0000 0.0000 0.0000 10.0000 0.0000 0.0000 0.0000 0.0000 0.0000 20.0000 0.0000 0.0000 10.0000 0.0000 0.0000 0.0000 0.0000 0.0000 20.0000 0.0000 0.0000 10.0000 0.0000 0.0000 0.0000 0.0000 0.0000 20.0000 0.0000 0.0000 10.0000 0.0000 0.0000 0.0000 0.0000 0.0000 0.0000 0.0000 0.0000 0.0000 0.0000 0.0000 0.0000 0.0000 0.0000 0.0000 0.0000 0.0000 0.0000 0.0000 0.0000
0.0000 95.0000 0.0000 0.0000 0.0000 0.0000 0.0000 0.0000 0.0000 0.0000 0.0000 0.0000 0.0000 0.0000 0.0000 0.0000 0.0000 0.0000 0.0000 0.0000 0.0000 0.0000 0.0000 0.0000 -11.1925 0.6025 6.1429 -14.7048 0.4067 -12.5207 0.0000 0.0000 0.0000 0.0000 0.0000 0.0000 10.0000 0.0000 0.0000 10.0000 0.0000 0.0000 0.0000 0.0000 0.0000 20.0000 0.0000 0.0000 10.0000 0.0000 0.0000 0.0000 0.0000 0.0000 20.0000 0.0000 0.0000 10.0000 0.0000 0.0000 0.0000 0.0000 0.0000 20.0000 0.0000 0.0000 10.0000 0.0000 0.0000 0.0000 0.0000 0.0000 20.0000 0.0000 0.0000 10.0000 0.0000 0.0000 0.0000 0.0000 0.0000 32.0647 1.8883 -6.5647 -22.9343 5.0089 12.5642 0.0000 0.0000 0.0000 0.0000 0.0000 0.0000 10.0000 0.0000 0.0000 10.0000 0.0000 0.0000 0.0000 0.0000 0.0000 20.0000 0.0000 0.0000 10.0000 0.0000 0.0000 0.0000 0.0000 0.0000 20.0000 0.0000 0.0000 10.0000 0.0000 0.0000 0.0000 0.0000 0.0000 20.0000 0.0000 0.0000 10.0000 0.0000 0.0000 0.0000 0.0000 0.0000 20.0000 0.0000 0.0000 10.0000 0.0000 0.0000 0.0000 0.0000 0.0000 0.0000 0.0000 0.0000 0.0000 0.0000 0.0000 0.0000 0.0000 0.0000 0.0000 0.0000 0.0000 0.0000 0.0000 0.0000
0.0000 95.0000 0.0000 0.0000 0.0000 0.0000 0.0000 0.0000 0.0000 0.0000 0.0000 0.0000 0.0000 0.0000 0.0000 0.0000 0.0000 0.0000 0.0000 0.0000 0.0000 0.0000 0.0000 0.0000 -12.3423 0.0601 0.5563 -13.3773 0.1652 11.0340 0.0000 0.0000 0.0000 0.0000 0.0000 0.0000 10.0000 0.0000 0.0000 10.0000 0.0000 0.0000 0.0000 0.0000 0.0000 20.0000 0.0000 0.0000 10.0000 0.0000 0.0000 0.0000 0.0000 0.0000 20.0000 0.0000 0.0000 10.0000 0.0000 0.0000 0.0000 0.0000 0.0000 20.0000 0.0000 0.0000 10.0000 0.0000 0.0000 0.0000 0.0000 0.0000 20.0000 0.0000 0.0000 10.0000 0.0000 0.0000 0.0000 0.0000 0.0000 32.4149 1.9431 -6.6781 -24.1550 5.1527 12.6480 0.0000 0.0000 0.0000 0.0000 0.0000 0.0000 10.0000 0.0000 0.0000 10.0000 0.0000 0.0000 0.0000 0.0000 0.0000 20.0000 0.0000 0.0000 10.0000 0.0000 0.0000 0.0000 0.0000 0.0000 20.0000 0.0000 0.0000 10.0000 0.0000 0.0000 0.0000 0.0000 0.0000 20.0000 0.0000 0.0000 10.0000 0.0000 0.0000 0.0000 0.0000 0.0000 20.0000 0.0000 0.0000 10.0000 0.0000 0.0000 0.0000 0.0000 0.0000 0.0000 0.0000 0.0000 0.0000 0.0000 0.0000 0.0000 0.0000 0.0000 0.0000 0.0000 0.0000 0.0000 0.0000 0.0000
0.0000 95.0000 0.0000 0.0000 0.0000 0.0000 0.0000 0.0000 0.0000 0.0000 0.0000 0.0000 0.0000 0.0000 0.0000 0.0000 0.0000 0.0000 0.0000 0.0000 0.0000 0.0000 0.0000 0.0000 -13.3934 -0.6324 -5.3821 -12.6745 -0.6236 3.9860 0.0000 0.0000 0.0000 0.0000 0.0000 0.0000 10.0000 0.0000 0.0000 10.0000 0.0000 0.0000 0.0000 0.0000 0.0000 20.0000 0.0000 0.0000 10.0000 0.0000 0.0000 0.0000 0.0000 0.0000 20.0000 0.0000 0.0000 10.0000 0.0000 0.0000 0.0000 0.0000 0.0000 20.0000 0.0000 0.0000 10.0000 0.0000 0.0000 0.0000 0.0000 0.0000 20.0000 0.0000 0.0000 10.0000 0.0000 0.0000 0.0000 0.0000 0.0000 32.7665 2.0011 -6.7993 -25.3744 5.2990 12.7374 0.0000 0.0000 0.0000 0.0000 0.0000 0.0000 10.0000 0.0000 0.0000 10.0000 0.0000 0.0000 0.0000 0.0000 0.0000 20.0000 0.0000 0.0000 10.0000 0.0000 0.0000 0.0000 0.0000 0.0000 20.0000 0.0000 0.0000 10.0000 0.0000 0.0000 0.0000 0.0000 0.0000 20.0000 0.0000 0.0000 10.0000 0.0000 0.0000 0.0000 0.0000 0.0000 20.0000 0.0000 0.0000 10.0000 0.0000 0.0000 0.0000 0.0000 0.0000 0.0000 0.0000 0.0000 0.0000 0.0000 0.0000 0.0000 0.0000 0.0000 0.0000 0.0000 0.0000 0.0000 0.0000 0.0000
0.0000 95.0000 0.0000 0.0000 0.0000 0.0000 0.0000 0.0000 0.0000 0.0000 0.0000 0.0000 0.0000 0.0000 0.0000 0.0000 0.0000 0.0000 0.0000 0.0000 0.0000 0.0000 0.0000 0.0000 -14.2842 -1.4219 -11.3113 -11.2604 -1.0725 -1.8712 0.0000 0.0000 0.0000 0.0000 0.0000 0.0000 10.0000 0.0000 0.0000 10.0000 0.0000 0.0000 0.0000 0.0000 0.0000 20.0000 0.0000 0.0000 10.0000 0.0000 0.0000 0.0000 0.0000 0.0000 20.0000 0.0000 0.0000 10.0000 0.0000 0.0000 0.0000 0.0000 0.0000 20.0000 0.0000 0.0000 10.0000 0.0000 0.0000 0.0000 0.0000 0.0000 20.0000 0.0000 0.0000 10.0000 0.0000 0.0000 0.0000 0.0000 0.0000 33.1195 2.0616 -6.9257 -26.5772 5.4453 12.8289 0.0000 0.0000 0.0000 0.0000 0.0000 0.0000 10.0000 0.0000 0.0000 10.0000 0.0000 0.0000 0.0000 0.0000 0.0000 20.0000 0.0000 0.0000 10.0000 0.0000 0.0000 0.0000 0.0000 0.0000 20.0000 0.0000 0.0000 10.0000 0.0000 0.0000 0.0000 0.0000 0.0000 20.0000 0.0000 0.0000 10.0000 0.0000 0.0000 0.0000 0.0000 0.0000 20.0000 0.0000 0.0000 10.0000 0.0000 0.0000 0.0000 0.0000 0.0000 0.0000 0.0000 0.0000 0.0000 0.0000 0.0000 0.0000 0.0000 0.0000 0.0000 0.0000 0.0000 0.0000 0.0000 0.0000
0.0000 95.0000 0.0000 0.0000 0.0000 0.0000 0.0000 0.0000 0.0000 0.0000 0.0000 0.0000 0.0000 0.0000 0.0000 0.0000 0.0000 0.0000 0.0000 0.0000 0.0000 0.0000 0.0000 0.0000 -14.7318 -2.2031 -16.9203 -10.3924 -1.4188 -3.5708 0.0000 0.0000 0.0000 0.0000 0.0000 0.0000 10.0000 0.0000 0.0000 10.0000 0.0000 0.0000 0.0000 0.0000 0.0000 20.0000 0.0000 0.0000 10.0000 0.0000 0.0000 0.0000 0.0000 0.0000 20.0000 0.0000 0.0000 10.0000 0.0000 0.0000 0.0000 0.0000 0.0000 20.0000 0.0000 0.0000 10.0000 0.0000 0.0000 0.0000 0.0000 0.0000 20.0000 0.0000 0.0000 10.0000 0.0000 0.0000 0.0000 0.0000 0.0000 32.3383 2.0553 -7.0805 -26.4388 5.4577 13.1281 0.0000 0.0000 0.0000 0.0000 0.0000 0.0000 10.0000 0.0000 0.0000 10.0000 0.0000 0.0000 0.0000 0.0000 0.0000 20.0000 0.0000 0.0000 10.0000 0.0000 0.0000 0.0000 0.0000 0.0000 20.0000 0.0000 0.0000 10.0000 0.0000 0.0000 0.0000 0.0000 0.0000 20.0000 0.0000 0.0000 10.0000 0.0000 0.0000 0.0000 0.0000 0.0000 20.0000 0.0000 0.0000 10.0000 0.0000 0.0000 0.0000 0.0000 0.0000 0.0000 0.0000 0.0000 0.0000 0.0000 0.0000 0.0000 0.0000 0.0000 0.0000 0.0000 0.0000 0.0000 0.0000 0.0000
0.0000 95.0000 0.0000 0.0000 0.0000 0.0000 0.0000 0.0000 0.0000 0.0000 0.0000 0.0000 0.0000 0.0000 0.0000 0.0000 0.0000 0.0000 0.0000 0.0000 0.0000 0.0000 0.0000 0.0000 -15.1098 -2.9667 -22.0954 -9.0631 -1.5483 -4.3028 0.0000 0.0000 0.0000 0.0000 0.0000 0.0000 10.0000 0.0000 0.0000 10.0000 0.0000 0.0000 0.0000 0.0000 0.0000 20.0000 0.0000 0.0000 10.0000 0.0000 0.0000 0.0000 0.0000 0.0000 20.0000 0.0000 0.0000 10.0000 0.0000 0.0000 0.0000 0.0000 0.0000 20.0000 0.0000 0.0000 10.0000 0.0000 0.0000 0.0000 0.0000 0.0000 20.0000 0.0000 0.0000 10.0000 0.0000 0.0000 0.0000 0.0000 0.0000 32.1629 2.0645 -7.1528 -27.1298 5.5375 13.2617 0.0000 0.0000 0.0000 0.0000 0.0000 0.0000 10.0000 0.0000 0.0000 10.0000 0.0000 0.0000 0.0000 0.0000 0.0000 20.0000 0.0000 0.0000 10.0000 0.0000 0.0000 0.0000 0.0000 0.0000 20.0000 0.0000 0.0000 10.0000 0.0000 0.0000 0.0000 0.0000 0.0000 20.0000 0.0000 0.0000 10.0000 0.0000 0.0000 0.0000 0.0000 0.0000 20.0000 0.0000 0.0000 10.0000 0.0000 0.0000 0.0000 0.0000 0.0000 0.0000 0.0000 0.0000 0.0000 0.0000 0.0000 0.0000 0.0000 0.0000 0.0000 0.0000 0.0000 0.0000 0.0000 0.0000
0.0000 95.0000 0.0000 0.0000 0.0000 0.0000 0.0000 0.0000 0.0000 0.0000 0.0000 0.0000 0.0000 0.0000 0.0000 0.0000 0.0000 0.0000 0.0000 0.0000 0.0000 0.0000 0.0000 0.0000 -15.4350 -3.7291 -27.0159 -7.2511 -1.4083 -4.6261 0.0000 0.0000 0.0000 0.0000 0.0000 0.0000 10.0000 0.0000 0.0000 10.0000 0.0000 0.0000 0.0000 0.0000 0.0000 20.0000 0.0000 0.0000 10.0000 0.0000 0.0000 0.0000 0.0000 0.0000 20.0000 0.0000 0.0000 10.0000 0.0000 0.0000 0.0000 0.0000 0.0000 20.0000 0.0000 0.0000 10.0000 0.0000 0.0000 0.0000 0.0000 0.0000 20.0000 0.0000 0.0000 10.0000 0.0000 0.0000 0.0000 0.0000 0.0000 32.4568 2.0896 -7.1707 -28.5100 5.6815 13.2799 0.0000 0.0000 0.0000 0.0000 0.0000 0.0000 10.0000 0.0000 0.0000 10.0000 0.0000 0.0000 0.0000 0.0000 0.0000 20.0000 0.0000 0.0000 10.0000 0.0000 0.0000 0.0000 0.0000 0.0000 20.0000 0.0000 0.0000 10.0000 0.0000 0.0000 0.0000 0.0000 0.0000 20.0000 0.0000 0.0000 10.0000 0.0000 0.0000 0.0000 0.0000 0.0000 20.0000 0.0000 0.0000 10.0000 0.0000 0.0000 0.0000 0.0000 0.0000 0.0000 0.0000 0.0000 0.0000 0.0000 0.0000 0.0000 0.0000 0.0000 0.0000 0.0000 0.0000 0.0000 0.0000 0.0000
0.0000 95.0000 0.0000 0.0000 0.0000 0.0000 0.0000 0.0000 0.0000 0.0000 0.0000 0.0000 0.0000 0.0000 0.0000 0.0000 0.0000 0.0000 0.0000 0.0000 0.0000 0.0000 0.0000 0.0000 -15.7243 -4.5145 -31.8621 -5.3072 -1.0204 -5.1619 0.0000 0.0000 0.0000 0.0000 0.0000 0.0000 10.0000 0.0000 0.0000 10.0000 0.0000 0.0000 0.0000 0.0000 0.0000 20.0000 0.0000 0.0000 10.0000 0.0000 0.0000 0.0000 0.0000 0.0000 20.0000 0.0000 0.0000 10.0000 0.0000 0.0000 0.0000 0.0000 0.0000 20.0000 0.0000 0.0000 10.0000 0.0000 0.0000 0.0000 0.0000 0.0000 20.0000 0.0000 0.0000 10.0000 0.0000 0.0000 0.0000 0.0000 0.0000 33.1377 2.1311 -7.1544 -30.5152 5.8871 13.2140 0.0000 0.0000 0.0000 0.0000 0.0000 0.0000 10.0000 0.0000 0.0000 10.0000 0.0000 0.0000 0.0000 0.0000 0.0000 20.0000 0.0000 0.0000 10.0000 0.0000 0.0000 0.0000 0.0000 0.0000 20.0000 0.0000 0.0000 10.0000 0.0000 0.0000 0.0000 0.0000 0.0000 20.0000 0.0000 0.0000 10.0000 0.0000 0.0000 0.0000 0.0000 0.0000 20.0000 0.0000 0.0000 10.0000 0.0000 0.0000 0.0000 0.0000 0.0000 0.0000 0.0000 0.0000 0.0000 0.0000 0.0000 0.0000 0.0000 0.0000 0.0000 0.0000 0.0000 0.0000 0.0000 0.0000
0.0000 95.0000 0.0000 0.0000 0.0000 0.0000 0.0000 0.0000 0.0000 0.0000 0.0000 0.0000 0.0000 0.0000 0.0000 0.0000 0.0000 0.0000 0.0000 0.0000 0.0000 0.0000 0.0000 0.0000 -15.9617 -5.3281 -36.7206 -3.2646 -0.3362 -6.0801 0.0000 0.0000 0.0000 0.0000 0.0000 0.0000 10.0000 0.0000 0.0000 10.0000 0.0000 0.0000 0.0000 0.0000 0.0000 20.0000 0.0000 0.0000 10.0000 0.0000 0.0000 0.0000 0.0000 0.0000 20.0000 0.0000 0.0000 10.0000 0.0000 0.0000 0.0000 0.0000 0.0000 20.0000 0.0000 0.0000 10.0000 0.0000 0.0000 0.0000 0.0000 0.0000 20.0000 0.0000 0.0000 10.0000 0.0000 0.0000 0.0000 0.0000 0.0000 34.1443 2.1882 -7.1168 -33.0915 6.1594 13.0991 0.0000 0.0000 0.0000 0.0000 0.0000 0.0000 10.0000 0.0000 0.0000 10.0000 0.0000 0.0000 0.0000 0.0000 0.0000 20.0000 0.0000 0.0000 10.0000 0.0000 0.0000 0.0000 0.0000 0.0000 20.0000 0.0000 0.0000 10.0000 0.0000 0.0000 0.0000 0.0000 0.0000 20.0000 0.0000 0.0000 10.0000 0.0000 0.0000 0.0000 0.0000 0.0000 20.0000 0.0000 0.0000 10.0000 0.0000 0.0000 0.0000 0.0000 0.0000 0.0000 0.0000 0.0000 0.0000 0.0000 0.0000 0.0000 0.0000 0.0000 0.0000 0.0000 0.0000 0.0000 0.0000 0.0000
0.0000 95.0000 0.0000 0.0000 0.0000 0.0000 0.0000 0.0000 0.0000 0.0000 0.0000 0.0000 0.0000 0.0000 0.0000 0.0000 0.0000 0.0000 0.0000 0.0000 0.0000 0.0000 0.0000 0.0000 -16.1234 -6.1609 -41.6085 -1.1219 0.7042 -7.3467 0.0000 0.0000 0.0000 0.0000 0.0000 0.0000 10.0000 0.0000 0.0000 10.0000 0.0000 0.0000 0.0000 0.0000 0.0000 20.0000 0.0000 0.0000 10.0000 0.0000 0.0000 0.0000 0.0000 0.0000 20.0000 0.0000 0.0000 10.0000 0.0000 0.0000 0.0000 0.0000 0.0000 20.0000 0.0000 0.0000 10.0000 0.0000 0.0000 0.0000 0.0000 0.0000 20.0000 0.0000 0.0000 10.0000 0.0000 0.0000 0.0000 0.0000 0.0000 35.4165 2.2586 -7.0655 -36.2240 6.4988 12.9510 0.0000 0.0000 0.0000 0.0000 0.0000 0.0000 10.0000 0.0000 0.0000 10.0000 0.0000 0.0000 0.0000 0.0000 0.0000 20.0000 0.0000 0.0000 10.0000 0.0000 0.0000 0.0000 0.0000 0.0000 20.0000 0.0000 0.0000 10.0000 0.0000 0.0000 0.0000 0.0000 0.0000 20.0000 0.0000 0.0000 10.0000 0.0000 0.0000 0.0000 0.0000 0.0000 20.0000 0.0000 0.0000 10.0000 0.0000 0.0000 0.0000 0.0000 0.0000 0.0000 0.0000 0.0000 0.0000 0.0000 0.0000 0.0000 0.0000 0.0000 0.0000 0.0000 0.0000 0.0000 0.0000 0.0000
0.0000 95.0000 0.0000 0.0000 0.0000 0.0000 0.0000 0.0000 0.0000 0.0000 0.0000 0.0000 0.0000 0.0000 0.0000 0.0000 0.0000 0.0000 0.0000 0.0000 0.0000 0.0000 0.0000 0.0000 -16.1886 -6.9918 -46.4923 1.1055 2.1360 -8.7902 0.0000 0.0000 0.0000 0.0000 0.0000 0.0000 10.0000 0.0000 0.0000 10.0000 0.0000 0.0000 0.0000 0.0000 0.0000 20.0000 0.0000 0.0000 10.0000 0.0000 0.0000 0.0000 0.0000 0.0000 20.0000 0.0000 0.0000 10.0000 0.0000 0.0000 0.0000 0.0000 0.0000 20.0000 0.0000 0.0000 10.0000 0.0000 0.0000 0.0000 0.0000 0.0000 20.0000 0.0000 0.0000 10.0000 0.0000 0.0000 0.0000 0.0000 0.0000 36.9089 2.3403 -7.0053 -39.9300 6.9046 12.7723 0.0000 0.0000 0.0000 0.0000 0.0000 0.0000 10.0000 0.0000 0.0000 10.0000 0.0000 0.0000 0.0000 0.0000 0.0000 20.0000 0.0000 0.0000 10.0000 0.0000 0.0000 0.0000 0.0000 0.0000 20.0000 0.0000 0.0000 10.0000 0.0000 0.0000 0.0000 0.0000 0.0000 20.0000 0.0000 0.0000 10.0000 0.0000 0.0000 0.0000 0.0000 0.0000 20.0000 0.0000 0.0000 10.0000 0.0000 0.0000 0.0000 0.0000 0.0000 0.0000 0.0000 0.0000 0.0000 0.0000 0.0000 0.0000 0.0000 0.0000 0.0000 0.0000 0.0000 0.0000 0.0000 0.0000
0.0000 95.0000 0.0000 0.0000 0.0000 0.0000 0.0000 0.0000 0.0000 0.0000 0.0000 0.0000 0.0000 0.0000 0.0000 0.0000 0.0000 0.0000 0.0000 0.0000 0.0000 0.0000 0.0000 0.0000 -16.1454 -7.7941 -51.3090 3.4415 3.9872 -10.1881 0.0000 0.0000 0.0000 0.0000 0.0000 0.0000 10.0000 0.0000 0.0000 10.0000 0.0000 0.0000 0.0000 0.0000 0.0000 20.0000 0.0000 0.0000 10.0000 0.0000 0.0000 0.0000 0.0000 0.0000 20.0000 0.0000 0.0000 10.0000 0.0000 0.0000 0.0000 0.0000 0.0000 20.0000 0.0000 0.0000 10.0000 0.0000 0.0000 0.0000 0.0000 0.0000 20.0000 0.0000 0.0000 10.0000 0.0000 0.0000 0.0000 0.0000 0.0000 38.5826 2.4272 -6.9270 -44.2418 7.3604 12.5344 0.0000 0.0000 0.0000 0.0000 0.0000 0.0000 10.0000 0.0000 0.0000 10.0000 0.0000 0.0000 0.0000 0.0000 0.0000 20.0000 0.0000 0.0000 10.0000 0.0000 0.0000 0.0000 0.0000 0.0000 20.0000 0.0000 0.0000 10.0000 0.0000 0.0000 0.0000 0.0000 0.0000 20.0000 0.0000 0.0000 10.0000 0.0000 0.0000 0.0000 0.0000 0.0000 20.0000 0.0000 0.0000 10.0000 0.0000 0.0000 0.0000 0.0000 0.0000 0.0000 0.0000 0.0000 0.0000 0.0000 0.0000 0.0000 0.0000 0.0000 0.0000 0.0000 0.0000 0.0000 0.0000 0.0000
0.0000 95.0000 0.0000 0.0000 0.0000 0.0000 0.0000 0.0000 0.0000 0.0000 0.0000 0.0000 0.0000 0.0000 0.0000 0.0000 0.0000 0.0000 0.0000 0.0000 0.0000 0.0000 0.0000 0.0000 -15.9936 -8.5415 -55.9874 5.8265 6.2027 -11.3260 0.0000 0.0000 0.0000 0.0000 0.0000 0.0000 10.0000 0.0000 0.0000 10.0000 0.0000 0.0000 0.0000 0.0000 0.0000 20.0000 0.0000 0.0000 10.0000 0.0000 0.0000 0.0000 0.0000 0.0000 20.0000 0.0000 0.0000 10.0000 0.0000 0.0000 0.0000 0.0000 0.0000 20.0000 0.0000 0.0000 10.0000 0.0000 0.0000 0.0000 0.0000 0.0000 20.0000 0.0000 0.0000 10.0000 0.0000 0.0000 0.0000 0.0000 0.0000 40.4023 2.5171 -6.8338 -49.1985 7.8566 12.2268 0.0000 0.0000 0.0000 0.0000 0.0000 0.0000 10.0000 0.0000 0.0000 10.0000 0.0000 0.0000 0.0000 0.0000 0.0000 20.0000 0.0000 0.0000 10.0000 0.0000 0.0000 0.0000 0.0000 0.0000 20.0000 0.0000 0.0000 10.0000 0.0000 0.0000 0.0000 0.0000 0.0000 20.0000 0.0000 0.0000 10.0000 0.0000 0.0000 0.0000 0.0000 0.0000 20.0000 0.0000 0.0000 10.0000 0.0000 0.0000 0.0000 0.0000 0.0000 0.0000 0.0000 0.0000 0.0000 0.0000 0.0000 0.0000 0.0000 0.0000 0.0000 0.0000 0.0000 0.0000 0.0000 0.0000
0.0000 95.0000 0.0000 0.0000 0.0000 0.0000 0.0000 0.0000 0.0000 0.0000 0.0000 0.0000 0.0000 0.0000 0.0000 0.0000 0.0000 0.0000 0.0000 0.0000 0.0000 0.0000 0.0000 0.0000 -15.7437 -9.2130 -60.4634 8.1751 8.6654 -12.0643 0.0000 0.0000 0.0000 0.0000 0.0000 0.0000 10.0000 0.0000 0.0000 10.0000 0.0000 0.0000 0.0000 0.0000 0.0000 20.0000 0.0000 0.0000 10.0000 0.0000 0.0000 0.0000 0.0000 0.0000 20.0000 0.0000 0.0000 10.0000 0.0000 0.0000 0.0000 0.0000 0.0000 20.0000 0.0000 0.0000 10.0000 0.0000 0.0000 0.0000 0.0000 0.0000 20.0000 0.0000 0.0000 10.0000 0.0000 0.0000 0.0000 0.0000 0.0000 42.3379 2.6089 -6.7303 -54.8455 8.3870 11.8439 0.0000 0.0000 0.0000 0.0000 0.0000 0.0000 10.0000 0.0000 0.0000 10.0000 0.0000 0.0000 0.0000 0.0000 0.0000 20.0000 0.0000 0.0000 10.0000 0.0000 0.0000 0.0000 0.0000 0.0000 20.0000 0.0000 0.0000 10.0000 0.0000 0.0000 0.0000 0.0000 0.0000 20.0000 0.0000 0.0000 10.0000 0.0000 0.0000 0.0000 0.0000 0.0000 20.0000 0.0000 0.0000 10.0000 0.0000 0.0000 0.0000 0.0000 0.0000 0.0000 0.0000 0.0000 0.0000 0.0000 0.0000 0.0000 0.0000 0.0000 0.0000 0.0000 0.0000 0.0000 0.0000 0.0000
0.0000 95.0000 0.0000 0.0000 0.0000 0.0000 0.0000 0.0000 0.0000 0.0000 0.0000 0.0000 0.0000 0.0000 0.0000 0.0000 0.0000 0.0000 0.0000 0.0000 0.0000 0.0000 0.0000 0.0000 -15.4520 -9.6850 -63.9666 8.2449 8.9926 -11.4773 0.0000 0.0000 0.0000 0.0000 0.0000 0.0000 10.0000 0.0000 0.0000 10.0000 0.0000 0.0000 0.0000 0.0000 0.0000 20.0000 0.0000 0.0000 10.0000 0.0000 0.0000 0.0000 0.0000 0.0000 20.0000 0.0000 0.0000 10.0000 0.0000 0.0000 0.0000 0.0000 0.0000 20.0000 0.0000 0.0000 10.0000 0.0000 0.0000 0.0000 0.0000 0.0000 20.0000 0.0000 0.0000 10.0000 0.0000 0.0000 0.0000 0.0000 0.0000 50.6255 0.3073 -0.6496 -60.3084 26.6872 18.9953 0.0000 0.0000 0.0000 0.0000 0.0000 0.0000 10.0000 0.0000 0.0000 10.0000 0.0000 0.0000 0.0000 0.0000 0.0000 20.0000 0.0000 0.0000 10.0000 0.0000 0.0000 0.0000 0.0000 0.0000 20.0000 0.0000 0.0000 10.0000 0.0000 0.0000 0.0000 0.0000 0.0000 20.0000 0.0000 0.0000 10.0000 0.0000 0.0000 0.0000 0.0000 0.0000 20.0000 0.0000 0.0000 10.0000 0.0000 0.0000 0.0000 0.0000 0.0000 0.0000 0.0000 0.0000 0.0000 0.0000 0.0000 0.0000 0.0000 0.0000 0.0000 0.0000 0.0000 0.0000 0.0000 0.0000
0.0000 95.0000 0.0000 0.0000 0.0000 0.0000 0.0000 0.0000 0.0000 0.0000 0.0000 0.0000 0.0000 0.0000 0.0000 0.0000 0.0000 0.0000 0.0000 0.0000 0.0000 0.0000 0.0000 0.0000 -14.8388 -9.1395 -63.0811 8.8816 7.6986 -6.6896 0.0000 0.0000 0.0000 0.0000 0.0000 0.0000 10.0000 0.0000 0.0000 10.0000 0.0000 0.0000 0.0000 0.0000 0.0000 20.0000 0.0000 0.0000 10.0000 0.0000 0.0000 0.0000 0.0000 0.0000 20.0000 0.0000 0.0000 10.0000 0.0000 0.0000 0.0000 0.0000 0.0000 20.0000 0.0000 0.0000 10.0000 0.0000 0.0000 0.0000 0.0000 0.0000 20.0000 0.0000 0.0000 10.0000 0.0000 0.0000 0.0000 0.0000 0.0000 43.7437 -15.5521 37.5746 -45.4196 30.4252 5.9943 0.0000 0.0000 0.0000 0.0000 0.0000 0.0000 10.0000 0.0000 0.0000 10.0000 0.0000 0.0000 0.0000 0.0000 0.0000 20.0000 0.0000 0.0000 10.0000 0.0000 0.0000 0.0000 0.0000 0.0000 20.0000 0.0000 0.0000 10.0000 0.0000 0.0000 0.0000 0.0000 0.0000 20.0000 0.0000 0.0000 10.0000 0.0000 0.0000 0.0000 0.0000 0.0000 20.0000 0.0000 0.0000 10.0000 0.0000 0.0000 0.0000 0.0000 0.0000 0.0000 0.0000 0.0000 0.0000 0.0000 0.0000 0.0000 0.0000 0.0000 0.0000 0.0000 0.0000 0.0000 0.0000 0.0000
0.0000 95.0000 0.0000 0.0000 0.0000 0.0000 0.0000 0.0000 0.0000 0.0000 0.0000 0.0000 0.0000 0.0000 0.0000 0.0000 0.0000 0.0000 0.0000 0.0000 0.0000 0.0000 0.0000 0.0000 -15.4145 -4.5382 -32.6387 14.9615 -2.6615 25.7206 0.0000 0.0000 0.0000 0.0000 0.0000 0.0000 10.0000 0.0000 0.0000 10.0000 0.0000 0.0000 0.0000 0.0000 0.0000 20.0000 0.0000 0.0000 10.0000 0.0000 0.0000 0.0000 0.0000 0.0000 20.0000 0.0000 0.0000 10.0000 0.0000 0.0000 0.0000 0.0000 0.0000 20.0000 0.0000 0.0000 10.0000 0.0000 0.0000 0.0000 0.0000 0.0000 20.0000 0.0000 0.0000 10.0000 0.0000 0.0000 0.0000 0.0000 0.0000 47.1517 -9.3173 21.1545 -53.7030 20.7151 3.1346 0.0000 0.0000 0.0000 0.0000 0.0000 0.0000 10.0000 0.0000 0.0000 10.0000 0.0000 0.0000 0.0000 0.0000 0.0000 20.0000 0.0000 0.0000 10.0000 0.0000 0.0000 0.0000 0.0000 0.0000 20.0000 0.0000 0.0000 10.0000 0.0000 0.0000 0.0000 0.0000 0.0000 20.0000 0.0000 0.0000 10.0000 0.0000 0.0000 0.0000 0.0000 0.0000 20.0000 0.0000 0.0000 10.0000 0.0000 0.0000 0.0000 0.0000 0.0000 0.0000 0.0000 0.0000 0.0000 0.0000 0.0000 0.0000 0.0000 0.0000 0.0000 0.0000 0.0000 0.0000 0.0000 0.0000
0.0000 95.0000 0.0000 0.0000 0.0000 0.0000 0.0000 0.0000 0.0000 0.0000 0.0000 0.0000 0.0000 0.0000 0.0000 0.0000 0.0000 0.0000 0.0000 0.0000 0.0000 0.0000 0.0000 0.0000 -15.4792 -2.8047 -20.4217 16.3490 -1.1155 14.4993 0.0000 0.0000 0.0000 0.0000 0.0000 0.0000 10.0000 0.0000 0.0000 10.0000 0.0000 0.0000 0.0000 0.0000 0.0000 20.0000 0.0000 0.0000 10.0000 0.0000 0.0000 0.0000 0.0000 0.0000 20.0000 0.0000 0.0000 10.0000 0.0000 0.0000 0.0000 0.0000 0.0000 20.0000 0.0000 0.0000 10.0000 0.0000 0.0000 0.0000 0.0000 0.0000 20.0000 0.0000 0.0000 10.0000 0.0000 0.0000 0.0000 0.0000 0.0000 44.4398 -15.2334 36.2527 -47.5272 27.6068 2.8313 0.0000 0.0000 0.0000 0.0000 0.0000 0.0000 10.0000 0.0000 0.0000 10.0000 0.0000 0.0000 0.0000 0.0000 0.0000 20.0000 0.0000 0.0000 10.0000 0.0000 0.0000 0.0000 0.0000 0.0000 20.0000 0.0000 0.0000 10.0000 0.0000 0.0000 0.0000 0.0000 0.0000 20.0000 0.0000 0.0000 10.0000 0.0000 0.0000 0.0000 0.0000 0.0000 20.0000 0.0000 0.0000 10.0000 0.0000 0.0000 0.0000 0.0000 0.0000 0.0000 0.0000 0.0000 0.0000 0.0000 0.0000 0.0000 0.0000 0.0000 0.0000 0.0000 0.0000 0.0000 0.0000 0.0000
0.0000 95.0000 0.0000 0.0000 0.0000 0.0000 0.0000 0.0000 0.0000 0.0000 0.0000 0.0000 0.0000 0.0000 0.0000 0.0000 0.0000 0.0000 0.0000 0.0000 0.0000 0.0000 0.0000 0.0000 -13.8280 -3.5155 -28.4042 15.4357 -1.4889 20.6466 0.0000 0.0000 0.0000 0.0000 0.0000 0.0000 10.0000 0.0000 0.0000 10.0000 0.0000 0.0000 0.0000 0.0000 0.0000 20.0000 0.0000 0.0000 10.0000 0.0000 0.0000 0.0000 0.0000 0.0000 20.0000 0.0000 0.0000 10.0000 0.0000 0.0000 0.0000 0.0000 0.0000 20.0000 0.0000 0.0000 10.0000 0.0000 0.0000 0.0000 0.0000 0.0000 20.0000 0.0000 0.0000 10.0000 0.0000 0.0000 0.0000 0.0000 0.0000 35.6638 -18.0398 52.5304 -38.3572 24.5200 -1.0433 0.0000 0.0000 0.0000 0.0000 0.0000 0.0000 10.0000 0.0000 0.0000 10.0000 0.0000 0.0000 0.0000 0.0000 0.0000 20.0000 0.0000 0.0000 10.0000 0.0000 0.0000 0.0000 0.0000 0.0000 20.0000 0.0000 0.0000 10.0000 0.0000 0.0000 0.0000 0.0000 0.0000 20.0000 0.0000 0.0000 10.0000 0.0000 0.0000 0.0000 0.0000 0.0000 20.0000 0.0000 0.0000 10.0000 0.0000 0.0000 0.0000 0.0000 0.0000 0.0000 0.0000 0.0000 0.0000 0.0000 0.0000 0.0000 0.0000 0.0000 0.0000 0.0000 0.0000 0.0000 0.0000 0.0000
0.0000 95.0000 0.0000 0.0000 0.0000 0.0000 0.0000 0.0000 0.0000 0.0000 0.0000 0.0000 0.0000 0.0000 0.0000 0.0000 0.0000 0.0000 0.0000 0.0000 0.0000 0.0000 0.0000 0.0000 -14.7476 -4.8518 -36.2534 14.9116 2.6345 8.5459 0.0000 0.0000 0.0000 0.0000 0.0000 0.0000 10.0000 0.0000 0.0000 10.0000 0.0000 0.0000 0.0000 0.0000 0.0000 20.0000 0.0000 0.0000 10.0000 0.0000 0.0000 0.0000 0.0000 0.0000 20.0000 0.0000 0.0000 10.0000 0.0000 0.0000 0.0000 0.0000 0.0000 20.0000 0.0000 0.0000 10.0000 0.0000 0.0000 0.0000 0.0000 0.0000 20.0000 0.0000 0.0000 10.0000 0.0000 0.0000 0.0000 0.0000 0.0000 32.5269 -18.6789 58.8248 -36.2661 21.7193 -5.2813 0.0000 0.0000 0.0000 0.0000 0.0000 0.0000 10.0000 0.0000 0.0000 10.0000 0.0000 0.0000 0.0000 0.0000 0.0000 20.0000 0.0000 0.0000 10.0000 0.0000 0.0000 0.0000 0.0000 0.0000 20.0000 0.0000 0.0000 10.0000 0.0000 0.0000 0.0000 0.0000 0.0000 20.0000 0.0000 0.0000 10.0000 0.0000 0.0000 0.0000 0.0000 0.0000 20.0000 0.0000 0.0000 10.0000 0.0000 0.0000 0.0000 0.0000 0.0000 0.0000 0.0000 0.0000 0.0000 0.0000 0.0000 0.0000 0.0000 0.0000 0.0000 0.0000 0.0000 0.0000 0.0000 0.0000
0.0000 95.0000 0.0000 0.0000 0.0000 0.0000 0.0000 0.0000 0.0000 0.0000 0.0000 0.0000 0.0000 0.0000 0.0000 0.0000 0.0000 0.0000 0.0000 0.0000 0.0000 0.0000 0.0000 0.0000 -7.2029 0.3363 5.3399 14.4748 1.7891 -12.9175 0.0000 0.0000 0.0000 0.0000 0.0000 0.0000 10.0000 0.0000 0.0000 10.0000 0.0000 0.0000 0.0000 0.0000 0.0000 20.0000 0.0000 0.0000 10.0000 0.0000 0.0000 0.0000 0.0000 0.0000 20.0000 0.0000 0.0000 10.0000 0.0000 0.0000 0.0000 0.0000 0.0000 20.0000 0.0000 0.0000 10.0000 0.0000 0.0000 0.0000 0.0000 0.0000 20.0000 0.0000 0.0000 10.0000 0.0000 0.0000 0.0000 0.0000 0.0000 39.8150 -15.7651 41.8447 -46.7707 19.5751 -6.1099 0.0000 0.0000 0.0000 0.0000 0.0000 0.0000 10.0000 0.0000 0.0000 10.0000 0.0000 0.0000 0.0000 0.0000 0.0000 20.0000 0.0000 0.0000 10.0000 0.0000 0.0000 0.0000 0.0000 0.0000 20.0000 0.0000 0.0000 10.0000 0.0000 0.0000 0.0000 0.0000 0.0000 20.0000 0.0000 0.0000 10.0000 0.0000 0.0000 0.0000 0.0000 0.0000 20.0000 0.0000 0.0000 10.0000 0.0000 0.0000 0.0000 0.0000 0.0000 0.0000 0.0000 0.0000 0.0000 0.0000 0.0000 0.0000 0.0000 0.0000 0.0000 0.0000 0.0000 0.0000 0.0000 0.0000
0.0000 95.0000 0.0000 0.0000 0.0000 0.0000 0.0000 0.0000 0.0000 0.0000 0.0000 0.0000 0.0000 0.0000 0.0000 0.0000 0.0000 0.0000 0.0000 0.0000 0.0000 0.0000 0.0000 0.0000 -5.6387 0.7450 15.0415 12.4903 1.8856 -22.1832 0.0000 0.0000 0.0000 0.0000 0.0000 0.0000 10.0000 0.0000 0.0000 10.0000 0.0000 0.0000 0.0000 0.0000 0.0000 20.0000 0.0000 0.0000 10.0000 0.0000 0.0000 0.0000 0.0000 0.0000 20.0000 0.0000 0.0000 10.0000 0.0000 0.0000 0.0000 0.0000 0.0000 20.0000 0.0000 0.0000 10.0000 0.0000 0.0000 0.0000 0.0000 0.0000 20.0000 0.0000 0.0000 10.0000 0.0000 0.0000 0.0000 0.0000 0.0000 38.2591 -17.8660 48.7571 -43.5570 21.4156 -6.3341 0.0000 0.0000 0.0000 0.0000 0.0000 0.0000 10.0000 0.0000 0.0000 10.0000 0.0000 0.0000 0.0000 0.0000 0.0000 20.0000 0.0000 0.0000 10.0000 0.0000 0.0000 0.0000 0.0000 0.0000 20.0000 0.0000 0.0000 10.0000 0.0000 0.0000 0.0000 0.0000 0.0000 20.0000 0.0000 0.0000 10.0000 0.0000 0.0000 0.0000 0.0000 0.0000 20.0000 0.0000 0.0000 10.0000 0.0000 0.0000 0.0000 0.0000 0.0000 0.0000 0.0000 0.0000 0.0000 0.0000 0.0000 0.0000 0.0000 0.0000 0.0000 0.0000 0.0000 0.0000 0.0000 0.0000
0.0000 95.0000 0.0000 0.0000 0.0000 0.0000 0.0000 0.0000 0.0000 0.0000 0.0000 0.0000 0.0000 0.0000 0.0000 0.0000 0.0000 0.0000 0.0000 0.0000 0.0000 0.0000 0.0000 0.0000 3.6401 -0.2139 6.7239 5.6077 -0.0448 -16.5498 0.0000 0.0000 0.0000 0.0000 0.0000 0.0000 10.0000 0.0000 0.0000 10.0000 0.0000 0.0000 0.0000 0.0000 0.0000 20.0000 0.0000 0.0000 10.0000 0.0000 0.0000 0.0000 0.0000 0.0000 20.0000 0.0000 0.0000 10.0000 0.0000 0.0000 0.0000 0.0000 0.0000 20.0000 0.0000 0.0000 10.0000 0.0000 0.0000 0.0000 0.0000 0.0000 20.0000 0.0000 0.0000 10.0000 0.0000 0.0000 0.0000 0.0000 0.0000 44.9099 -10.4266 24.8986 -53.9117 -12.8243 -26.9955 0.0000 0.0000 0.0000 0.0000 0.0000 0.0000 10.0000 0.0000 0.0000 10.0000 0.0000 0.0000 0.0000 0.0000 0.0000 20.0000 0.0000 0.0000 10.0000 0.0000 0.0000 0.0000 0.0000 0.0000 20.0000 0.0000 0.0000 10.0000 0.0000 0.0000 0.0000 0.0000 0.0000 20.0000 0.0000 0.0000 10.0000 0.0000 0.0000 0.0000 0.0000 0.0000 20.0000 0.0000 0.0000 10.0000 0.0000 0.0000 0.0000 0.0000 0.0000 0.0000 0.0000 0.0000 0.0000 0.0000 0.0000 0.0000 0.0000 0.0000 0.0000 0.0000 0.0000 0.0000 0.0000 0.0000
0.0000 95.0000 0.0000 0.0000 0.0000 0.0000 0.0000 0.0000 0.0000 0.0000 0.0000 0.0000 0.0000 0.0000 0.0000 0.0000 0.0000 0.0000 0.0000 0.0000 0.0000 0.0000 0.0000 0.0000 4.9384 -0.2982 6.9064 4.5628 -0.3305 -16.7331 0.0000 0.0000 0.0000 0.0000 0.0000 0.0000 10.0000 0.0000 0.0000 10.0000 0.0000 0.0000 0.0000 0.0000 0.0000 20.0000 0.0000 0.0000 10.0000 0.0000 0.0000 0.0000 0.0000 0.0000 20.0000 0.0000 0.0000 10.0000 0.0000 0.0000 0.0000 0.0000 0.0000 20.0000 0.0000 0.0000 10.0000 0.0000 0.0000 0.0000 0.0000 0.0000 20.0000 0.0000 0.0000 10.0000 0.0000 0.0000 0.0000 0.0000 0.0000 44.1858 1.6027 -3.9471 -52.6583 6.6955 8.4732 0.0000 0.0000 0.0000 0.0000 0.0000 0.0000 10.0000 0.0000 0.0000 10.0000 0.0000 0.0000 0.0000 0.0000 0.0000 20.0000 0.0000 0.0000 10.0000 0.0000 0.0000 0.0000 0.0000 0.0000 20.0000 0.0000 0.0000 10.0000 0.0000 0.0000 0.0000 0.0000 0.0000 20.0000 0.0000 0.0000 10.0000 0.0000 0.0000 0.0000 0.0000 0.0000 20.0000 0.0000 0.0000 10.0000 0.0000 0.0000 0.0000 0.0000 0.0000 0.0000 0.0000 0.0000 0.0000 0.0000 0.0000 0.0000 0.0000 0.0000 0.0000 0.0000 0.0000 0.0000 0.0000 0.0000
0.0000 95.0000 0.0000 0.0000 0.0000 0.0000 0.0000 0.0000 0.0000 0.0000 0.0000 0.0000 0.0000 0.0000 0.0000 0.0000 0.0000 0.0000 0.0000 0.0000 0.0000 0.0000 0.0000 0.0000 2.6397 -0.1528 6.6240 5.9273 0.0800 -14.7206 0.0000 0.0000 0.0000 0.0000 0.0000 0.0000 10.0000 0.0000 0.0000 10.0000 0.0000 0.0000 0.0000 0.0000 0.0000 20.0000 0.0000 0.0000 10.0000 0.0000 0.0000 0.0000 0.0000 0.0000 20.0000 0.0000 0.0000 10.0000 0.0000 0.0000 0.0000 0.0000 0.0000 20.0000 0.0000 0.0000 10.0000 0.0000 0.0000 0.0000 0.0000 0.0000 20.0000 0.0000 0.0000 10.0000 0.0000 0.0000 0.0000 0.0000 0.0000 47.8808 -7.5135 16.8254 -56.2561 -5.0789 -14.9167 0.0000 0.0000 0.0000 0.0000 0.0000 0.0000 10.0000 0.0000 0.0000 10.0000 0.0000 0.0000 0.0000 0.0000 0.0000 20.0000 0.0000 0.0000 10.0000 0.0000 0.0000 0.0000 0.0000 0.0000 20.0000 0.0000 0.0000 10.0000 0.0000 0.0000 0.0000 0.0000 0.0000 20.0000 0.0000 0.0000 10.0000 0.0000 0.0000 0.0000 0.0000 0.0000 20.0000 0.0000 0.0000 10.0000 0.0000 0.0000 0.0000 0.0000 0.0000 0.0000 0.0000 0.0000 0.0000 0.0000 0.0000 0.0000 0.0000 0.0000 0.0000 0.0000 0.0000 0.0000 0.0000 0.0000
0.0000 95.0000 0.0000 0.0000 0.0000 0.0000 0.0000 0.0000 0.0000 0.0000 0.0000 0.0000 0.0000 0.0000 0.0000 0.0000 0.0000 0.0000 0.0000 0.0000 0.0000 0.0000 0.0000 0.0000 0.9822 -0.0595 6.9388 7.2560 0.3645 -14.6642 0.0000 0.0000 0.0000 0.0000 0.0000 0.0000 10.0000 0.0000 0.0000 10.0000 0.0000 0.0000 0.0000 0.0000 0.0000 20.0000 0.0000 0.0000 10.0000 0.0000 0.0000 0.0000 0.0000 0.0000 20.0000 0.0000 0.0000 10.0000 0.0000 0.0000 0.0000 0.0000 0.0000 20.0000 0.0000 0.0000 10.0000 0.0000 0.0000 0.0000 0.0000 0.0000 20.0000 0.0000 0.0000 10.0000 0.0000 0.0000 0.0000 0.0000 0.0000 44.4575 -14.4139 34.3860 -48.3921 20.0937 -2.8302 0.0000 0.0000 0.0000 0.0000 0.0000 0.0000 10.0000 0.0000 0.0000 10.0000 0.0000 0.0000 0.0000 0.0000 0.0000 20.0000 0.0000 0.0000 10.0000 0.0000 0.0000 0.0000 0.0000 0.0000 20.0000 0.0000 0.0000 10.0000 0.0000 0.0000 0.0000 0.0000 0.0000 20.0000 0.0000 0.0000 10.0000 0.0000 0.0000 0.0000 0.0000 0.0000 20.0000 0.0000 0.0000 10.0000 0.0000 0.0000 0.0000 0.0000 0.0000 0.0000 0.0000 0.0000 0.0000 0.0000 0.0000 0.0000 0.0000 0.0000 0.0000 0.0000 0.0000 0.0000 0.0000 0.0000
0.0000 95.0000 0.0000 0.0000 0.0000 0.0000 0.0000 0.0000 0.0000 0.0000 0.0000 0.0000 0.0000 0.0000 0.0000 0.0000 0.0000 0.0000 0.0000 0.0000 0.0000 0.0000 0.0000 0.0000 0.5693 -0.0358 7.1909 7.1954 0.3977 -14.6680 0.0000 0.0000 0.0000 0.0000 0.0000 0.0000 10.0000 0.0000 0.0000 10.0000 0.0000 0.0000 0.0000 0.0000 0.0000 20.0000 0.0000 0.0000 10.0000 0.0000 0.0000 0.0000 0.0000 0.0000 20.0000 0.0000 0.0000 10.0000 0.0000 0.0000 0.0000 0.0000 0.0000 20.0000 0.0000 0.0000 10.0000 0.0000 0.0000 0.0000 0.0000 0.0000 20.0000 0.0000 0.0000 10.0000 0.0000 0.0000 0.0000 0.0000 0.0000 40.6951 -17.5146 45.1139 -41.3260 24.2584 -0.4594 0.0000 0.0000 0.0000 0.0000 0.0000 0.0000 10.0000 0.0000 0.0000 10.0000 0.0000 0.0000 0.0000 0.0000 0.0000 20.0000 0.0000 0.0000 10.0000 0.0000 0.0000 0.0000 0.0000 0.0000 20.0000 0.0000 0.0000 10.0000 0.0000 0.0000 0.0000 0.0000 0.0000 20.0000 0.0000 0.0000 10.0000 0.0000 0.0000 0.0000 0.0000 0.0000 20.0000 0.0000 0.0000 10.0000 0.0000 0.0000 0.0000 0.0000 0.0000 0.0000 0.0000 0.0000 0.0000 0.0000 0.0000 0.0000 0.0000 0.0000 0.0000 0.0000 0.0000 0.0000 0.0000 0.0000
0.0000 95.0000 0.0000 0.0000 0.0000 0.0000 0.0000 0.0000 0.0000 0.0000 0.0000 0.0000 0.0000 0.0000 0.0000 0.0000 0.0000 0.0000 0.0000 0.0000 0.0000 0.0000 0.0000 0.0000 -4.0029 0.5758 16.3636 10.5872 -0.0368 -11.5816 0.0000 0.0000 0.0000 0.0000 0.0000 0.0000 10.0000 0.0000 0.0000 10.0000 0.0000 0.0000 0.0000 0.0000 0.0000 20.0000 0.0000 0.0000 10.0000 0.0000 0.0000 0.0000 0.0000 0.0000 20.0000 0.0000 0.0000 10.0000 0.0000 0.0000 0.0000 0.0000 0.0000 20.0000 0.0000 0.0000 10.0000 0.0000 0.0000 0.0000 0.0000 0.0000 20.0000 0.0000 0.0000 10.0000 0.0000 0.0000 0.0000 0.0000 0.0000 49.7912 -10.7608 22.9436 -54.1337 23.3320 3.0411 0.0000 0.0000 0.0000 0.0000 0.0000 0.0000 10.0000 0.0000 0.0000 10.0000 0.0000 0.0000 0.0000 0.0000 0.0000 20.0000 0.0000 0.0000 10.0000 0.0000 0.0000 0.0000 0.0000 0.0000 20.0000 0.0000 0.0000 10.0000 0.0000 0.0000 0.0000 0.0000 0.0000 20.0000 0.0000 0.0000 10.0000 0.0000 0.0000 0.0000 0.0000 0.0000 20.0000 0.0000 0.0000 10.0000 0.0000 0.0000 0.0000 0.0000 0.0000 0.0000 0.0000 0.0000 0.0000 0.0000 0.0000 0.0000 0.0000 0.0000 0.0000 0.0000 0.0000 0.0000 0.0000 0.0000
0.0000 95.0000 0.0000 0.0000 0.0000 0.0000 0.0000 0.0000 0.0000 0.0000 0.0000 0.0000 0.0000 0.0000 0.0000 0.0000 0.0000 0.0000 0.0000 0.0000 0.0000 0.0000 0.0000 0.0000 -5.7043 0.2607 5.2284 12.2468 1.8983 -15.5699 0.0000 0.0000 0.0000 0.0000 0.0000 0.0000 10.0000 0.0000 0.0000 10.0000 0.0000 0.0000 0.0000 0.0000 0.0000 20.0000 0.0000 0.0000 10.0000 0.0000 0.0000 0.0000 0.0000 0.0000 20.0000 0.0000 0.0000 10.0000 0.0000 0.0000 0.0000 0.0000 0.0000 20.0000 0.0000 0.0000 10.0000 0.0000 0.0000 0.0000 0.0000 0.0000 20.0000 0.0000 0.0000 10.0000 0.0000 0.0000 0.0000 0.0000 0.0000 50.5507 -10.5987 22.2278 -56.8023 24.0506 2.6363 0.0000 0.0000 0.0000 0.0000 0.0000 0.0000 10.0000 0.0000 0.0000 10.0000 0.0000 0.0000 0.0000 0.0000 0.0000 20.0000 0.0000 0.0000 10.0000 0.0000 0.0000 0.0000 0.0000 0.0000 20.0000 0.0000 0.0000 10.0000 0.0000 0.0000 0.0000 0.0000 0.0000 20.0000 0.0000 0.0000 10.0000 0.0000 0.0000 0.0000 0.0000 0.0000 20.0000 0.0000 0.0000 10.0000 0.0000 0.0000 0.0000 0.0000 0.0000 0.0000 0.0000 0.0000 0.0000 0.0000 0.0000 0.0000 0.0000 0.0000 0.0000 0.0000 0.0000 0.0000 0.0000 0.0000
0.0000 95.0000 0.0000 0.0000 0.0000 0.0000 0.0000 0.0000 0.0000 0.0000 0.0000 0.0000 0.0000 0.0000 0.0000 0.0000 0.0000 0.0000 0.0000 0.0000 0.0000 0.0000 0.0000 0.0000 -0.1880 0.0102 6.1811 10.8212 0.6240 -12.5442 0.0000 0.0000 0.0000 0.0000 0.0000 0.0000 10.0000 0.0000 0.0000 10.0000 0.0000 0.0000 0.0000 0.0000 0.0000 20.0000 0.0000 0.0000 10.0000 0.0000 0.0000 0.0000 0.0000 0.0000 20.0000 0.0000 0.0000 10.0000 0.0000 0.0000 0.0000 0.0000 0.0000 20.0000 0.0000 0.0000 10.0000 0.0000 0.0000 0.0000 0.0000 0.0000 20.0000 0.0000 0.0000 10.0000 0.0000 0.0000 0.0000 0.0000 0.0000 49.4479 -1.8503 4.0171 -60.6174 -1.6222 -3.8575 0.0000 0.0000 0.0000 0.0000 0.0000 0.0000 10.0000 0.0000 0.0000 10.0000 0.0000 0.0000 0.0000 0.0000 0.0000 20.0000 0.0000 0.0000 10.0000 0.0000 0.0000 0.0000 0.0000 0.0000 20.0000 0.0000 0.0000 10.0000 0.0000 0.0000 0.0000 0.0000 0.0000 20.0000 0.0000 0.0000 10.0000 0.0000 0.0000 0.0000 0.0000 0.0000 20.0000 0.0000 0.0000 10.0000 0.0000 0.0000 0.0000 0.0000 0.0000 0.0000 0.0000 0.0000 0.0000 0.0000 0.0000 0.0000 0.0000 0.0000 0.0000 0.0000 0.0000 0.0000 0.0000 0.0000
0.0000 95.0000 0.0000 0.0000 0.0000 0.0000 0.0000 0.0000 0.0000 0.0000 0.0000 0.0000 0.0000 0.0000 0.0000 0.0000 0.0000 0.0000 0.0000 0.0000 0.0000 0.0000 0.0000 0.0000 0.7700 -0.0427 6.3542 10.6016 0.5524 -13.2654 0.0000 0.0000 0.0000 0.0000 0.0000 0.0000 10.0000 0.0000 0.0000 10.0000 0.0000 0.0000 0.0000 0.0000 0.0000 20.0000 0.0000 0.0000 10.0000 0.0000 0.0000 0.0000 0.0000 0.0000 20.0000 0.0000 0.0000 10.0000 0.0000 0.0000 0.0000 0.0000 0.0000 20.0000 0.0000 0.0000 10.0000 0.0000 0.0000 0.0000 0.0000 0.0000 20.0000 0.0000 0.0000 10.0000 0.0000 0.0000 0.0000 0.0000 0.0000 47.1368 -0.1224 0.2806 -56.9645 0.4375 0.1561 0.0000 0.0000 0.0000 0.0000 0.0000 0.0000 10.0000 0.0000 0.0000 10.0000 0.0000 0.0000 0.0000 0.0000 0.0000 20.0000 0.0000 0.0000 10.0000 0.0000 0.0000 0.0000 0.0000 0.0000 20.0000 0.0000 0.0000 10.0000 0.0000 0.0000 0.0000 0.0000 0.0000 20.0000 0.0000 0.0000 10.0000 0.0000 0.0000 0.0000 0.0000 0.0000 20.0000 0.0000 0.0000 10.0000 0.0000 0.0000 0.0000 0.0000 0.0000 0.0000 0.0000 0.0000 0.0000 0.0000 0.0000 0.0000 0.0000 0.0000 0.0000 0.0000 0.0000 0.0000 0.0000 0.0000
0.0000 95.0000 0.0000 0.0000 0.0000 0.0000 0.0000 0.0000 0.0000 0.0000 0.0000 0.0000 0.0000 0.0000 0.0000 0.0000 0.0000 0.0000 0.0000 0.0000 0.0000 0.0000 0.0000 0.0000 -0.0200 0.0011 6.1396 11.0206 0.6650 -13.0015 0.0000 0.0000 0.0000 0.0000 0.0000 0.0000 10.0000 0.0000 0.0000 10.0000 0.0000 0.0000 0.0000 0.0000 0.0000 20.0000 0.0000 0.0000 10.0000 0.0000 0.0000 0.0000 0.0000 0.0000 20.0000 0.0000 0.0000 10.0000 0.0000 0.0000 0.0000 0.0000 0.0000 20.0000 0.0000 0.0000 10.0000 0.0000 0.0000 0.0000 0.0000 0.0000 20.0000 0.0000 0.0000 10.0000 0.0000 0.0000 0.0000 0.0000 0.0000 40.0823 4.5924 -12.5458 -46.2817 8.7770 17.0319 0.0000 0.0000 0.0000 0.0000 0.0000 0.0000 10.0000 0.0000 0.0000 10.0000 0.0000 0.0000 0.0000 0.0000 0.0000 20.0000 0.0000 0.0000 10.0000 0.0000 0.0000 0.0000 0.0000 0.0000 20.0000 0.0000 0.0000 10.0000 0.0000 0.0000 0.0000 0.0000 0.0000 20.0000 0.0000 0.0000 10.0000 0.0000 0.0000 0.0000 0.0000 0.0000 20.0000 0.0000 0.0000 10.0000 0.0000 0.0000 0.0000 0.0000 0.0000 0.0000 0.0000 0.0000 0.0000 0.0000 0.0000 0.0000 0.0000 0.0000 0.0000 0.0000 0.0000 0.0000 0.0000 0.0000
0.0000 95.0000 0.0000 0.0000 0.0000 0.0000 0.0000 0.0000 0.0000 0.0000 0.0000 0.0000 0.0000 0.0000 0.0000 0.0000 0.0000 0.0000 0.0000 0.0000 0.0000 0.0000 0.0000 0.0000 -2.2416 -0.3317 -16.8329 11.5629 2.0657 -2.7786 0.0000 0.0000 0.0000 0.0000 0.0000 0.0000 10.0000 0.0000 0.0000 10.0000 0.0000 0.0000 0.0000 0.0000 0.0000 20.0000 0.0000 0.0000 10.0000 0.0000 0.0000 0.0000 0.0000 0.0000 20.0000 0.0000 0.0000 10.0000 0.0000 0.0000 0.0000 0.0000 0.0000 20.0000 0.0000 0.0000 10.0000 0.0000 0.0000 0.0000 0.0000 0.0000 20.0000 0.0000 0.0000 10.0000 0.0000 0.0000 0.0000 0.0000 0.0000 37.8721 2.1318 -6.2083 -44.7611 6.5637 11.2601 0.0000 0.0000 0.0000 0.0000 0.0000 0.0000 10.0000 0.0000 0.0000 10.0000 0.0000 0.0000 0.0000 0.0000 0.0000 20.0000 0.0000 0.0000 10.0000 0.0000 0.0000 0.0000 0.0000 0.0000 20.0000 0.0000 0.0000 10.0000 0.0000 0.0000 0.0000 0.0000 0.0000 20.0000 0.0000 0.0000 10.0000 0.0000 0.0000 0.0000 0.0000 0.0000 20.0000 0.0000 0.0000 10.0000 0.0000 0.0000 0.0000 0.0000 0.0000 0.0000 0.0000 0.0000 0.0000 0.0000 0.0000 0.0000 0.0000 0.0000 0.0000 0.0000 0.0000 0.0000 0.0000 0.0000
0.0000 95.0000 0.0000 0.0000 0.0000 0.0000 0.0000 0.0000 0.0000 0.0000 0.0000 0.0000 0.0000 0.0000 0.0000 0.0000 0.0000 0.0000 0.0000 0.0000 0.0000 0.0000 0.0000 0.0000 -0.4679 -0.0226 -5.5383 4.3991 -0.1544 8.6379 0.0000 0.0000 0.0000 0.0000 0.0000 0.0000 10.0000 0.0000 0.0000 10.0000 0.0000 0.0000 0.0000 0.0000 0.0000 20.0000 0.0000 0.0000 10.0000 0.0000 0.0000 0.0000 0.0000 0.0000 20.0000 0.0000 0.0000 10.0000 0.0000 0.0000 0.0000 0.0000 0.0000 20.0000 0.0000 0.0000 10.0000 0.0000 0.0000 0.0000 0.0000 0.0000 20.0000 0.0000 0.0000 10.0000 0.0000 0.0000 0.0000 0.0000 0.0000 34.2300 2.0671 -6.7060 -37.3781 6.2773 12.5519 0.0000 0.0000 0.0000 0.0000 0.0000 0.0000 10.0000 0.0000 0.0000 10.0000 0.0000 0.0000 0.0000 0.0000 0.0000 20.0000 0.0000 0.0000 10.0000 0.0000 0.0000 0.0000 0.0000 0.0000 20.0000 0.0000 0.0000 10.0000 0.0000 0.0000 0.0000 0.0000 0.0000 20.0000 0.0000 0.0000 10.0000 0.0000 0.0000 0.0000 0.0000 0.0000 20.0000 0.0000 0.0000 10.0000 0.0000 0.0000 0.0000 0.0000 0.0000 0.0000 0.0000 0.0000 0.0000 0.0000 0.0000 0.0000 0.0000 0.0000 0.0000 0.0000 0.0000 0.0000 0.0000 0.0000
0.0000 95.0000 0.0000 0.0000 0.0000 0.0000 0.0000 0.0000 0.0000 0.0000 0.0000 0.0000 0.0000 0.0000 0.0000 0.0000 0.0000 0.0000 0.0000 0.0000 0.0000 0.0000 0.0000 0.0000 -6.4165 -0.5446 -9.6926 4.7003 0.6223 -2.2542 0.0000 0.0000 0.0000 0.0000 0.0000 0.0000 10.0000 0.0000 0.0000 10.0000 0.0000 0.0000 0.0000 0.0000 0.0000 20.0000 0.0000 0.0000 10.0000 0.0000 0.0000 0.0000 0.0000 0.0000 20.0000 0.0000 0.0000 10.0000 0.0000 0.0000 0.0000 0.0000 0.0000 20.0000 0.0000 0.0000 10.0000 0.0000 0.0000 0.0000 0.0000 0.0000 20.0000 0.0000 0.0000 10.0000 0.0000 0.0000 0.0000 0.0000 0.0000 34.8064 2.0065 -6.3954 -35.3467 5.6883 11.6459 0.0000 0.0000 0.0000 0.0000 0.0000 0.0000 10.0000 0.0000 0.0000 10.0000 0.0000 0.0000 0.0000 0.0000 0.0000 20.0000 0.0000 0.0000 10.0000 0.0000 0.0000 0.0000 0.0000 0.0000 20.0000 0.0000 0.0000 10.0000 0.0000 0.0000 0.0000 0.0000 0.0000 20.0000 0.0000 0.0000 10.0000 0.0000 0.0000 0.0000 0.0000 0.0000 20.0000 0.0000 0.0000 10.0000 0.0000 0.0000 0.0000 0.0000 0.0000 0.0000 0.0000 0.0000 0.0000 0.0000 0.0000 0.0000 0.0000 0.0000 0.0000 0.0000 0.0000 0.0000 0.0000 0.0000
0.0000 95.0000 0.0000 0.0000 0.0000 0.0000 0.0000 0.0000 0.0000 0.0000 0.0000 0.0000 0.0000 0.0000 0.0000 0.0000 0.0000 0.0000 0.0000 0.0000 0.0000 0.0000 0.0000 0.0000 -14.6017 -2.2606 -17.5097 7.3972 4.8321 -17.8048 0.0000 0.0000 0.0000 0.0000 0.0000 0.0000 10.0000 0.0000 0.0000 10.0000 0.0000 0.0000 0.0000 0.0000 0.0000 20.0000 0.0000 0.0000 10.0000 0.0000 0.0000 0.0000 0.0000 0.0000 20.0000 0.0000 0.0000 10.0000 0.0000 0.0000 0.0000 0.0000 0.0000 20.0000 0.0000 0.0000 10.0000 0.0000 0.0000 0.0000 0.0000 0.0000 20.0000 0.0000 0.0000 10.0000 0.0000 0.0000 0.0000 0.0000 0.0000 41.1653 2.3574 -6.2722 -34.3441 17.3964 25.7383 0.0000 0.0000 0.0000 0.0000 0.0000 0.0000 10.0000 0.0000 0.0000 10.0000 0.0000 0.0000 0.0000 0.0000 0.0000 20.0000 0.0000 0.0000 10.0000 0.0000 0.0000 0.0000 0.0000 0.0000 20.0000 0.0000 0.0000 10.0000 0.0000 0.0000 0.0000 0.0000 0.0000 20.0000 0.0000 0.0000 10.0000 0.0000 0.0000 0.0000 0.0000 0.0000 20.0000 0.0000 0.0000 10.0000 0.0000 0.0000 0.0000 0.0000 0.0000 0.0000 0.0000 0.0000 0.0000 0.0000 0.0000 0.0000 0.0000 0.0000 0.0000 0.0000 0.0000 0.0000 0.0000 0.0000
0.0000 95.0000 0.0000 0.0000 0.0000 0.0000 0.0000 0.0000 0.0000 0.0000 0.0000 0.0000 0.0000 0.0000 0.0000 0.0000 0.0000 0.0000 0.0000 0.0000 0.0000 0.0000 0.0000 0.0000 -9.0013 0.4140 5.2558 5.4439 1.2217 -11.6235 0.0000 0.0000 0.0000 0.0000 0.0000 0.0000 10.0000 0.0000 0.0000 10.0000 0.0000 0.0000 0.0000 0.0000 0.0000 20.0000 0.0000 0.0000 10.0000 0.0000 0.0000 0.0000 0.0000 0.0000 20.0000 0.0000 0.0000 10.0000 0.0000 0.0000 0.0000 0.0000 0.0000 20.0000 0.0000 0.0000 10.0000 0.0000 0.0000 0.0000 0.0000 0.0000 20.0000 0.0000 0.0000 10.0000 0.0000 0.0000 0.0000 0.0000 0.0000 43.9849 5.8038 -14.3078 -40.6761 8.9435 17.7818 0.0000 0.0000 0.0000 0.0000 0.0000 0.0000 10.0000 0.0000 0.0000 10.0000 0.0000 0.0000 0.0000 0.0000 0.0000 20.0000 0.0000 0.0000 10.0000 0.0000 0.0000 0.0000 0.0000 0.0000 20.0000 0.0000 0.0000 10.0000 0.0000 0.0000 0.0000 0.0000 0.0000 20.0000 0.0000 0.0000 10.0000 0.0000 0.0000 0.0000 0.0000 0.0000 20.0000 0.0000 0.0000 10.0000 0.0000 0.0000 0.0000 0.0000 0.0000 0.0000 0.0000 0.0000 0.0000 0.0000 0.0000 0.0000 0.0000 0.0000 0.0000 0.0000 0.0000 0.0000 0.0000 0.0000
0.0000 95.0000 0.0000 0.0000 0.0000 0.0000 0.0000 0.0000 0.0000 0.0000 0.0000 0.0000 0.0000 0.0000 0.0000 0.0000 0.0000 0.0000 0.0000 0.0000 0.0000 0.0000 0.0000 0.0000 -3.6314 0.1984 6.2515 0.4340 0.5828 -17.0503 0.0000 0.0000 0.0000 0.0000 0.0000 0.0000 10.0000 0.0000 0.0000 10.0000 0.0000 0.0000 0.0000 0.0000 0.0000 20.0000 0.0000 0.0000 10.0000 0.0000 0.0000 0.0000 0.0000 0.0000 20.0000 0.0000 0.0000 10.0000 0.0000 0.0000 0.0000 0.0000 0.0000 20.0000 0.0000 0.0000 10.0000 0.0000 0.0000 0.0000 0.0000 0.0000 20.0000 0.0000 0.0000 10.0000 0.0000 0.0000 0.0000 0.0000 0.0000 49.7579 2.8209 -6.0785 -46.3576 7.3378 10.1505 0.0000 0.0000 0.0000 0.0000 0.0000 0.0000 10.0000 0.0000 0.0000 10.0000 0.0000 0.0000 0.0000 0.0000 0.0000 20.0000 0.0000 0.0000 10.0000 0.0000 0.0000 0.0000 0.0000 0.0000 20.0000 0.0000 0.0000 10.0000 0.0000 0.0000 0.0000 0.0000 0.0000 20.0000 0.0000 0.0000 10.0000 0.0000 0.0000 0.0000 0.0000 0.0000 20.0000 0.0000 0.0000 10.0000 0.0000 0.0000 0.0000 0.0000 0.0000 0.0000 0.0000 0.0000 0.0000 0.0000 0.0000 0.0000 0.0000 0.0000 0.0000 0.0000 0.0000 0.0000 0.0000 0.0000
0.0000 95.0000 0.0000 0.0000 0.0000 0.0000 0.0000 0.0000 0.0000 0.0000 0.0000 0.0000 0.0000 0.0000 0.0000 0.0000 0.0000 0.0000 0.0000 0.0000 0.0000 0.0000 0.0000 0.0000 0.1791 -0.0108 6.9271 -3.4893 -0.4558 -20.7558 0.0000 0.0000 0.0000 0.0000 0.0000 0.0000 10.0000 0.0000 0.0000 10.0000 0.0000 0.0000 0.0000 0.0000 0.0000 20.0000 0.0000 0.0000 10.0000 0.0000 0.0000 0.0000 0.0000 0.0000 20.0000 0.0000 0.0000 10.0000 0.0000 0.0000 0.0000 0.0000 0.0000 20.0000 0.0000 0.0000 10.0000 0.0000 0.0000 0.0000 0.0000 0.0000 20.0000 0.0000 0.0000 10.0000 0.0000 0.0000 0.0000 0.0000 0.0000 53.3481 3.1082 -6.1825 -49.1420 8.3619 10.4176 0.0000 0.0000 0.0000 0.0000 0.0000 0.0000 10.0000 0.0000 0.0000 10.0000 0.0000 0.0000 0.0000 0.0000 0.0000 20.0000 0.0000 0.0000 10.0000 0.0000 0.0000 0.0000 0.0000 0.0000 20.0000 0.0000 0.0000 10.0000 0.0000 0.0000 0.0000 0.0000 0.0000 20.0000 0.0000 0.0000 10.0000 0.0000 0.0000 0.0000 0.0000 0.0000 20.0000 0.0000 0.0000 10.0000 0.0000 0.0000 0.0000 0.0000 0.0000 0.0000 0.0000 0.0000 0.0000 0.0000 0.0000 0.0000 0.0000 0.0000 0.0000 0.0000 0.0000 0.0000 0.0000 0.0000
0.0000 95.0000 0.0000 0.0000 0.0000 0.0000 0.0000 0.0000 0.0000 0.0000 0.0000 0.0000 0.0000 0.0000 0.0000 0.0000 0.0000 0.0000 0.0000 0.0000 0.0000 0.0000 0.0000 0.0000 2.3586 -0.1527 7.4075 -6.6468 -1.3517 -22.5457 0.0000 0.0000 0.0000 0.0000 0.0000 0.0000 10.0000 0.0000 0.0000 10.0000 0.0000 0.0000 0.0000 0.0000 0.0000 20.0000 0.0000 0.0000 10.0000 0.0000 0.0000 0.0000 0.0000 0.0000 20.0000 0.0000 0.0000 10.0000 0.0000 0.0000 0.0000 0.0000 0.0000 20.0000 0.0000 0.0000 10.0000 0.0000 0.0000 0.0000 0.0000 0.0000 20.0000 0.0000 0.0000 10.0000 0.0000 0.0000 0.0000 0.0000 0.0000 55.4874 3.2318 -6.1400 -50.1565 8.7428 10.3392 0.0000 0.0000 0.0000 0.0000 0.0000 0.0000 10.0000 0.0000 0.0000 10.0000 0.0000 0.0000 0.0000 0.0000 0.0000 20.0000 0.0000 0.0000 10.0000 0.0000 0.0000 0.0000 0.0000 0.0000 20.0000 0.0000 0.0000 10.0000 0.0000 0.0000 0.0000 0.0000 0.0000 20.0000 0.0000 0.0000 10.0000 0.0000 0.0000 0.0000 0.0000 0.0000 20.0000 0.0000 0.0000 10.0000 0.0000 0.0000 0.0000 0.0000 0.0000 0.0000 0.0000 0.0000 0.0000 0.0000 0.0000 0.0000 0.0000 0.0000 0.0000 0.0000 0.0000 0.0000 0.0000 0.0000
0.0000 95.0000 0.0000 0.0000 0.0000 0.0000 0.0000 0.0000 0.0000 0.0000 0.0000 0.0000 0.0000 0.0000 0.0000 0.0000 0.0000 0.0000 0.0000 0.0000 0.0000 0.0000 0.0000 0.0000 3.2227 -0.2157 7.6558 -9.3343 -1.9258 -23.1073 0.0000 0.0000 0.0000 0.0000 0.0000 0.0000 10.0000 0.0000 0.0000 10.0000 0.0000 0.0000 0.0000 0.0000 0.0000 20.0000 0.0000 0.0000 10.0000 0.0000 0.0000 0.0000 0.0000 0.0000 20.0000 0.0000 0.0000 10.0000 0.0000 0.0000 0.0000 0.0000 0.0000 20.0000 0.0000 0.0000 10.0000 0.0000 0.0000 0.0000 0.0000 0.0000 20.0000 0.0000 0.0000 10.0000 0.0000 0.0000 0.0000 0.0000 0.0000 53.9582 8.8552 -17.2971 -46.7795 14.0623 21.6936 0.0000 0.0000 0.0000 0.0000 0.0000 0.0000 10.0000 0.0000 0.0000 10.0000 0.0000 0.0000 0.0000 0.0000 0.0000 20.0000 0.0000 0.0000 10.0000 0.0000 0.0000 0.0000 0.0000 0.0000 20.0000 0.0000 0.0000 10.0000 0.0000 0.0000 0.0000 0.0000 0.0000 20.0000 0.0000 0.0000 10.0000 0.0000 0.0000 0.0000 0.0000 0.0000 20.0000 0.0000 0.0000 10.0000 0.0000 0.0000 0.0000 0.0000 0.0000 0.0000 0.0000 0.0000 0.0000 0.0000 0.0000 0.0000 0.0000 0.0000 0.0000 0.0000 0.0000 0.0000 0.0000 0.0000
0.0000 95.0000 0.0000 0.0000 0.0000 0.0000 0.0000 0.0000 0.0000 0.0000 0.0000 0.0000 0.0000 0.0000 0.0000 0.0000 0.0000 0.0000 0.0000 0.0000 0.0000 0.0000 0.0000 0.0000 3.1366 -0.2119 7.7265 -11.7153 -2.2110 -22.9764 0.0000 0.0000 0.0000 0.0000 0.0000 0.0000 10.0000 0.0000 0.0000 10.0000 0.0000 0.0000 0.0000 0.0000 0.0000 20.0000 0.0000 0.0000 10.0000 0.0000 0.0000 0.0000 0.0000 0.0000 20.0000 0.0000 0.0000 10.0000 0.0000 0.0000 0.0000 0.0000 0.0000 20.0000 0.0000 0.0000 10.0000 0.0000 0.0000 0.0000 0.0000 0.0000 20.0000 0.0000 0.0000 10.0000 0.0000 0.0000 0.0000 0.0000 0.0000 55.7732 5.3329 -10.0591 -47.2338 10.2302 13.9875 0.0000 0.0000 0.0000 0.0000 0.0000 0.0000 10.0000 0.0000 0.0000 10.0000 0.0000 0.0000 0.0000 0.0000 0.0000 20.0000 0.0000 0.0000 10.0000 0.0000 0.0000 0.0000 0.0000 0.0000 20.0000 0.0000 0.0000 10.0000 0.0000 0.0000 0.0000 0.0000 0.0000 20.0000 0.0000 0.0000 10.0000 0.0000 0.0000 0.0000 0.0000 0.0000 20.0000 0.0000 0.0000 10.0000 0.0000 0.0000 0.0000 0.0000 0.0000 0.0000 0.0000 0.0000 0.0000 0.0000 0.0000 0.0000 0.0000 0.0000 0.0000 0.0000 0.0000 0.0000 0.0000 0.0000
0.0000 95.0000 0.0000 0.0000 0.0000 0.0000 0.0000 0.0000 0.0000 0.0000 0.0000 0.0000 0.0000 0.0000 0.0000 0.0000 0.0000 0.0000 0.0000 0.0000 0.0000 0.0000 0.0000 0.0000 2.3983 -0.1610 7.6778 -13.8653 -2.2862 -22.4715 0.0000 0.0000 0.0000 0.0000 0.0000 0.0000 10.0000 0.0000 0.0000 10.0000 0.0000 0.0000 0.0000 0.0000 0.0000 20.0000 0.0000 0.0000 10.0000 0.0000 0.0000 0.0000 0.0000 0.0000 20.0000 0.0000 0.0000 10.0000 0.0000 0.0000 0.0000 0.0000 0.0000 20.0000 0.0000 0.0000 10.0000 0.0000 0.0000 0.0000 0.0000 0.0000 20.0000 0.0000 0.0000 10.0000 0.0000 0.0000 0.0000 0.0000 0.0000 56.2537 0.6001 -1.1225 -46.1875 -3.4698 -2.1468 0.0000 0.0000 0.0000 0.0000 0.0000 0.0000 10.0000 0.0000 0.0000 10.0000 0.0000 0.0000 0.0000 0.0000 0.0000 20.0000 0.0000 0.0000 10.0000 0.0000 0.0000 0.0000 0.0000 0.0000 20.0000 0.0000 0.0000 10.0000 0.0000 0.0000 0.0000 0.0000 0.0000 20.0000 0.0000 0.0000 10.0000 0.0000 0.0000 0.0000 0.0000 0.0000 20.0000 0.0000 0.0000 10.0000 0.0000 0.0000 0.0000 0.0000 0.0000 0.0000 0.0000 0.0000 0.0000 0.0000 0.0000 0.0000 0.0000 0.0000 0.0000 0.0000 0.0000 0.0000 0.0000 0.0000
0.0000 95.0000 0.0000 0.0000 0.0000 0.0000 0.0000 0.0000 0.0000 0.0000 0.0000 0.0000 0.0000 0.0000 0.0000 0.0000 0.0000 0.0000 0.0000 0.0000 0.0000 0.0000 0.0000 0.0000 1.2217 -0.0806 7.5530 -16.1593 -2.2629 -21.7588 0.0000 0.0000 0.0000 0.0000 0.0000 0.0000 10.0000 0.0000 0.0000 10.0000 0.0000 0.0000 0.0000 0.0000 0.0000 20.0000 0.0000 0.0000 10.0000 0.0000 0.0000 0.0000 0.0000 0.0000 20.0000 0.0000 0.0000 10.0000 0.0000 0.0000 0.0000 0.0000 0.0000 20.0000 0.0000 0.0000 10.0000 0.0000 0.0000 0.0000 0.0000 0.0000 20.0000 0.0000 0.0000 10.0000 0.0000 0.0000 0.0000 0.0000 0.0000 54.9984 -4.3751 8.3938 -42.5096 10.5391 4.6096 0.0000 0.0000 0.0000 0.0000 0.0000 0.0000 10.0000 0.0000 0.0000 10.0000 0.0000 0.0000 0.0000 0.0000 0.0000 20.0000 0.0000 0.0000 10.0000 0.0000 0.0000 0.0000 0.0000 0.0000 20.0000 0.0000 0.0000 10.0000 0.0000 0.0000 0.0000 0.0000 0.0000 20.0000 0.0000 0.0000 10.0000 0.0000 0.0000 0.0000 0.0000 0.0000 20.0000 0.0000 0.0000 10.0000 0.0000 0.0000 0.0000 0.0000 0.0000 0.0000 0.0000 0.0000 0.0000 0.0000 0.0000 0.0000 0.0000 0.0000 0.0000 0.0000 0.0000 0.0000 0.0000 0.0000
0.0000 95.0000 0.0000 0.0000 0.0000 0.0000 0.0000 0.0000 0.0000 0.0000 0.0000 0.0000 0.0000 0.0000 0.0000 0.0000 0.0000 0.0000 0.0000 0.0000 0.0000 0.0000 0.0000 0.0000 -0.2462 0.0159 7.3817 -19.0041 -2.2313 -20.9251 0.0000 0.0000 0.0000 0.0000 0.0000 0.0000 10.0000 0.0000 0.0000 10.0000 0.0000 0.0000 0.0000 0.0000 0.0000 20.0000 0.0000 0.0000 10.0000 0.0000 0.0000 0.0000 0.0000 0.0000 20.0000 0.0000 0.0000 10.0000 0.0000 0.0000 0.0000 0.0000 0.0000 20.0000 0.0000 0.0000 10.0000 0.0000 0.0000 0.0000 0.0000 0.0000 20.0000 0.0000 0.0000 10.0000 0.0000 0.0000 0.0000 0.0000 0.0000 52.2862 -8.6608 17.5407 -36.8127 20.1764 10.9880 0.0000 0.0000 0.0000 0.0000 0.0000 0.0000 10.0000 0.0000 0.0000 10.0000 0.0000 0.0000 0.0000 0.0000 0.0000 20.0000 0.0000 0.0000 10.0000 0.0000 0.0000 0.0000 0.0000 0.0000 20.0000 0.0000 0.0000 10.0000 0.0000 0.0000 0.0000 0.0000 0.0000 20.0000 0.0000 0.0000 10.0000 0.0000 0.0000 0.0000 0.0000 0.0000 20.0000 0.0000 0.0000 10.0000 0.0000 0.0000 0.0000 0.0000 0.0000 0.0000 0.0000 0.0000 0.0000 0.0000 0.0000 0.0000 0.0000 0.0000 0.0000 0.0000 0.0000 0.0000 0.0000 0.0000
0.0000 95.0000 0.0000 0.0000 0.0000 0.0000 0.0000 0.0000 0.0000 0.0000 0.0000 0.0000 0.0000 0.0000 0.0000 0.0000 0.0000 0.0000 0.0000 0.0000 0.0000 0.0000 0.0000 0.0000 -1.9325 0.1213 7.1841 -22.2738 -2.1612 -19.8567 0.0000 0.0000 0.0000 0.0000 0.0000 0.0000 10.0000 0.0000 0.0000 10.0000 0.0000 0.0000 0.0000 0.0000 0.0000 20.0000 0.0000 0.0000 10.0000 0.0000 0.0000 0.0000 0.0000 0.0000 20.0000 0.0000 0.0000 10.0000 0.0000 0.0000 0.0000 0.0000 0.0000 20.0000 0.0000 0.0000 10.0000 0.0000 0.0000 0.0000 0.0000 0.0000 20.0000 0.0000 0.0000 10.0000 0.0000 0.0000 0.0000 0.0000 0.0000 48.6474 -11.7431 25.6344 -31.3169 24.0522 14.8337 0.0000 0.0000 0.0000 0.0000 0.0000 0.0000 10.0000 0.0000 0.0000 10.0000 0.0000 0.0000 0.0000 0.0000 0.0000 20.0000 0.0000 0.0000 10.0000 0.0000 0.0000 0.0000 0.0000 0.0000 20.0000 0.0000 0.0000 10.0000 0.0000 0.0000 0.0000 0.0000 0.0000 20.0000 0.0000 0.0000 10.0000 0.0000 0.0000 0.0000 0.0000 0.0000 20.0000 0.0000 0.0000 10.0000 0.0000 0.0000 0.0000 0.0000 0.0000 0.0000 0.0000 0.0000 0.0000 0.0000 0.0000 0.0000 0.0000 0.0000 0.0000 0.0000 0.0000 0.0000 0.0000 0.0000
0.0000 95.0000 0.0000 0.0000 0.0000 0.0000 0.0000 0.0000 0.0000 0.0000 0.0000 0.0000 0.0000 0.0000 0.0000 0.0000 0.0000 0.0000 0.0000 0.0000 0.0000 0.0000 0.0000 0.0000 -1.1379 0.0753 7.5684 -19.5378 -2.2673 -21.9572 0.0000 0.0000 0.0000 0.0000 0.0000 0.0000 10.0000 0.0000 0.0000 10.0000 0.0000 0.0000 0.0000 0.0000 0.0000 20.0000 0.0000 0.0000 10.0000 0.0000 0.0000 0.0000 0.0000 0.0000 20.0000 0.0000 0.0000 10.0000 0.0000 0.0000 0.0000 0.0000 0.0000 20.0000 0.0000 0.0000 10.0000 0.0000 0.0000 0.0000 0.0000 0.0000 20.0000 0.0000 0.0000 10.0000 0.0000 0.0000 0.0000 0.0000 0.0000 45.6550 -3.8184 9.0560 -30.8623 13.6825 12.8617 0.0000 0.0000 0.0000 0.0000 0.0000 0.0000 10.0000 0.0000 0.0000 10.0000 0.0000 0.0000 0.0000 0.0000 0.0000 20.0000 0.0000 0.0000 10.0000 0.0000 0.0000 0.0000 0.0000 0.0000 20.0000 0.0000 0.0000 10.0000 0.0000 0.0000 0.0000 0.0000 0.0000 20.0000 0.0000 0.0000 10.0000 0.0000 0.0000 0.0000 0.0000 0.0000 20.0000 0.0000 0.0000 10.0000 0.0000 0.0000 0.0000 0.0000 0.0000 0.0000 0.0000 0.0000 0.0000 0.0000 0.0000 0.0000 0.0000 0.0000 0.0000 0.0000 0.0000 0.0000 0.0000 0.0000
0.0000 95.0000 0.0000 0.0000 0.0000 0.0000 0.0000 0.0000 0.0000 0.0000 0.0000 0.0000 0.0000 0.0000 0.0000 0.0000 0.0000 0.0000 0.0000 0.0000 0.0000 0.0000 0.0000 0.0000 -7.1143 0.7038 11.2849 -21.2193 -0.0647 -17.4906 0.0000 0.0000 0.0000 0.0000 0.0000 0.0000 10.0000 0.0000 0.0000 10.0000 0.0000 0.0000 0.0000 0.0000 0.0000 20.0000 0.0000 0.0000 10.0000 0.0000 0.0000 0.0000 0.0000 0.0000 20.0000 0.0000 0.0000 10.0000 0.0000 0.0000 0.0000 0.0000 0.0000 20.0000 0.0000 0.0000 10.0000 0.0000 0.0000 0.0000 0.0000 0.0000 20.0000 0.0000 0.0000 10.0000 0.0000 0.0000 0.0000 0.0000 0.0000 40.2292 3.8131 -10.3869 -29.2861 7.3174 15.4566 0.0000 0.0000 0.0000 0.0000 0.0000 0.0000 10.0000 0.0000 0.0000 10.0000 0.0000 0.0000 0.0000 0.0000 0.0000 20.0000 0.0000 0.0000 10.0000 0.0000 0.0000 0.0000 0.0000 0.0000 20.0000 0.0000 0.0000 10.0000 0.0000 0.0000 0.0000 0.0000 0.0000 20.0000 0.0000 0.0000 10.0000 0.0000 0.0000 0.0000 0.0000 0.0000 20.0000 0.0000 0.0000 10.0000 0.0000 0.0000 0.0000 0.0000 0.0000 0.0000 0.0000 0.0000 0.0000 0.0000 0.0000 0.0000 0.0000 0.0000 0.0000 0.0000 0.0000 0.0000 0.0000 0.0000
0.0000 95.0000 0.0000 0.0000 0.0000 0.0000 0.0000 0.0000 0.0000 0.0000 0.0000 0.0000 0.0000 0.0000 0.0000 0.0000 0.0000 0.0000 0.0000 0.0000 0.0000 0.0000 0.0000 0.0000 -10.6060 -0.9378 -10.0772 -16.4349 -2.5857 -21.4833 0.0000 0.0000 0.0000 0.0000 0.0000 0.0000 10.0000 0.0000 0.0000 10.0000 0.0000 0.0000 0.0000 0.0000 0.0000 20.0000 0.0000 0.0000 10.0000 0.0000 0.0000 0.0000 0.0000 0.0000 20.0000 0.0000 0.0000 10.0000 0.0000 0.0000 0.0000 0.0000 0.0000 20.0000 0.0000 0.0000 10.0000 0.0000 0.0000 0.0000 0.0000 0.0000 20.0000 0.0000 0.0000 10.0000 0.0000 0.0000 0.0000 0.0000 0.0000 38.2877 2.8518 -8.2028 -31.3925 -2.0678 1.1459 0.0000 0.0000 0.0000 0.0000 0.0000 0.0000 10.0000 0.0000 0.0000 10.0000 0.0000 0.0000 0.0000 0.0000 0.0000 20.0000 0.0000 0.0000 10.0000 0.0000 0.0000 0.0000 0.0000 0.0000 20.0000 0.0000 0.0000 10.0000 0.0000 0.0000 0.0000 0.0000 0.0000 20.0000 0.0000 0.0000 10.0000 0.0000 0.0000 0.0000 0.0000 0.0000 20.0000 0.0000 0.0000 10.0000 0.0000 0.0000 0.0000 0.0000 0.0000 0.0000 0.0000 0.0000 0.0000 0.0000 0.0000 0.0000 0.0000 0.0000 0.0000 0.0000 0.0000 0.0000 0.0000 0.0000
0.0000 95.0000 0.0000 0.0000 0.0000 0.0000 0.0000 0.0000 0.0000 0.0000 0.0000 0.0000 0.0000 0.0000 0.0000 0.0000 0.0000 0.0000 0.0000 0.0000 0.0000 0.0000 0.0000 0.0000 -12.1303 -2.2486 -20.9290 -13.0203 -2.5847 -20.4823 0.0000 0.0000 0.0000 0.0000 0.0000 0.0000 10.0000 0.0000 0.0000 10.0000 0.0000 0.0000 0.0000 0.0000 0.0000 20.0000 0.0000 0.0000 10.0000 0.0000 0.0000 0.0000 0.0000 0.0000 20.0000 0.0000 0.0000 10.0000 0.0000 0.0000 0.0000 0.0000 0.0000 20.0000 0.0000 0.0000 10.0000 0.0000 0.0000 0.0000 0.0000 0.0000 20.0000 0.0000 0.0000 10.0000 0.0000 0.0000 0.0000 0.0000 0.0000 34.5568 4.4924 -14.3743 -28.1312 7.5906 19.4855 0.0000 0.0000 0.0000 0.0000 0.0000 0.0000 10.0000 0.0000 0.0000 10.0000 0.0000 0.0000 0.0000 0.0000 0.0000 20.0000 0.0000 0.0000 10.0000 0.0000 0.0000 0.0000 0.0000 0.0000 20.0000 0.0000 0.0000 10.0000 0.0000 0.0000 0.0000 0.0000 0.0000 20.0000 0.0000 0.0000 10.0000 0.0000 0.0000 0.0000 0.0000 0.0000 20.0000 0.0000 0.0000 10.0000 0.0000 0.0000 0.0000 0.0000 0.0000 0.0000 0.0000 0.0000 0.0000 0.0000 0.0000 0.0000 0.0000 0.0000 0.0000 0.0000 0.0000 0.0000 0.0000 0.0000
0.0000 95.0000 0.0000 0.0000 0.0000 0.0000 0.0000 0.0000 0.0000 0.0000 0.0000 0.0000 0.0000 0.0000 0.0000 0.0000 0.0000 0.0000 0.0000 0.0000 0.0000 0.0000 0.0000 0.0000 -12.5419 -2.6468 -23.7448 -15.0352 -3.3923 -9.5867 0.0000 0.0000 0.0000 0.0000 0.0000 0.0000 10.0000 0.0000 0.0000 10.0000 0.0000 0.0000 0.0000 0.0000 0.0000 20.0000 0.0000 0.0000 10.0000 0.0000 0.0000 0.0000 0.0000 0.0000 20.0000 0.0000 0.0000 10.0000 0.0000 0.0000 0.0000 0.0000 0.0000 20.0000 0.0000 0.0000 10.0000 0.0000 0.0000 0.0000 0.0000 0.0000 20.0000 0.0000 0.0000 10.0000 0.0000 0.0000 0.0000 0.0000 0.0000 32.7998 1.8524 -6.2882 -25.4333 5.1625 12.2362 0.0000 0.0000 0.0000 0.0000 0.0000 0.0000 10.0000 0.0000 0.0000 10.0000 0.0000 0.0000 0.0000 0.0000 0.0000 20.0000 0.0000 0.0000 10.0000 0.0000 0.0000 0.0000 0.0000 0.0000 20.0000 0.0000 0.0000 10.0000 0.0000 0.0000 0.0000 0.0000 0.0000 20.0000 0.0000 0.0000 10.0000 0.0000 0.0000 0.0000 0.0000 0.0000 20.0000 0.0000 0.0000 10.0000 0.0000 0.0000 0.0000 0.0000 0.0000 0.0000 0.0000 0.0000 0.0000 0.0000 0.0000 0.0000 0.0000 0.0000 0.0000 0.0000 0.0000 0.0000 0.0000 0.0000
0.0000 95.0000 0.0000 0.0000 0.0000 0.0000 0.0000 0.0000 0.0000 0.0000 0.0000 0.0000 0.0000 0.0000 0.0000 0.0000 0.0000 0.0000 0.0000 0.0000 0.0000 0.0000 0.0000 0.0000 -10.2603 -0.4105 -4.5702 -16.7544 -0.1957 8.3547 0.0000 0.0000 0.0000 0.0000 0.0000 0.0000 10.0000 0.0000 0.0000 10.0000 0.0000 0.0000 0.0000 0.0000 0.0000 20.0000 0.0000 0.0000 10.0000 0.0000 0.0000 0.0000 0.0000 0.0000 20.0000 0.0000 0.0000 10.0000 0.0000 0.0000 0.0000 0.0000 0.0000 20.0000 0.0000 0.0000 10.0000 0.0000 0.0000 0.0000 0.0000 0.0000 20.0000 0.0000 0.0000 10.0000 0.0000 0.0000 0.0000 0.0000 0.0000 31.2323 1.7680 -6.3195 -21.8041 4.8886 12.5770 0.0000 0.0000 0.0000 0.0000 0.0000 0.0000 10.0000 0.0000 0.0000 10.0000 0.0000 0.0000 0.0000 0.0000 0.0000 20.0000 0.0000 0.0000 10.0000 0.0000 0.0000 0.0000 0.0000 0.0000 20.0000 0.0000 0.0000 10.0000 0.0000 0.0000 0.0000 0.0000 0.0000 20.0000 0.0000 0.0000 10.0000 0.0000 0.0000 0.0000 0.0000 0.0000 20.0000 0.0000 0.0000 10.0000 0.0000 0.0000 0.0000 0.0000 0.0000 0.0000 0.0000 0.0000 0.0000 0.0000 0.0000 0.0000 0.0000 0.0000 0.0000 0.0000 0.0000 0.0000 0.0000 0.0000
0.0000 95.0000 0.0000 0.0000 0.0000 0.0000 0.0000 0.0000 0.0000 0.0000 0.0000 0.0000 0.0000 0.0000 0.0000 0.0000 0.0000 0.0000 0.0000 0.0000 0.0000 0.0000 0.0000 0.0000 -7.5367 0.6909 10.4608 -20.4390 -0.2698 -18.9417 0.0000 0.0000 0.0000 0.0000 0.0000 0.0000 10.0000 0.0000 0.0000 10.0000 0.0000 0.0000 0.0000 0.0000 0.0000 20.0000 0.0000 0.0000 10.0000 0.0000 0.0000 0.0000 0.0000 0.0000 20.0000 0.0000 0.0000 10.0000 0.0000 0.0000 0.0000 0.0000 0.0000 20.0000 0.0000 0.0000 10.0000 0.0000 0.0000 0.0000 0.0000 0.0000 20.0000 0.0000 0.0000 10.0000 0.0000 0.0000 0.0000 0.0000 0.0000 31.6836 1.8033 -6.3491 -20.0090 5.0046 12.9611 0.0000 0.0000 0.0000 0.0000 0.0000 0.0000 10.0000 0.0000 0.0000 10.0000 0.0000 0.0000 0.0000 0.0000 0.0000 20.0000 0.0000 0.0000 10.0000 0.0000 0.0000 0.0000 0.0000 0.0000 20.0000 0.0000 0.0000 10.0000 0.0000 0.0000 0.0000 0.0000 0.0000 20.0000 0.0000 0.0000 10.0000 0.0000 0.0000 0.0000 0.0000 0.0000 20.0000 0.0000 0.0000 10.0000 0.0000 0.0000 0.0000 0.0000 0.0000 0.0000 0.0000 0.0000 0.0000 0.0000 0.0000 0.0000 0.0000 0.0000 0.0000 0.0000 0.0000 0.0000 0.0000 0.0000
0.0000 95.0000 0.0000 0.0000 0.0000 0.0000 0.0000 0.0000 0.0000 0.0000 0.0000 0.0000 0.0000 0.0000 0.0000 0.0000 0.0000 0.0000 0.0000 0.0000 0.0000 0.0000 0.0000 0.0000 -10.4526 0.6379 6.9653 -64.0286 -14.9342 -37.2309 0.0000 0.0000 0.0000 0.0000 0.0000 0.0000 10.0000 0.0000 0.0000 10.0000 0.0000 0.0000 0.0000 0.0000 0.0000 20.0000 0.0000 0.0000 10.0000 0.0000 0.0000 0.0000 0.0000 0.0000 20.0000 0.0000 0.0000 10.0000 0.0000 0.0000 0.0000 0.0000 0.0000 20.0000 0.0000 0.0000 10.0000 0.0000 0.0000 0.0000 0.0000 0.0000 20.0000 0.0000 0.0000 10.0000 0.0000 0.0000 0.0000 0.0000 0.0000 48.3125 2.8281 -6.3005 -32.5767 9.5295 14.1912 0.0000 0.0000 0.0000 0.0000 0.0000 0.0000 10.0000 0.0000 0.0000 10.0000 0.0000 0.0000 0.0000 0.0000 0.0000 20.0000 0.0000 0.0000 10.0000 0.0000 0.0000 0.0000 0.0000 0.0000 20.0000 0.0000 0.0000 10.0000 0.0000 0.0000 0.0000 0.0000 0.0000 20.0000 0.0000 0.0000 10.0000 0.0000 0.0000 0.0000 0.0000 0.0000 20.0000 0.0000 0.0000 10.0000 0.0000 0.0000 0.0000 0.0000 0.0000 0.0000 0.0000 0.0000 0.0000 0.0000 0.0000 0.0000 0.0000 0.0000 0.0000 0.0000 0.0000 0.0000 0.0000 0.0000
0.0000 95.0000 0.0000 0.0000 0.0000 0.0000 0.0000 0.0000 0.0000 0.0000 0.0000 0.0000 0.0000 0.0000 0.0000 0.0000 0.0000 0.0000 0.0000 0.0000 0.0000 0.0000 0.0000 0.0000 -16.4298 1.4618 10.0996 -96.0961 -44.4734 -63.4860 0.0000 0.0000 0.0000 0.0000 0.0000 0.0000 10.0000 0.0000 0.0000 10.0000 0.0000 0.0000 0.0000 0.0000 0.0000 20.0000 0.0000 0.0000 10.0000 0.0000 0.0000 0.0000 0.0000 0.0000 20.0000 0.0000 0.0000 10.0000 0.0000 0.0000 0.0000 0.0000 0.0000 20.0000 0.0000 0.0000 10.0000 0.0000 0.0000 0.0000 0.0000 0.0000 20.0000 0.0000 0.0000 10.0000 0.0000 0.0000 0.0000 0.0000 0.0000 66.7041 4.0188 -6.1026 -38.1476 23.4102 21.2971 0.0000 0.0000 0.0000 0.0000 0.0000 0.0000 10.0000 0.0000 0.0000 10.0000 0.0000 0.0000 0.0000 0.0000 0.0000 20.0000 0.0000 0.0000 10.0000 0.0000 0.0000 0.0000 0.0000 0.0000 20.0000 0.0000 0.0000 10.0000 0.0000 0.0000 0.0000 0.0000 0.0000 20.0000 0.0000 0.0000 10.0000 0.0000 0.0000 0.0000 0.0000 0.0000 20.0000 0.0000 0.0000 10.0000 0.0000 0.0000 0.0000 0.0000 0.0000 0.0000 0.0000 0.0000 0.0000 0.0000 0.0000 0.0000 0.0000 0.0000 0.0000 0.0000 0.0000 0.0000 0.0000 0.0000
0.0000 95.0000 0.0000 0.0000 0.0000 0.0000 0.0000 0.0000 0.0000 0.0000 0.0000 0.0000 0.0000 0.0000 0.0000 0.0000 0.0000 0.0000 0.0000 0.0000 0.0000 0.0000 0.0000 0.0000 -24.0962 2.8499 13.2955 -92.8234 -44.5419 -77.6273 0.0000 0.0000 0.0000 0.0000 0.0000 0.0000 10.0000 0.0000 0.0000 10.0000 0.0000 0.0000 0.0000 0.0000 0.0000 20.0000 0.0000 0.0000 10.0000 0.0000 0.0000 0.0000 0.0000 0.0000 20.0000 0.0000 0.0000 10.0000 0.0000 0.0000 0.0000 0.0000 0.0000 20.0000 0.0000 0.0000 10.0000 0.0000 0.0000 0.0000 0.0000 0.0000 20.0000 0.0000 0.0000 10.0000 0.0000 0.0000 0.0000 0.0000 0.0000 73.2492 12.7067 -17.0380 -16.8108 50.3127 58.4174 0.0000 0.0000 0.0000 0.0000 0.0000 0.0000 10.0000 0.0000 0.0000 10.0000 0.0000 0.0000 0.0000 0.0000 0.0000 20.0000 0.0000 0.0000 10.0000 0.0000 0.0000 0.0000 0.0000 0.0000 20.0000 0.0000 0.0000 10.0000 0.0000 0.0000 0.0000 0.0000 0.0000 20.0000 0.0000 0.0000 10.0000 0.0000 0.0000 0.0000 0.0000 0.0000 20.0000 0.0000 0.0000 10.0000 0.0000 0.0000 0.0000 0.0000 0.0000 0.0000 0.0000 0.0000 0.0000 0.0000 0.0000 0.0000 0.0000 0.0000 0.0000 0.0000 0.0000 0.0000 0.0000 0.0000
0.0000 95.0000 0.0000 0.0000 0.0000 0.0000 0.0000 0.0000 0.0000 0.0000 0.0000 0.0000 0.0000 0.0000 0.0000 0.0000 0.0000 0.0000 0.0000 0.0000 0.0000 0.0000 0.0000 0.0000 -29.5991 3.6789 13.8612 -93.8992 -37.5086 -74.5113 0.0000 0.0000 0.0000 0.0000 0.0000 0.0000 10.0000 0.0000 0.0000 10.0000 0.0000 0.0000 0.0000 0.0000 0.0000 20.0000 0.0000 0.0000 10.0000 0.0000 0.0000 0.0000 0.0000 0.0000 20.0000 0.0000 0.0000 10.0000 0.0000 0.0000 0.0000 0.0000 0.0000 20.0000 0.0000 0.0000 10.0000 0.0000 0.0000 0.0000 0.0000 0.0000 20.0000 0.0000 0.0000 10.0000 0.0000 0.0000 0.0000 0.0000 0.0000 74.8496 12.7815 -16.6539 -42.0527 48.6302 41.4434 0.0000 0.0000 0.0000 0.0000 0.0000 0.0000 10.0000 0.0000 0.0000 10.0000 0.0000 0.0000 0.0000 0.0000 0.0000 20.0000 0.0000 0.0000 10.0000 0.0000 0.0000 0.0000 0.0000 0.0000 20.0000 0.0000 0.0000 10.0000 0.0000 0.0000 0.0000 0.0000 0.0000 20.0000 0.0000 0.0000 10.0000 0.0000 0.0000 0.0000 0.0000 0.0000 20.0000 0.0000 0.0000 10.0000 0.0000 0.0000 0.0000 0.0000 0.0000 0.0000 0.0000 0.0000 0.0000 0.0000 0.0000 0.0000 0.0000 0.0000 0.0000 0.0000 0.0000 0.0000 0.0000 0.0000
0.0000 95.0000 0.0000 0.0000 0.0000 0.0000 0.0000 0.0000 0.0000 0.0000 0.0000 0.0000 0.0000 0.0000 0.0000 0.0000 0.0000 0.0000 0.0000 0.0000 0.0000 0.0000 0.0000 0.0000 -32.3143 3.6107 12.4183 -93.9833 -29.6720 -64.8524 0.0000 0.0000 0.0000 0.0000 0.0000 0.0000 10.0000 0.0000 0.0000 10.0000 0.0000 0.0000 0.0000 0.0000 0.0000 20.0000 0.0000 0.0000 10.0000 0.0000 0.0000 0.0000 0.0000 0.0000 20.0000 0.0000 0.0000 10.0000 0.0000 0.0000 0.0000 0.0000 0.0000 20.0000 0.0000 0.0000 10.0000 0.0000 0.0000 0.0000 0.0000 0.0000 20.0000 0.0000 0.0000 10.0000 0.0000 0.0000 0.0000 0.0000 0.0000 75.1620 4.6363 -6.0222 -61.3219 27.2097 15.3104 0.0000 0.0000 0.0000 0.0000 0.0000 0.0000 10.0000 0.0000 0.0000 10.0000 0.0000 0.0000 0.0000 0.0000 0.0000 20.0000 0.0000 0.0000 10.0000 0.0000 0.0000 0.0000 0.0000 0.0000 20.0000 0.0000 0.0000 10.0000 0.0000 0.0000 0.0000 0.0000 0.0000 20.0000 0.0000 0.0000 10.0000 0.0000 0.0000 0.0000 0.0000 0.0000 20.0000 0.0000 0.0000 10.0000 0.0000 0.0000 0.0000 0.0000 0.0000 0.0000 0.0000 0.0000 0.0000 0.0000 0.0000 0.0000 0.0000 0.0000 0.0000 0.0000 0.0000 0.0000 0.0000 0.0000
0.0000 95.0000 0.0000 0.0000 0.0000 0.0000 0.0000 0.0000 0.0000 0.0000 0.0000 0.0000 0.0000 0.0000 0.0000 0.0000 0.0000 0.0000 0.0000 0.0000 0.0000 0.0000 0.0000 0.0000 -33.6306 3.2082 10.5885 -90.1125 -20.4668 -52.8312 0.0000 0.0000 0.0000 0.0000 0.0000 0.0000 10.0000 0.0000 0.0000 10.0000 0.0000 0.0000 0.0000 0.0000 0.0000 20.0000 0.0000 0.0000 10.0000 0.0000 0.0000 0.0000 0.0000 0.0000 20.0000 0.0000 0.0000 10.0000 0.0000 0.0000 0.0000 0.0000 0.0000 20.0000 0.0000 0.0000 10.0000 0.0000 0.0000 0.0000 0.0000 0.0000 20.0000 0.0000 0.0000 10.0000 0.0000 0.0000 0.0000 0.0000 0.0000 70.5440 4.3219 -6.1075 -59.4986 19.4482 13.2782 0.0000 0.0000 0.0000 0.0000 0.0000 0.0000 10.0000 0.0000 0.0000 10.0000 0.0000 0.0000 0.0000 0.0000 0.0000 20.0000 0.0000 0.0000 10.0000 0.0000 0.0000 0.0000 0.0000 0.0000 20.0000 0.0000 0.0000 10.0000 0.0000 0.0000 0.0000 0.0000 0.0000 20.0000 0.0000 0.0000 10.0000 0.0000 0.0000 0.0000 0.0000 0.0000 20.0000 0.0000 0.0000 10.0000 0.0000 0.0000 0.0000 0.0000 0.0000 0.0000 0.0000 0.0000 0.0000 0.0000 0.0000 0.0000 0.0000 0.0000 0.0000 0.0000 0.0000 0.0000 0.0000 0.0000
0.0000 95.0000 0.0000 0.0000 0.0000 0.0000 0.0000 0.0000 0.0000 0.0000 0.0000 0.0000 0.0000 0.0000 0.0000 0.0000 0.0000 0.0000 0.0000 0.0000 0.0000 0.0000 0.0000 0.0000 -34.5648 2.8305 9.0804 -81.0647 -11.5361 -41.6243 0.0000 0.0000 0.0000 0.0000 0.0000 0.0000 10.0000 0.0000 0.0000 10.0000 0.0000 0.0000 0.0000 0.0000 0.0000 20.0000 0.0000 0.0000 10.0000 0.0000 0.0000 0.0000 0.0000 0.0000 20.0000 0.0000 0.0000 10.0000 0.0000 0.0000 0.0000 0.0000 0.0000 20.0000 0.0000 0.0000 10.0000 0.0000 0.0000 0.0000 0.0000 0.0000 20.0000 0.0000 0.0000 10.0000 0.0000 0.0000 0.0000 0.0000 0.0000 65.8519 4.0503 -6.2510 -53.7096 15.7711 13.1609 0.0000 0.0000 0.0000 0.0000 0.0000 0.0000 10.0000 0.0000 0.0000 10.0000 0.0000 0.0000 0.0000 0.0000 0.0000 20.0000 0.0000 0.0000 10.0000 0.0000 0.0000 0.0000 0.0000 0.0000 20.0000 0.0000 0.0000 10.0000 0.0000 0.0000 0.0000 0.0000 0.0000 20.0000 0.0000 0.0000 10.0000 0.0000 0.0000 0.0000 0.0000 0.0000 20.0000 0.0000 0.0000 10.0000 0.0000 0.0000 0.0000 0.0000 0.0000 0.0000 0.0000 0.0000 0.0000 0.0000 0.0000 0.0000 0.0000 0.0000 0.0000 0.0000 0.0000 0.0000 0.0000 0.0000
0.0000 95.0000 0.0000 0.0000 0.0000 0.0000 0.0000 0.0000 0.0000 0.0000 0.0000 0.0000 0.0000 0.0000 0.0000 0.0000 0.0000 0.0000 0.0000 0.0000 0.0000 0.0000 0.0000 0.0000 -35.4429 2.5569 7.9898 -68.6719 -4.8791 -32.5164 0.0000 0.0000 0.0000 0.0000 0.0000 0.0000 10.0000 0.0000 0.0000 10.0000 0.0000 0.0000 0.0000 0.0000 0.0000 20.0000 0.0000 0.0000 10.0000 0.0000 0.0000 0.0000 0.0000 0.0000 20.0000 0.0000 0.0000 10.0000 0.0000 0.0000 0.0000 0.0000 0.0000 20.0000 0.0000 0.0000 10.0000 0.0000 0.0000 0.0000 0.0000 0.0000 20.0000 0.0000 0.0000 10.0000 0.0000 0.0000 0.0000 0.0000 0.0000 60.8225 3.7820 -6.4389 -47.1078 13.2406 13.3800 0.0000 0.0000 0.0000 0.0000 0.0000 0.0000 10.0000 0.0000 0.0000 10.0000 0.0000 0.0000 0.0000 0.0000 0.0000 20.0000 0.0000 0.0000 10.0000 0.0000 0.0000 0.0000 0.0000 0.0000 20.0000 0.0000 0.0000 10.0000 0.0000 0.0000 0.0000 0.0000 0.0000 20.0000 0.0000 0.0000 10.0000 0.0000 0.0000 0.0000 0.0000 0.0000 20.0000 0.0000 0.0000 10.0000 0.0000 0.0000 0.0000 0.0000 0.0000 0.0000 0.0000 0.0000 0.0000 0.0000 0.0000 0.0000 0.0000 0.0000 0.0000 0.0000 0.0000 0.0000 0.0000 0.0000
0.0000 95.0000 0.0000 0.0000 0.0000 0.0000 0.0000 0.0000 0.0000 0.0000 0.0000 0.0000 0.0000 0.0000 0.0000 0.0000 0.0000 0.0000 0.0000 0.0000 0.0000 0.0000 0.0000 0.0000 -35.1547 2.2709 7.1604 -53.4358 -0.5481 -24.5467 0.0000 0.0000 0.0000 0.0000 0.0000 0.0000 10.0000 0.0000 0.0000 10.0000 0.0000 0.0000 0.0000 0.0000 0.0000 20.0000 0.0000 0.0000 10.0000 0.0000 0.0000 0.0000 0.0000 0.0000 20.0000 0.0000 0.0000 10.0000 0.0000 0.0000 0.0000 0.0000 0.0000 20.0000 0.0000 0.0000 10.0000 0.0000 0.0000 0.0000 0.0000 0.0000 20.0000 0.0000 0.0000 10.0000 0.0000 0.0000 0.0000 0.0000 0.0000 55.1728 3.4650 -6.6264 -40.8033 11.0064 13.4610 0.0000 0.0000 0.0000 0.0000 0.0000 0.0000 10.0000 0.0000 0.0000 10.0000 0.0000 0.0000 0.0000 0.0000 0.0000 20.0000 0.0000 0.0000 10.0000 0.0000 0.0000 0.0000 0.0000 0.0000 20.0000 0.0000 0.0000 10.0000 0.0000 0.0000 0.0000 0.0000 0.0000 20.0000 0.0000 0.0000 10.0000 0.0000 0.0000 0.0000 0.0000 0.0000 20.0000 0.0000 0.0000 10.0000 0.0000 0.0000 0.0000 0.0000 0.0000 0.0000 0.0000 0.0000 0.0000 0.0000 0.0000 0.0000 0.0000 0.0000 0.0000 0.0000 0.0000 0.0000 0.0000 0.0000
0.0000 95.0000 0.0000 0.0000 0.0000 0.0000 0.0000 0.0000 0.0000 0.0000 0.0000 0.0000 0.0000 0.0000 0.0000 0.0000 0.0000 0.0000 0.0000 0.0000 0.0000 0.0000 0.0000 0.0000 -34.3371 2.0344 6.5784 -40.2228 1.4039 -18.8015 0.0000 0.0000 0.0000 0.0000 0.0000 0.0000 10.0000 0.0000 0.0000 10.0000 0.0000 0.0000 0.0000 0.0000 0.0000 20.0000 0.0000 0.0000 10.0000 0.0000 0.0000 0.0000 0.0000 0.0000 20.0000 0.0000 0.0000 10.0000 0.0000 0.0000 0.0000 0.0000 0.0000 20.0000 0.0000 0.0000 10.0000 0.0000 0.0000 0.0000 0.0000 0.0000 20.0000 0.0000 0.0000 10.0000 0.0000 0.0000 0.0000 0.0000 0.0000 49.7803 3.1503 -6.7835 -35.0607 9.3145 13.5583 0.0000 0.0000 0.0000 0.0000 0.0000 0.0000 10.0000 0.0000 0.0000 10.0000 0.0000 0.0000 0.0000 0.0000 0.0000 20.0000 0.0000 0.0000 10.0000 0.0000 0.0000 0.0000 0.0000 0.0000 20.0000 0.0000 0.0000 10.0000 0.0000 0.0000 0.0000 0.0000 0.0000 20.0000 0.0000 0.0000 10.0000 0.0000 0.0000 0.0000 0.0000 0.0000 20.0000 0.0000 0.0000 10.0000 0.0000 0.0000 0.0000 0.0000 0.0000 0.0000 0.0000 0.0000 0.0000 0.0000 0.0000 0.0000 0.0000 0.0000 0.0000 0.0000 0.0000 0.0000 0.0000 0.0000
0.0000 95.0000 0.0000 0.0000 0.0000 0.0000 0.0000 0.0000 0.0000 0.0000 0.0000 0.0000 0.0000 0.0000 0.0000 0.0000 0.0000 0.0000 0.0000 0.0000 0.0000 0.0000 0.0000 0.0000 -33.4125 1.8617 6.1974 -31.0735 2.0495 -15.3839 0.0000 0.0000 0.0000 0.0000 0.0000 0.0000 10.0000 0.0000 0.0000 10.0000 0.0000 0.0000 0.0000 0.0000 0.0000 20.0000 0.0000 0.0000 10.0000 0.0000 0.0000 0.0000 0.0000 0.0000 20.0000 0.0000 0.0000 10.0000 0.0000 0.0000 0.0000 0.0000 0.0000 20.0000 0.0000 0.0000 10.0000 0.0000 0.0000 0.0000 0.0000 0.0000 20.0000 0.0000 0.0000 10.0000 0.0000 0.0000 0.0000 0.0000 0.0000 45.1047 2.8689 -6.9013 -30.0571 8.0598 13.6671 0.0000 0.0000 0.0000 0.0000 0.0000 0.0000 10.0000 0.0000 0.0000 10.0000 0.0000 0.0000 0.0000 0.0000 0.0000 20.0000 0.0000 0.0000 10.0000 0.0000 0.0000 0.0000 0.0000 0.0000 20.0000 0.0000 0.0000 10.0000 0.0000 0.0000 0.0000 0.0000 0.0000 20.0000 0.0000 0.0000 10.0000 0.0000 0.0000 0.0000 0.0000 0.0000 20.0000 0.0000 0.0000 10.0000 0.0000 0.0000 0.0000 0.0000 0.0000 0.0000 0.0000 0.0000 0.0000 0.0000 0.0000 0.0000 0.0000 0.0000 0.0000 0.0000 0.0000 0.0000 0.0000 0.0000
0.0000 95.0000 0.0000 0.0000 0.0000 0.0000 0.0000 0.0000 0.0000 0.0000 0.0000 0.0000 0.0000 0.0000 0.0000 0.0000 0.0000 0.0000 0.0000 0.0000 0.0000 0.0000 0.0000 0.0000 -25.0183 -6.0916 -26.9732 -5.9979 3.1035 -24.1820 0.0000 0.0000 0.0000 0.0000 0.0000 0.0000 10.0000 0.0000 0.0000 10.0000 0.0000 0.0000 0.0000 0.0000 0.0000 20.0000 0.0000 0.0000 10.0000 0.0000 0.0000 0.0000 0.0000 0.0000 20.0000 0.0000 0.0000 10.0000 0.0000 0.0000 0.0000 0.0000 0.0000 20.0000 0.0000 0.0000 10.0000 0.0000 0.0000 0.0000 0.0000 0.0000 20.0000 0.0000 0.0000 10.0000 0.0000 0.0000 0.0000 0.0000 0.0000 46.0238 -0.9576 2.2544 -35.9801 26.2877 28.7834 0.0000 0.0000 0.0000 0.0000 0.0000 0.0000 10.0000 0.0000 0.0000 10.0000 0.0000 0.0000 0.0000 0.0000 0.0000 20.0000 0.0000 0.0000 10.0000 0.0000 0.0000 0.0000 0.0000 0.0000 20.0000 0.0000 0.0000 10.0000 0.0000 0.0000 0.0000 0.0000 0.0000 20.0000 0.0000 0.0000 10.0000 0.0000 0.0000 0.0000 0.0000 0.0000 20.0000 0.0000 0.0000 10.0000 0.0000 0.0000 0.0000 0.0000 0.0000 0.0000 0.0000 0.0000 0.0000 0.0000 0.0000 0.0000 0.0000 0.0000 0.0000 0.0000 0.0000 0.0000 0.0000 0.0000
0.0000 95.0000 0.0000 0.0000 0.0000 0.0000 0.0000 0.0000 0.0000 0.0000 0.0000 0.0000 0.0000 0.0000 0.0000 0.0000 0.0000 0.0000 0.0000 0.0000 0.0000 0.0000 0.0000 0.0000 -9.8657 -5.2756 -56.1862 -0.1952 1.5473 -14.0908 0.0000 0.0000 0.0000 0.0000 0.0000 0.0000 10.0000 0.0000 0.0000 10.0000 0.0000 0.0000 0.0000 0.0000 0.0000 20.0000 0.0000 0.0000 10.0000 0.0000 0.0000 0.0000 0.0000 0.0000 20.0000 0.0000 0.0000 10.0000 0.0000 0.0000 0.0000 0.0000 0.0000 20.0000 0.0000 0.0000 10.0000 0.0000 0.0000 0.0000 0.0000 0.0000 20.0000 0.0000 0.0000 10.0000 0.0000 0.0000 0.0000 0.0000 0.0000 37.6338 -11.9610 34.1785 -31.0141 25.4900 16.4960 0.0000 0.0000 0.0000 0.0000 0.0000 0.0000 10.0000 0.0000 0.0000 10.0000 0.0000 0.0000 0.0000 0.0000 0.0000 20.0000 0.0000 0.0000 10.0000 0.0000 0.0000 0.0000 0.0000 0.0000 20.0000 0.0000 0.0000 10.0000 0.0000 0.0000 0.0000 0.0000 0.0000 20.0000 0.0000 0.0000 10.0000 0.0000 0.0000 0.0000 0.0000 0.0000 20.0000 0.0000 0.0000 10.0000 0.0000 0.0000 0.0000 0.0000 0.0000 0.0000 0.0000 0.0000 0.0000 0.0000 0.0000 0.0000 0.0000 0.0000 0.0000 0.0000 0.0000 0.0000 0.0000 0.0000
0.0000 95.0000 0.0000 0.0000 0.0000 0.0000 0.0000 0.0000 0.0000 0.0000 0.0000 0.0000 0.0000 0.0000 0.0000 0.0000 0.0000 0.0000 0.0000 0.0000 0.0000 0.0000 0.0000 0.0000 -3.7060 -2.3579 -64.9219 1.3881 1.4922 -9.1976 0.0000 0.0000 0.0000 0.0000 0.0000 0.0000 10.0000 0.0000 0.0000 10.0000 0.0000 0.0000 0.0000 0.0000 0.0000 20.0000 0.0000 0.0000 10.0000 0.0000 0.0000 0.0000 0.0000 0.0000 20.0000 0.0000 0.0000 10.0000 0.0000 0.0000 0.0000 0.0000 0.0000 20.0000 0.0000 0.0000 10.0000 0.0000 0.0000 0.0000 0.0000 0.0000 20.0000 0.0000 0.0000 10.0000 0.0000 0.0000 0.0000 0.0000 0.0000 32.6364 -13.5721 44.2391 -30.1617 22.7510 10.0134 0.0000 0.0000 0.0000 0.0000 0.0000 0.0000 10.0000 0.0000 0.0000 10.0000 0.0000 0.0000 0.0000 0.0000 0.0000 20.0000 0.0000 0.0000 10.0000 0.0000 0.0000 0.0000 0.0000 0.0000 20.0000 0.0000 0.0000 10.0000 0.0000 0.0000 0.0000 0.0000 0.0000 20.0000 0.0000 0.0000 10.0000 0.0000 0.0000 0.0000 0.0000 0.0000 20.0000 0.0000 0.0000 10.0000 0.0000 0.0000 0.0000 0.0000 0.0000 0.0000 0.0000 0.0000 0.0000 0.0000 0.0000 0.0000 0.0000 0.0000 0.0000 0.0000 0.0000 0.0000 0.0000 0.0000
0.0000 95.0000 0.0000 0.0000 0.0000 0.0000 0.0000 0.0000 0.0000 0.0000 0.0000 0.0000 0.0000 0.0000 0.0000 0.0000 0.0000 0.0000 0.0000 0.0000 0.0000 0.0000 0.0000 0.0000 -1.3494 -0.9141 -68.2294 2.4341 2.0060 -7.0704 0.0000 0.0000 0.0000 0.0000 0.0000 0.0000 10.0000 0.0000 0.0000 10.0000 0.0000 0.0000 0.0000 0.0000 0.0000 20.0000 0.0000 0.0000 10.0000 0.0000 0.0000 0.0000 0.0000 0.0000 20.0000 0.0000 0.0000 10.0000 0.0000 0.0000 0.0000 0.0000 0.0000 20.0000 0.0000 0.0000 10.0000 0.0000 0.0000 0.0000 0.0000 0.0000 20.0000 0.0000 0.0000 10.0000 0.0000 0.0000 0.0000 0.0000 0.0000 31.8616 -13.7278 45.7317 -32.3366 22.1648 6.7130 0.0000 0.0000 0.0000 0.0000 0.0000 0.0000 10.0000 0.0000 0.0000 10.0000 0.0000 0.0000 0.0000 0.0000 0.0000 20.0000 0.0000 0.0000 10.0000 0.0000 0.0000 0.0000 0.0000 0.0000 20.0000 0.0000 0.0000 10.0000 0.0000 0.0000 0.0000 0.0000 0.0000 20.0000 0.0000 0.0000 10.0000 0.0000 0.0000 0.0000 0.0000 0.0000 20.0000 0.0000 0.0000 10.0000 0.0000 0.0000 0.0000 0.0000 0.0000 0.0000 0.0000 0.0000 0.0000 0.0000 0.0000 0.0000 0.0000 0.0000 0.0000 0.0000 0.0000 0.0000 0.0000 0.0000
0.0000 95.0000 0.0000 0.0000 0.0000 0.0000 0.0000 0.0000 0.0000 0.0000 0.0000 0.0000 0.0000 0.0000 0.0000 0.0000 0.0000 0.0000 0.0000 0.0000 0.0000 0.0000 0.0000 0.0000 -0.7816 -0.5451 -69.7819 3.2938 2.6353 -6.1328 0.0000 0.0000 0.0000 0.0000 0.0000 0.0000 10.0000 0.0000 0.0000 10.0000 0.0000 0.0000 0.0000 0.0000 0.0000 20.0000 0.0000 0.0000 10.0000 0.0000 0.0000 0.0000 0.0000 0.0000 20.0000 0.0000 0.0000 10.0000 0.0000 0.0000 0.0000 0.0000 0.0000 20.0000 0.0000 0.0000 10.0000 0.0000 0.0000 0.0000 0.0000 0.0000 20.0000 0.0000 0.0000 10.0000 0.0000 0.0000 0.0000 0.0000 0.0000 33.0706 -13.5655 43.6641 -36.2630 22.3111 4.4717 0.0000 0.0000 0.0000 0.0000 0.0000 0.0000 10.0000 0.0000 0.0000 10.0000 0.0000 0.0000 0.0000 0.0000 0.0000 20.0000 0.0000 0.0000 10.0000 0.0000 0.0000 0.0000 0.0000 0.0000 20.0000 0.0000 0.0000 10.0000 0.0000 0.0000 0.0000 0.0000 0.0000 20.0000 0.0000 0.0000 10.0000 0.0000 0.0000 0.0000 0.0000 0.0000 20.0000 0.0000 0.0000 10.0000 0.0000 0.0000 0.0000 0.0000 0.0000 0.0000 0.0000 0.0000 0.0000 0.0000 0.0000 0.0000 0.0000 0.0000 0.0000 0.0000 0.0000 0.0000 0.0000 0.0000
0.0000 95.0000 0.0000 0.0000 0.0000 0.0000 0.0000 0.0000 0.0000 0.0000 0.0000 0.0000 0.0000 0.0000 0.0000 0.0000 0.0000 0.0000 0.0000 0.0000 0.0000 0.0000 0.0000 0.0000 -1.2047 -0.8543 -70.6869 4.1160 3.3306 -5.6472 0.0000 0.0000 0.0000 0.0000 0.0000 0.0000 10.0000 0.0000 0.0000 10.0000 0.0000 0.0000 0.0000 0.0000 0.0000 20.0000 0.0000 0.0000 10.0000 0.0000 0.0000 0.0000 0.0000 0.0000 20.0000 0.0000 0.0000 10.0000 0.0000 0.0000 0.0000 0.0000 0.0000 20.0000 0.0000 0.0000 10.0000 0.0000 0.0000 0.0000 0.0000 0.0000 20.0000 0.0000 0.0000 10.0000 0.0000 0.0000 0.0000 0.0000 0.0000 35.2219 -13.1047 39.7851 -41.1067 22.5306 2.8922 0.0000 0.0000 0.0000 0.0000 0.0000 0.0000 10.0000 0.0000 0.0000 10.0000 0.0000 0.0000 0.0000 0.0000 0.0000 20.0000 0.0000 0.0000 10.0000 0.0000 0.0000 0.0000 0.0000 0.0000 20.0000 0.0000 0.0000 10.0000 0.0000 0.0000 0.0000 0.0000 0.0000 20.0000 0.0000 0.0000 10.0000 0.0000 0.0000 0.0000 0.0000 0.0000 20.0000 0.0000 0.0000 10.0000 0.0000 0.0000 0.0000 0.0000 0.0000 0.0000 0.0000 0.0000 0.0000 0.0000 0.0000 0.0000 0.0000 0.0000 0.0000 0.0000 0.0000 0.0000 0.0000 0.0000
0.0000 95.0000 0.0000 0.0000 0.0000 0.0000 0.0000 0.0000 0.0000 0.0000 0.0000 0.0000 0.0000 0.0000 0.0000 0.0000 0.0000 0.0000 0.0000 0.0000 0.0000 0.0000 0.0000 0.0000 -2.2032 -1.5803 -71.2984 4.9714 4.1082 -5.4387 0.0000 0.0000 0.0000 0.0000 0.0000 0.0000 10.0000 0.0000 0.0000 10.0000 0.0000 0.0000 0.0000 0.0000 0.0000 20.0000 0.0000 0.0000 10.0000 0.0000 0.0000 0.0000 0.0000 0.0000 20.0000 0.0000 0.0000 10.0000 0.0000 0.0000 0.0000 0.0000 0.0000 20.0000 0.0000 0.0000 10.0000 0.0000 0.0000 0.0000 0.0000 0.0000 20.0000 0.0000 0.0000 10.0000 0.0000 0.0000 0.0000 0.0000 0.0000 37.6987 -12.3041 35.0453 -45.8647 22.9897 2.5881 0.0000 0.0000 0.0000 0.0000 0.0000 0.0000 10.0000 0.0000 0.0000 10.0000 0.0000 0.0000 0.0000 0.0000 0.0000 20.0000 0.0000 0.0000 10.0000 0.0000 0.0000 0.0000 0.0000 0.0000 20.0000 0.0000 0.0000 10.0000 0.0000 0.0000 0.0000 0.0000 0.0000 20.0000 0.0000 0.0000 10.0000 0.0000 0.0000 0.0000 0.0000 0.0000 20.0000 0.0000 0.0000 10.0000 0.0000 0.0000 0.0000 0.0000 0.0000 0.0000 0.0000 0.0000 0.0000 0.0000 0.0000 0.0000 0.0000 0.0000 0.0000 0.0000 0.0000 0.0000 0.0000 0.0000
0.0000 95.0000 0.0000 0.0000 0.0000 0.0000 0.0000 0.0000 0.0000 0.0000 0.0000 0.0000 0.0000 0.0000 0.0000 0.0000 0.0000 0.0000 0.0000 0.0000 0.0000 0.0000 0.0000 0.0000 -3.5741 -2.5837 -71.7164 5.9648 5.0612 -5.5459 0.0000 0.0000 0.0000 0.0000 0.0000 0.0000 10.0000 0.0000 0.0000 10.0000 0.0000 0.0000 0.0000 0.0000 0.0000 20.0000 0.0000 0.0000 10.0000 0.0000 0.0000 0.0000 0.0000 0.0000 20.0000 0.0000 0.0000 10.0000 0.0000 0.0000 0.0000 0.0000 0.0000 20.0000 0.0000 0.0000 10.0000 0.0000 0.0000 0.0000 0.0000 0.0000 20.0000 0.0000 0.0000 10.0000 0.0000 0.0000 0.0000 0.0000 0.0000 40.5596 -10.8993 28.9535 -53.9410 18.2469 -2.7145 0.0000 0.0000 0.0000 0.0000 0.0000 0.0000 10.0000 0.0000 0.0000 10.0000 0.0000 0.0000 0.0000 0.0000 0.0000 20.0000 0.0000 0.0000 10.0000 0.0000 0.0000 0.0000 0.0000 0.0000 20.0000 0.0000 0.0000 10.0000 0.0000 0.0000 0.0000 0.0000 0.0000 20.0000 0.0000 0.0000 10.0000 0.0000 0.0000 0.0000 0.0000 0.0000 20.0000 0.0000 0.0000 10.0000 0.0000 0.0000 0.0000 0.0000 0.0000 0.0000 0.0000 0.0000 0.0000 0.0000 0.0000 0.0000 0.0000 0.0000 0.0000 0.0000 0.0000 0.0000 0.0000 0.0000
0.0000 95.0000 0.0000 0.0000 0.0000 0.0000 0.0000 0.0000 0.0000 0.0000 0.0000 0.0000 0.0000 0.0000 0.0000 0.0000 0.0000 0.0000 0.0000 0.0000 0.0000 0.0000 0.0000 0.0000 -5.5412 -4.0208 -71.9102 7.8998 6.8693 -5.7950 0.0000 0.0000 0.0000 0.0000 0.0000 0.0000 10.0000 0.0000 0.0000 10.0000 0.0000 0.0000 0.0000 0.0000 0.0000 20.0000 0.0000 0.0000 10.0000 0.0000 0.0000 0.0000 0.0000 0.0000 20.0000 0.0000 0.0000 10.0000 0.0000 0.0000 0.0000 0.0000 0.0000 20.0000 0.0000 0.0000 10.0000 0.0000 0.0000 0.0000 0.0000 0.0000 20.0000 0.0000 0.0000 10.0000 0.0000 0.0000 0.0000 0.0000 0.0000 44.2345 -7.7719 18.9774 -62.8133 6.1814 -8.7135 0.0000 0.0000 0.0000 0.0000 0.0000 0.0000 10.0000 0.0000 0.0000 10.0000 0.0000 0.0000 0.0000 0.0000 0.0000 20.0000 0.0000 0.0000 10.0000 0.0000 0.0000 0.0000 0.0000 0.0000 20.0000 0.0000 0.0000 10.0000 0.0000 0.0000 0.0000 0.0000 0.0000 20.0000 0.0000 0.0000 10.0000 0.0000 0.0000 0.0000 0.0000 0.0000 20.0000 0.0000 0.0000 10.0000 0.0000 0.0000 0.0000 0.0000 0.0000 0.0000 0.0000 0.0000 0.0000 0.0000 0.0000 0.0000 0.0000 0.0000 0.0000 0.0000 0.0000 0.0000 0.0000 0.0000
0.0000 95.0000 0.0000 0.0000 0.0000 0.0000 0.0000 0.0000 0.0000 0.0000 0.0000 0.0000 0.0000 0.0000 0.0000 0.0000 0.0000 0.0000 0.0000 0.0000 0.0000 0.0000 0.0000 0.0000 -8.0034 -5.8026 -71.8428 10.1151 9.0339 -6.1772 0.0000 0.0000 0.0000 0.0000 0.0000 0.0000 10.0000 0.0000 0.0000 10.0000 0.0000 0.0000 0.0000 0.0000 0.0000 20.0000 0.0000 0.0000 10.0000 0.0000 0.0000 0.0000 0.0000 0.0000 20.0000 0.0000 0.0000 10.0000 0.0000 0.0000 0.0000 0.0000 0.0000 20.0000 0.0000 0.0000 10.0000 0.0000 0.0000 0.0000 0.0000 0.0000 20.0000 0.0000 0.0000 10.0000 0.0000 0.0000 0.0000 0.0000 0.0000 47.0301 -2.5479 5.8514 -66.5749 -10.3746 -10.9979 0.0000 0.0000 0.0000 0.0000 0.0000 0.0000 10.0000 0.0000 0.0000 10.0000 0.0000 0.0000 0.0000 0.0000 0.0000 20.0000 0.0000 0.0000 10.0000 0.0000 0.0000 0.0000 0.0000 0.0000 20.0000 0.0000 0.0000 10.0000 0.0000 0.0000 0.0000 0.0000 0.0000 20.0000 0.0000 0.0000 10.0000 0.0000 0.0000 0.0000 0.0000 0.0000 20.0000 0.0000 0.0000 10.0000 0.0000 0.0000 0.0000 0.0000 0.0000 0.0000 0.0000 0.0000 0.0000 0.0000 0.0000 0.0000 0.0000 0.0000 0.0000 0.0000 0.0000 0.0000 0.0000 0.0000
0.0000 95.0000 0.0000 0.0000 0.0000 0.0000 0.0000 0.0000 0.0000 0.0000 0.0000 0.0000 0.0000 0.0000 0.0000 0.0000 0.0000 0.0000 0.0000 0.0000 0.0000 0.0000 0.0000 0.0000 -10.4499 -7.5189 -71.3987 9.7563 9.1140 -6.7430 0.0000 0.0000 0.0000 0.0000 0.0000 0.0000 10.0000 0.0000 0.0000 10.0000 0.0000 0.0000 0.0000 0.0000 0.0000 20.0000 0.0000 0.0000 10.0000 0.0000 0.0000 0.0000 0.0000 0.0000 20.0000 0.0000 0.0000 10.0000 0.0000 0.0000 0.0000 0.0000 0.0000 20.0000 0.0000 0.0000 10.0000 0.0000 0.0000 0.0000 0.0000 0.0000 20.0000 0.0000 0.0000 10.0000 0.0000 0.0000 0.0000 0.0000 0.0000 50.1469 -9.2215 19.5600 -68.4696 9.3694 -8.6069 0.0000 0.0000 0.0000 0.0000 0.0000 0.0000 10.0000 0.0000 0.0000 10.0000 0.0000 0.0000 0.0000 0.0000 0.0000 20.0000 0.0000 0.0000 10.0000 0.0000 0.0000 0.0000 0.0000 0.0000 20.0000 0.0000 0.0000 10.0000 0.0000 0.0000 0.0000 0.0000 0.0000 20.0000 0.0000 0.0000 10.0000 0.0000 0.0000 0.0000 0.0000 0.0000 20.0000 0.0000 0.0000 10.0000 0.0000 0.0000 0.0000 0.0000 0.0000 0.0000 0.0000 0.0000 0.0000 0.0000 0.0000 0.0000 0.0000 0.0000 0.0000 0.0000 0.0000 0.0000 0.0000 0.0000
0.0000 95.0000 0.0000 0.0000 0.0000 0.0000 0.0000 0.0000 0.0000 0.0000 0.0000 0.0000 0.0000 0.0000 0.0000 0.0000 0.0000 0.0000 0.0000 0.0000 0.0000 0.0000 0.0000 0.0000 -10.4914 -7.2123 -68.9341 9.5608 7.7507 -3.8077 0.0000 0.0000 0.0000 0.0000 0.0000 0.0000 10.0000 0.0000 0.0000 10.0000 0.0000 0.0000 0.0000 0.0000 0.0000 20.0000 0.0000 0.0000 10.0000 0.0000 0.0000 0.0000 0.0000 0.0000 20.0000 0.0000 0.0000 10.0000 0.0000 0.0000 0.0000 0.0000 0.0000 20.0000 0.0000 0.0000 10.0000 0.0000 0.0000 0.0000 0.0000 0.0000 20.0000 0.0000 0.0000 10.0000 0.0000 0.0000 0.0000 0.0000 0.0000 43.9446 -16.6417 39.8511 -50.5701 27.0169 -1.7769 0.0000 0.0000 0.0000 0.0000 0.0000 0.0000 10.0000 0.0000 0.0000 10.0000 0.0000 0.0000 0.0000 0.0000 0.0000 20.0000 0.0000 0.0000 10.0000 0.0000 0.0000 0.0000 0.0000 0.0000 20.0000 0.0000 0.0000 10.0000 0.0000 0.0000 0.0000 0.0000 0.0000 20.0000 0.0000 0.0000 10.0000 0.0000 0.0000 0.0000 0.0000 0.0000 20.0000 0.0000 0.0000 10.0000 0.0000 0.0000 0.0000 0.0000 0.0000 0.0000 0.0000 0.0000 0.0000 0.0000 0.0000 0.0000 0.0000 0.0000 0.0000 0.0000 0.0000 0.0000 0.0000 0.0000
0.0000 95.0000 0.0000 0.0000 0.0000 0.0000 0.0000 0.0000 0.0000 0.0000 0.0000 0.0000 0.0000 0.0000 0.0000 0.0000 0.0000 0.0000 0.0000 0.0000 0.0000 0.0000 0.0000 0.0000 -13.1392 -3.3593 -28.5705 15.8392 -1.3113 20.6518 0.0000 0.0000 0.0000 0.0000 0.0000 0.0000 10.0000 0.0000 0.0000 10.0000 0.0000 0.0000 0.0000 0.0000 0.0000 20.0000 0.0000 0.0000 10.0000 0.0000 0.0000 0.0000 0.0000 0.0000 20.0000 0.0000 0.0000 10.0000 0.0000 0.0000 0.0000 0.0000 0.0000 20.0000 0.0000 0.0000 10.0000 0.0000 0.0000 0.0000 0.0000 0.0000 20.0000 0.0000 0.0000 10.0000 0.0000 0.0000 0.0000 0.0000 0.0000 45.9300 -12.2600 28.4439 -54.8204 19.7064 -2.7041 0.0000 0.0000 0.0000 0.0000 0.0000 0.0000 10.0000 0.0000 0.0000 10.0000 0.0000 0.0000 0.0000 0.0000 0.0000 20.0000 0.0000 0.0000 10.0000 0.0000 0.0000 0.0000 0.0000 0.0000 20.0000 0.0000 0.0000 10.0000 0.0000 0.0000 0.0000 0.0000 0.0000 20.0000 0.0000 0.0000 10.0000 0.0000 0.0000 0.0000 0.0000 0.0000 20.0000 0.0000 0.0000 10.0000 0.0000 0.0000 0.0000 0.0000 0.0000 0.0000 0.0000 0.0000 0.0000 0.0000 0.0000 0.0000 0.0000 0.0000 0.0000 0.0000 0.0000 0.0000 0.0000 0.0000
0.0000 95.0000 0.0000 0.0000 0.0000 0.0000 0.0000 0.0000 0.0000 0.0000 0.0000 0.0000 0.0000 0.0000 0.0000 0.0000 0.0000 0.0000 0.0000 0.0000 0.0000 0.0000 0.0000 0.0000 -13.2443 -4.0855 -34.1568 15.5192 -4.4178 35.4562 0.0000 0.0000 0.0000 0.0000 0.0000 0.0000 10.0000 0.0000 0.0000 10.0000 0.0000 0.0000 0.0000 0.0000 0.0000 20.0000 0.0000 0.0000 10.0000 0.0000 0.0000 0.0000 0.0000 0.0000 20.0000 0.0000 0.0000 10.0000 0.0000 0.0000 0.0000 0.0000 0.0000 20.0000 0.0000 0.0000 10.0000 0.0000 0.0000 0.0000 0.0000 0.0000 20.0000 0.0000 0.0000 10.0000 0.0000 0.0000 0.0000 0.0000 0.0000 41.5949 -17.0940 43.1768 -46.9903 25.3636 -2.3548 0.0000 0.0000 0.0000 0.0000 0.0000 0.0000 10.0000 0.0000 0.0000 10.0000 0.0000 0.0000 0.0000 0.0000 0.0000 20.0000 0.0000 0.0000 10.0000 0.0000 0.0000 0.0000 0.0000 0.0000 20.0000 0.0000 0.0000 10.0000 0.0000 0.0000 0.0000 0.0000 0.0000 20.0000 0.0000 0.0000 10.0000 0.0000 0.0000 0.0000 0.0000 0.0000 20.0000 0.0000 0.0000 10.0000 0.0000 0.0000 0.0000 0.0000 0.0000 0.0000 0.0000 0.0000 0.0000 0.0000 0.0000 0.0000 0.0000 0.0000 0.0000 0.0000 0.0000 0.0000 0.0000 0.0000
0.0000 95.0000 0.0000 0.0000 0.0000 0.0000 0.0000 0.0000 0.0000 0.0000 0.0000 0.0000 0.0000 0.0000 0.0000 0.0000 0.0000 0.0000 0.0000 0.0000 0.0000 0.0000 0.0000 0.0000 -12.8426 -4.1252 -35.4899 15.8343 0.5048 17.5210 0.0000 0.0000 0.0000 0.0000 0.0000 0.0000 10.0000 0.0000 0.0000 10.0000 0.0000 0.0000 0.0000 0.0000 0.0000 20.0000 0.0000 0.0000 10.0000 0.0000 0.0000 0.0000 0.0000 0.0000 20.0000 0.0000 0.0000 10.0000 0.0000 0.0000 0.0000 0.0000 0.0000 20.0000 0.0000 0.0000 10.0000 0.0000 0.0000 0.0000 0.0000 0.0000 20.0000 0.0000 0.0000 10.0000 0.0000 0.0000 0.0000 0.0000 0.0000 36.9753 -18.4271 51.7591 -40.7503 24.5947 -2.7623 0.0000 0.0000 0.0000 0.0000 0.0000 0.0000 10.0000 0.0000 0.0000 10.0000 0.0000 0.0000 0.0000 0.0000 0.0000 20.0000 0.0000 0.0000 10.0000 0.0000 0.0000 0.0000 0.0000 0.0000 20.0000 0.0000 0.0000 10.0000 0.0000 0.0000 0.0000 0.0000 0.0000 20.0000 0.0000 0.0000 10.0000 0.0000 0.0000 0.0000 0.0000 0.0000 20.0000 0.0000 0.0000 10.0000 0.0000 0.0000 0.0000 0.0000 0.0000 0.0000 0.0000 0.0000 0.0000 0.0000 0.0000 0.0000 0.0000 0.0000 0.0000 0.0000 0.0000 0.0000 0.0000 0.0000
0.0000 95.0000 0.0000 0.0000 0.0000 0.0000 0.0000 0.0000 0.0000 0.0000 0.0000 0.0000 0.0000 0.0000 0.0000 0.0000 0.0000 0.0000 0.0000 0.0000 0.0000 0.0000 0.0000 0.0000 -12.9444 -5.0284 -42.3187 14.6709 1.9635 14.4398 0.0000 0.0000 0.0000 0.0000 0.0000 0.0000 10.0000 0.0000 0.0000 10.0000 0.0000 0.0000 0.0000 0.0000 0.0000 20.0000 0.0000 0.0000 10.0000 0.0000 0.0000 0.0000 0.0000 0.0000 20.0000 0.0000 0.0000 10.0000 0.0000 0.0000 0.0000 0.0000 0.0000 20.0000 0.0000 0.0000 10.0000 0.0000 0.0000 0.0000 0.0000 0.0000 20.0000 0.0000 0.0000 10.0000 0.0000 0.0000 0.0000 0.0000 0.0000 34.2192 -19.0983 57.3130 -38.0734 22.7142 -5.2175 0.0000 0.0000 0.0000 0.0000 0.0000 0.0000 10.0000 0.0000 0.0000 10.0000 0.0000 0.0000 0.0000 0.0000 0.0000 20.0000 0.0000 0.0000 10.0000 0.0000 0.0000 0.0000 0.0000 0.0000 20.0000 0.0000 0.0000 10.0000 0.0000 0.0000 0.0000 0.0000 0.0000 20.0000 0.0000 0.0000 10.0000 0.0000 0.0000 0.0000 0.0000 0.0000 20.0000 0.0000 0.0000 10.0000 0.0000 0.0000 0.0000 0.0000 0.0000 0.0000 0.0000 0.0000 0.0000 0.0000 0.0000 0.0000 0.0000 0.0000 0.0000 0.0000 0.0000 0.0000 0.0000 0.0000
0.0000 95.0000 0.0000 0.0000 0.0000 0.0000 0.0000 0.0000 0.0000 0.0000 0.0000 0.0000 0.0000 0.0000 0.0000 0.0000 0.0000 0.0000 0.0000 0.0000 0.0000 0.0000 0.0000 0.0000 -10.2149 -1.4692 -16.3278 14.0648 -0.2128 10.4916 0.0000 0.0000 0.0000 0.0000 0.0000 0.0000 10.0000 0.0000 0.0000 10.0000 0.0000 0.0000 0.0000 0.0000 0.0000 20.0000 0.0000 0.0000 10.0000 0.0000 0.0000 0.0000 0.0000 0.0000 20.0000 0.0000 0.0000 10.0000 0.0000 0.0000 0.0000 0.0000 0.0000 20.0000 0.0000 0.0000 10.0000 0.0000 0.0000 0.0000 0.0000 0.0000 20.0000 0.0000 0.0000 10.0000 0.0000 0.0000 0.0000 0.0000 0.0000 45.6241 -14.2795 33.1680 -55.6638 5.3454 -17.2069 0.0000 0.0000 0.0000 0.0000 0.0000 0.0000 10.0000 0.0000 0.0000 10.0000 0.0000 0.0000 0.0000 0.0000 0.0000 20.0000 0.0000 0.0000 10.0000 0.0000 0.0000 0.0000 0.0000 0.0000 20.0000 0.0000 0.0000 10.0000 0.0000 0.0000 0.0000 0.0000 0.0000 20.0000 0.0000 0.0000 10.0000 0.0000 0.0000 0.0000 0.0000 0.0000 20.0000 0.0000 0.0000 10.0000 0.0000 0.0000 0.0000 0.0000 0.0000 0.0000 0.0000 0.0000 0.0000 0.0000 0.0000 0.0000 0.0000 0.0000 0.0000 0.0000 0.0000 0.0000 0.0000 0.0000
0.0000 95.0000 0.0000 0.0000 0.0000 0.0000 0.0000 0.0000 0.0000 0.0000 0.0000 0.0000 0.0000 0.0000 0.0000 0.0000 0.0000 0.0000 0.0000 0.0000 0.0000 0.0000 0.0000 0.0000 -4.8697 0.2710 6.3677 9.4209 1.3261 -14.7698 0.0000 0.0000 0.0000 0.0000 0.0000 0.0000 10.0000 0.0000 0.0000 10.0000 0.0000 0.0000 0.0000 0.0000 0.0000 20.0000 0.0000 0.0000 10.0000 0.0000 0.0000 0.0000 0.0000 0.0000 20.0000 0.0000 0.0000 10.0000 0.0000 0.0000 0.0000 0.0000 0.0000 20.0000 0.0000 0.0000 10.0000 0.0000 0.0000 0.0000 0.0000 0.0000 20.0000 0.0000 0.0000 10.0000 0.0000 0.0000 0.0000 0.0000 0.0000 41.4969 -17.4565 44.1213 -48.7638 15.6586 -12.4420 0.0000 0.0000 0.0000 0.0000 0.0000 0.0000 10.0000 0.0000 0.0000 10.0000 0.0000 0.0000 0.0000 0.0000 0.0000 20.0000 0.0000 0.0000 10.0000 0.0000 0.0000 0.0000 0.0000 0.0000 20.0000 0.0000 0.0000 10.0000 0.0000 0.0000 0.0000 0.0000 0.0000 20.0000 0.0000 0.0000 10.0000 0.0000 0.0000 0.0000 0.0000 0.0000 20.0000 0.0000 0.0000 10.0000 0.0000 0.0000 0.0000 0.0000 0.0000 0.0000 0.0000 0.0000 0.0000 0.0000 0.0000 0.0000 0.0000 0.0000 0.0000 0.0000 0.0000 0.0000 0.0000 0.0000
0.0000 95.0000 0.0000 0.0000 0.0000 0.0000 0.0000 0.0000 0.0000 0.0000 0.0000 0.0000 0.0000 0.0000 0.0000 0.0000 0.0000 0.0000 0.0000 0.0000 0.0000 0.0000 0.0000 0.0000 2.1301 -0.1357 7.2877 5.2059 0.1417 -17.5911 0.0000 0.0000 0.0000 0.0000 0.0000 0.0000 10.0000 0.0000 0.0000 10.0000 0.0000 0.0000 0.0000 0.0000 0.0000 20.0000 0.0000 0.0000 10.0000 0.0000 0.0000 0.0000 0.0000 0.0000 20.0000 0.0000 0.0000 10.0000 0.0000 0.0000 0.0000 0.0000 0.0000 20.0000 0.0000 0.0000 10.0000 0.0000 0.0000 0.0000 0.0000 0.0000 20.0000 0.0000 0.0000 10.0000 0.0000 0.0000 0.0000 0.0000 0.0000 47.7284 -7.6292 17.1418 -54.6023 -13.3562 -21.8260 0.0000 0.0000 0.0000 0.0000 0.0000 0.0000 10.0000 0.0000 0.0000 10.0000 0.0000 0.0000 0.0000 0.0000 0.0000 20.0000 0.0000 0.0000 10.0000 0.0000 0.0000 0.0000 0.0000 0.0000 20.0000 0.0000 0.0000 10.0000 0.0000 0.0000 0.0000 0.0000 0.0000 20.0000 0.0000 0.0000 10.0000 0.0000 0.0000 0.0000 0.0000 0.0000 20.0000 0.0000 0.0000 10.0000 0.0000 0.0000 0.0000 0.0000 0.0000 0.0000 0.0000 0.0000 0.0000 0.0000 0.0000 0.0000 0.0000 0.0000 0.0000 0.0000 0.0000 0.0000 0.0000 0.0000
0.0000 95.0000 0.0000 0.0000 0.0000 0.0000 0.0000 0.0000 0.0000 0.0000 0.0000 0.0000 0.0000 0.0000 0.0000 0.0000 0.0000 0.0000 0.0000 0.0000 0.0000 0.0000 0.0000 0.0000 4.7787 -0.3158 7.5565 3.7953 -0.4069 -18.1480 0.0000 0.0000 0.0000 0.0000 0.0000 0.0000 10.0000 0.0000 0.0000 10.0000 0.0000 0.0000 0.0000 0.0000 0.0000 20.0000 0.0000 0.0000 10.0000 0.0000 0.0000 0.0000 0.0000 0.0000 20.0000 0.0000 0.0000 10.0000 0.0000 0.0000 0.0000 0.0000 0.0000 20.0000 0.0000 0.0000 10.0000 0.0000 0.0000 0.0000 0.0000 0.0000 20.0000 0.0000 0.0000 10.0000 0.0000 0.0000 0.0000 0.0000 0.0000 42.6520 3.6017 -9.2087 -49.7071 8.4469 13.8803 0.0000 0.0000 0.0000 0.0000 0.0000 0.0000 10.0000 0.0000 0.0000 10.0000 0.0000 0.0000 0.0000 0.0000 0.0000 20.0000 0.0000 0.0000 10.0000 0.0000 0.0000 0.0000 0.0000 0.0000 20.0000 0.0000 0.0000 10.0000 0.0000 0.0000 0.0000 0.0000 0.0000 20.0000 0.0000 0.0000 10.0000 0.0000 0.0000 0.0000 0.0000 0.0000 20.0000 0.0000 0.0000 10.0000 0.0000 0.0000 0.0000 0.0000 0.0000 0.0000 0.0000 0.0000 0.0000 0.0000 0.0000 0.0000 0.0000 0.0000 0.0000 0.0000 0.0000 0.0000 0.0000 0.0000
0.0000 95.0000 0.0000 0.0000 0.0000 0.0000 0.0000 0.0000 0.0000 0.0000 0.0000 0.0000 0.0000 0.0000 0.0000 0.0000 0.0000 0.0000 0.0000 0.0000 0.0000 0.0000 0.0000 0.0000 4.9994 -0.3481 7.9617 2.4332 -0.5638 -17.5678 0.0000 0.0000 0.0000 0.0000 0.0000 0.0000 10.0000 0.0000 0.0000 10.0000 0.0000 0.0000 0.0000 0.0000 0.0000 20.0000 0.0000 0.0000 10.0000 0.0000 0.0000 0.0000 0.0000 0.0000 20.0000 0.0000 0.0000 10.0000 0.0000 0.0000 0.0000 0.0000 0.0000 20.0000 0.0000 0.0000 10.0000 0.0000 0.0000 0.0000 0.0000 0.0000 20.0000 0.0000 0.0000 10.0000 0.0000 0.0000 0.0000 0.0000 0.0000 47.2687 -4.4690 10.1908 -53.2679 -5.7868 -11.2904 0.0000 0.0000 0.0000 0.0000 0.0000 0.0000 10.0000 0.0000 0.0000 10.0000 0.0000 0.0000 0.0000 0.0000 0.0000 20.0000 0.0000 0.0000 10.0000 0.0000 0.0000 0.0000 0.0000 0.0000 20.0000 0.0000 0.0000 10.0000 0.0000 0.0000 0.0000 0.0000 0.0000 20.0000 0.0000 0.0000 10.0000 0.0000 0.0000 0.0000 0.0000 0.0000 20.0000 0.0000 0.0000 10.0000 0.0000 0.0000 0.0000 0.0000 0.0000 0.0000 0.0000 0.0000 0.0000 0.0000 0.0000 0.0000 0.0000 0.0000 0.0000 0.0000 0.0000 0.0000 0.0000 0.0000
0.0000 95.0000 0.0000 0.0000 0.0000 0.0000 0.0000 0.0000 0.0000 0.0000 0.0000 0.0000 0.0000 0.0000 0.0000 0.0000 0.0000 0.0000 0.0000 0.0000 0.0000 0.0000 0.0000 0.0000 1.9147 -0.1232 7.3596 5.6823 0.1423 -15.4157 0.0000 0.0000 0.0000 0.0000 0.0000 0.0000 10.0000 0.0000 0.0000 10.0000 0.0000 0.0000 0.0000 0.0000 0.0000 20.0000 0.0000 0.0000 10.0000 0.0000 0.0000 0.0000 0.0000 0.0000 20.0000 0.0000 0.0000 10.0000 0.0000 0.0000 0.0000 0.0000 0.0000 20.0000 0.0000 0.0000 10.0000 0.0000 0.0000 0.0000 0.0000 0.0000 20.0000 0.0000 0.0000 10.0000 0.0000 0.0000 0.0000 0.0000 0.0000 46.0117 -12.4096 28.7246 -48.4675 21.4602 1.5160 0.0000 0.0000 0.0000 0.0000 0.0000 0.0000 10.0000 0.0000 0.0000 10.0000 0.0000 0.0000 0.0000 0.0000 0.0000 20.0000 0.0000 0.0000 10.0000 0.0000 0.0000 0.0000 0.0000 0.0000 20.0000 0.0000 0.0000 10.0000 0.0000 0.0000 0.0000 0.0000 0.0000 20.0000 0.0000 0.0000 10.0000 0.0000 0.0000 0.0000 0.0000 0.0000 20.0000 0.0000 0.0000 10.0000 0.0000 0.0000 0.0000 0.0000 0.0000 0.0000 0.0000 0.0000 0.0000 0.0000 0.0000 0.0000 0.0000 0.0000 0.0000 0.0000 0.0000 0.0000 0.0000 0.0000
0.0000 95.0000 0.0000 0.0000 0.0000 0.0000 0.0000 0.0000 0.0000 0.0000 0.0000 0.0000 0.0000 0.0000 0.0000 0.0000 0.0000 0.0000 0.0000 0.0000 0.0000 0.0000 0.0000 0.0000 1.5639 -0.1041 7.6192 5.7535 0.1853 -15.5194 0.0000 0.0000 0.0000 0.0000 0.0000 0.0000 10.0000 0.0000 0.0000 10.0000 0.0000 0.0000 0.0000 0.0000 0.0000 20.0000 0.0000 0.0000 10.0000 0.0000 0.0000 0.0000 0.0000 0.0000 20.0000 0.0000 0.0000 10.0000 0.0000 0.0000 0.0000 0.0000 0.0000 20.0000 0.0000 0.0000 10.0000 0.0000 0.0000 0.0000 0.0000 0.0000 20.0000 0.0000 0.0000 10.0000 0.0000 0.0000 0.0000 0.0000 0.0000 42.4136 -16.4540 40.8736 -41.8807 25.0007 1.9503 0.0000 0.0000 0.0000 0.0000 0.0000 0.0000 10.0000 0.0000 0.0000 10.0000 0.0000 0.0000 0.0000 0.0000 0.0000 20.0000 0.0000 0.0000 10.0000 0.0000 0.0000 0.0000 0.0000 0.0000 20.0000 0.0000 0.0000 10.0000 0.0000 0.0000 0.0000 0.0000 0.0000 20.0000 0.0000 0.0000 10.0000 0.0000 0.0000 0.0000 0.0000 0.0000 20.0000 0.0000 0.0000 10.0000 0.0000 0.0000 0.0000 0.0000 0.0000 0.0000 0.0000 0.0000 0.0000 0.0000 0.0000 0.0000 0.0000 0.0000 0.0000 0.0000 0.0000 0.0000 0.0000 0.0000
0.0000 95.0000 0.0000 0.0000 0.0000 0.0000 0.0000 0.0000 0.0000 0.0000 0.0000 0.0000 0.0000 0.0000 0.0000 0.0000 0.0000 0.0000 0.0000 0.0000 0.0000 0.0000 0.0000 0.0000 0.4031 -0.0245 6.9681 6.0578 0.3669 -14.8813 0.0000 0.0000 0.0000 0.0000 0.0000 0.0000 10.0000 0.0000 0.0000 10.0000 0.0000 0.0000 0.0000 0.0000 0.0000 20.0000 0.0000 0.0000 10.0000 0.0000 0.0000 0.0000 0.0000 0.0000 20.0000 0.0000 0.0000 10.0000 0.0000 0.0000 0.0000 0.0000 0.0000 20.0000 0.0000 0.0000 10.0000 0.0000 0.0000 0.0000 0.0000 0.0000 20.0000 0.0000 0.0000 10.0000 0.0000 0.0000 0.0000 0.0000 0.0000 49.5859 -9.6331 20.6765 -50.9777 23.7711 6.3782 0.0000 0.0000 0.0000 0.0000 0.0000 0.0000 10.0000 0.0000 0.0000 10.0000 0.0000 0.0000 0.0000 0.0000 0.0000 20.0000 0.0000 0.0000 10.0000 0.0000 0.0000 0.0000 0.0000 0.0000 20.0000 0.0000 0.0000 10.0000 0.0000 0.0000 0.0000 0.0000 0.0000 20.0000 0.0000 0.0000 10.0000 0.0000 0.0000 0.0000 0.0000 0.0000 20.0000 0.0000 0.0000 10.0000 0.0000 0.0000 0.0000 0.0000 0.0000 0.0000 0.0000 0.0000 0.0000 0.0000 0.0000 0.0000 0.0000 0.0000 0.0000 0.0000 0.0000 0.0000 0.0000 0.0000
0.0000 95.0000 0.0000 0.0000 0.0000 0.0000 0.0000 0.0000 0.0000 0.0000 0.0000 0.0000 0.0000 0.0000 0.0000 0.0000 0.0000 0.0000 0.0000 0.0000 0.0000 0.0000 0.0000 0.0000 -5.1476 -0.1542 -3.4292 9.9743 1.9356 -12.2182 0.0000 0.0000 0.0000 0.0000 0.0000 0.0000 10.0000 0.0000 0.0000 10.0000 0.0000 0.0000 0.0000 0.0000 0.0000 20.0000 0.0000 0.0000 10.0000 0.0000 0.0000 0.0000 0.0000 0.0000 20.0000 0.0000 0.0000 10.0000 0.0000 0.0000 0.0000 0.0000 0.0000 20.0000 0.0000 0.0000 10.0000 0.0000 0.0000 0.0000 0.0000 0.0000 20.0000 0.0000 0.0000 10.0000 0.0000 0.0000 0.0000 0.0000 0.0000 43.8575 -16.4867 39.5840 -46.2329 24.3285 -1.1098 0.0000 0.0000 0.0000 0.0000 0.0000 0.0000 10.0000 0.0000 0.0000 10.0000 0.0000 0.0000 0.0000 0.0000 0.0000 20.0000 0.0000 0.0000 10.0000 0.0000 0.0000 0.0000 0.0000 0.0000 20.0000 0.0000 0.0000 10.0000 0.0000 0.0000 0.0000 0.0000 0.0000 20.0000 0.0000 0.0000 10.0000 0.0000 0.0000 0.0000 0.0000 0.0000 20.0000 0.0000 0.0000 10.0000 0.0000 0.0000 0.0000 0.0000 0.0000 0.0000 0.0000 0.0000 0.0000 0.0000 0.0000 0.0000 0.0000 0.0000 0.0000 0.0000 0.0000 0.0000 0.0000 0.0000
0.0000 95.0000 0.0000 0.0000 0.0000 0.0000 0.0000 0.0000 0.0000 0.0000 0.0000 0.0000 0.0000 0.0000 0.0000 0.0000 0.0000 0.0000 0.0000 0.0000 0.0000 0.0000 0.0000 0.0000 -1.2386 0.1326 12.2246 9.8443 -0.9867 -0.7255 0.0000 0.0000 0.0000 0.0000 0.0000 0.0000 10.0000 0.0000 0.0000 10.0000 0.0000 0.0000 0.0000 0.0000 0.0000 20.0000 0.0000 0.0000 10.0000 0.0000 0.0000 0.0000 0.0000 0.0000 20.0000 0.0000 0.0000 10.0000 0.0000 0.0000 0.0000 0.0000 0.0000 20.0000 0.0000 0.0000 10.0000 0.0000 0.0000 0.0000 0.0000 0.0000 20.0000 0.0000 0.0000 10.0000 0.0000 0.0000 0.0000 0.0000 0.0000 48.8045 -8.0582 17.6507 -57.2327 4.3036 -8.3751 0.0000 0.0000 0.0000 0.0000 0.0000 0.0000 10.0000 0.0000 0.0000 10.0000 0.0000 0.0000 0.0000 0.0000 0.0000 20.0000 0.0000 0.0000 10.0000 0.0000 0.0000 0.0000 0.0000 0.0000 20.0000 0.0000 0.0000 10.0000 0.0000 0.0000 0.0000 0.0000 0.0000 20.0000 0.0000 0.0000 10.0000 0.0000 0.0000 0.0000 0.0000 0.0000 20.0000 0.0000 0.0000 10.0000 0.0000 0.0000 0.0000 0.0000 0.0000 0.0000 0.0000 0.0000 0.0000 0.0000 0.0000 0.0000 0.0000 0.0000 0.0000 0.0000 0.0000 0.0000 0.0000 0.0000
0.0000 95.0000 0.0000 0.0000 0.0000 0.0000 0.0000 0.0000 0.0000 0.0000 0.0000 0.0000 0.0000 0.0000 0.0000 0.0000 0.0000 0.0000 0.0000 0.0000 0.0000 0.0000 0.0000 0.0000 -0.0953 0.0050 6.0283 9.9481 0.5608 -12.3468 0.0000 0.0000 0.0000 0.0000 0.0000 0.0000 10.0000 0.0000 0.0000 10.0000 0.0000 0.0000 0.0000 0.0000 0.0000 20.0000 0.0000 0.0000 10.0000 0.0000 0.0000 0.0000 0.0000 0.0000 20.0000 0.0000 0.0000 10.0000 0.0000 0.0000 0.0000 0.0000 0.0000 20.0000 0.0000 0.0000 10.0000 0.0000 0.0000 0.0000 0.0000 0.0000 20.0000 0.0000 0.0000 10.0000 0.0000 0.0000 0.0000 0.0000 0.0000 47.6913 -3.6082 8.1522 -55.3614 0.9634 -4.5204 0.0000 0.0000 0.0000 0.0000 0.0000 0.0000 10.0000 0.0000 0.0000 10.0000 0.0000 0.0000 0.0000 0.0000 0.0000 20.0000 0.0000 0.0000 10.0000 0.0000 0.0000 0.0000 0.0000 0.0000 20.0000 0.0000 0.0000 10.0000 0.0000 0.0000 0.0000 0.0000 0.0000 20.0000 0.0000 0.0000 10.0000 0.0000 0.0000 0.0000 0.0000 0.0000 20.0000 0.0000 0.0000 10.0000 0.0000 0.0000 0.0000 0.0000 0.0000 0.0000 0.0000 0.0000 0.0000 0.0000 0.0000 0.0000 0.0000 0.0000 0.0000 0.0000 0.0000 0.0000 0.0000 0.0000
0.0000 95.0000 0.0000 0.0000 0.0000 0.0000 0.0000 0.0000 0.0000 0.0000 0.0000 0.0000 0.0000 0.0000 0.0000 0.0000 0.0000 0.0000 0.0000 0.0000 0.0000 0.0000 0.0000 0.0000 0.3132 -0.0164 6.0083 9.8034 0.5342 -12.6348 0.0000 0.0000 0.0000 0.0000 0.0000 0.0000 10.0000 0.0000 0.0000 10.0000 0.0000 0.0000 0.0000 0.0000 0.0000 20.0000 0.0000 0.0000 10.0000 0.0000 0.0000 0.0000 0.0000 0.0000 20.0000 0.0000 0.0000 10.0000 0.0000 0.0000 0.0000 0.0000 0.0000 20.0000 0.0000 0.0000 10.0000 0.0000 0.0000 0.0000 0.0000 0.0000 20.0000 0.0000 0.0000 10.0000 0.0000 0.0000 0.0000 0.0000 0.0000 40.2406 4.6400 -12.6212 -44.6893 8.8930 17.2972 0.0000 0.0000 0.0000 0.0000 0.0000 0.0000 10.0000 0.0000 0.0000 10.0000 0.0000 0.0000 0.0000 0.0000 0.0000 20.0000 0.0000 0.0000 10.0000 0.0000 0.0000 0.0000 0.0000 0.0000 20.0000 0.0000 0.0000 10.0000 0.0000 0.0000 0.0000 0.0000 0.0000 20.0000 0.0000 0.0000 10.0000 0.0000 0.0000 0.0000 0.0000 0.0000 20.0000 0.0000 0.0000 10.0000 0.0000 0.0000 0.0000 0.0000 0.0000 0.0000 0.0000 0.0000 0.0000 0.0000 0.0000 0.0000 0.0000 0.0000 0.0000 0.0000 0.0000 0.0000 0.0000 0.0000
0.0000 95.0000 0.0000 0.0000 0.0000 0.0000 0.0000 0.0000 0.0000 0.0000 0.0000 0.0000 0.0000 0.0000 0.0000 0.0000 0.0000 0.0000 0.0000 0.0000 0.0000 0.0000 0.0000 0.0000 -1.3513 -0.1995 -16.7970 9.9255 1.4296 0.4085 0.0000 0.0000 0.0000 0.0000 0.0000 0.0000 10.0000 0.0000 0.0000 10.0000 0.0000 0.0000 0.0000 0.0000 0.0000 20.0000 0.0000 0.0000 10.0000 0.0000 0.0000 0.0000 0.0000 0.0000 20.0000 0.0000 0.0000 10.0000 0.0000 0.0000 0.0000 0.0000 0.0000 20.0000 0.0000 0.0000 10.0000 0.0000 0.0000 0.0000 0.0000 0.0000 20.0000 0.0000 0.0000 10.0000 0.0000 0.0000 0.0000 0.0000 0.0000 38.0612 2.1422 -6.2054 -43.5555 6.5863 11.3625 0.0000 0.0000 0.0000 0.0000 0.0000 0.0000 10.0000 0.0000 0.0000 10.0000 0.0000 0.0000 0.0000 0.0000 0.0000 20.0000 0.0000 0.0000 10.0000 0.0000 0.0000 0.0000 0.0000 0.0000 20.0000 0.0000 0.0000 10.0000 0.0000 0.0000 0.0000 0.0000 0.0000 20.0000 0.0000 0.0000 10.0000 0.0000 0.0000 0.0000 0.0000 0.0000 20.0000 0.0000 0.0000 10.0000 0.0000 0.0000 0.0000 0.0000 0.0000 0.0000 0.0000 0.0000 0.0000 0.0000 0.0000 0.0000 0.0000 0.0000 0.0000 0.0000 0.0000 0.0000 0.0000 0.0000
0.0000 95.0000 0.0000 0.0000 0.0000 0.0000 0.0000 0.0000 0.0000 0.0000 0.0000 0.0000 0.0000 0.0000 0.0000 0.0000 0.0000 0.0000 0.0000 0.0000 0.0000 0.0000 0.0000 0.0000 0.8965 0.0259 -3.3126 2.7598 -0.0450 7.6717 0.0000 0.0000 0.0000 0.0000 0.0000 0.0000 10.0000 0.0000 0.0000 10.0000 0.0000 0.0000 0.0000 0.0000 0.0000 20.0000 0.0000 0.0000 10.0000 0.0000 0.0000 0.0000 0.0000 0.0000 20.0000 0.0000 0.0000 10.0000 0.0000 0.0000 0.0000 0.0000 0.0000 20.0000 0.0000 0.0000 10.0000 0.0000 0.0000 0.0000 0.0000 0.0000 20.0000 0.0000 0.0000 10.0000 0.0000 0.0000 0.0000 0.0000 0.0000 33.6778 2.0792 -6.8624 -35.7716 6.3083 12.9734 0.0000 0.0000 0.0000 0.0000 0.0000 0.0000 10.0000 0.0000 0.0000 10.0000 0.0000 0.0000 0.0000 0.0000 0.0000 20.0000 0.0000 0.0000 10.0000 0.0000 0.0000 0.0000 0.0000 0.0000 20.0000 0.0000 0.0000 10.0000 0.0000 0.0000 0.0000 0.0000 0.0000 20.0000 0.0000 0.0000 10.0000 0.0000 0.0000 0.0000 0.0000 0.0000 20.0000 0.0000 0.0000 10.0000 0.0000 0.0000 0.0000 0.0000 0.0000 0.0000 0.0000 0.0000 0.0000 0.0000 0.0000 0.0000 0.0000 0.0000 0.0000 0.0000 0.0000 0.0000 0.0000 0.0000
0.0000 95.0000 0.0000 0.0000 0.0000 0.0000 0.0000 0.0000 0.0000 0.0000 0.0000 0.0000 0.0000 0.0000 0.0000 0.0000 0.0000 0.0000 0.0000 0.0000 0.0000 0.0000 0.0000 0.0000 -5.5787 -0.3747 -7.6801 4.2655 0.5370 -2.8772 0.0000 0.0000 0.0000 0.0000 0.0000 0.0000 10.0000 0.0000 0.0000 10.0000 0.0000 0.0000 0.0000 0.0000 0.0000 20.0000 0.0000 0.0000 10.0000 0.0000 0.0000 0.0000 0.0000 0.0000 20.0000 0.0000 0.0000 10.0000 0.0000 0.0000 0.0000 0.0000 0.0000 20.0000 0.0000 0.0000 10.0000 0.0000 0.0000 0.0000 0.0000 0.0000 20.0000 0.0000 0.0000 10.0000 0.0000 0.0000 0.0000 0.0000 0.0000 35.9902 1.9828 -6.0989 -35.5103 5.5678 11.0856 0.0000 0.0000 0.0000 0.0000 0.0000 0.0000 10.0000 0.0000 0.0000 10.0000 0.0000 0.0000 0.0000 0.0000 0.0000 20.0000 0.0000 0.0000 10.0000 0.0000 0.0000 0.0000 0.0000 0.0000 20.0000 0.0000 0.0000 10.0000 0.0000 0.0000 0.0000 0.0000 0.0000 20.0000 0.0000 0.0000 10.0000 0.0000 0.0000 0.0000 0.0000 0.0000 20.0000 0.0000 0.0000 10.0000 0.0000 0.0000 0.0000 0.0000 0.0000 0.0000 0.0000 0.0000 0.0000 0.0000 0.0000 0.0000 0.0000 0.0000 0.0000 0.0000 0.0000 0.0000 0.0000 0.0000
0.0000 95.0000 0.0000 0.0000 0.0000 0.0000 0.0000 0.0000 0.0000 0.0000 0.0000 0.0000 0.0000 0.0000 0.0000 0.0000 0.0000 0.0000 0.0000 0.0000 0.0000 0.0000 0.0000 0.0000 -13.9318 -2.2928 -18.6033 7.1154 5.0978 -19.6755 0.0000 0.0000 0.0000 0.0000 0.0000 0.0000 10.0000 0.0000 0.0000 10.0000 0.0000 0.0000 0.0000 0.0000 0.0000 20.0000 0.0000 0.0000 10.0000 0.0000 0.0000 0.0000 0.0000 0.0000 20.0000 0.0000 0.0000 10.0000 0.0000 0.0000 0.0000 0.0000 0.0000 20.0000 0.0000 0.0000 10.0000 0.0000 0.0000 0.0000 0.0000 0.0000 20.0000 0.0000 0.0000 10.0000 0.0000 0.0000 0.0000 0.0000 0.0000 42.5814 -0.7057 1.8109 -34.6584 20.6826 24.7321 0.0000 0.0000 0.0000 0.0000 0.0000 0.0000 10.0000 0.0000 0.0000 10.0000 0.0000 0.0000 0.0000 0.0000 0.0000 20.0000 0.0000 0.0000 10.0000 0.0000 0.0000 0.0000 0.0000 0.0000 20.0000 0.0000 0.0000 10.0000 0.0000 0.0000 0.0000 0.0000 0.0000 20.0000 0.0000 0.0000 10.0000 0.0000 0.0000 0.0000 0.0000 0.0000 20.0000 0.0000 0.0000 10.0000 0.0000 0.0000 0.0000 0.0000 0.0000 0.0000 0.0000 0.0000 0.0000 0.0000 0.0000 0.0000 0.0000 0.0000 0.0000 0.0000 0.0000 0.0000 0.0000 0.0000
0.0000 95.0000 0.0000 0.0000 0.0000 0.0000 0.0000 0.0000 0.0000 0.0000 0.0000 0.0000 0.0000 0.0000 0.0000 0.0000 0.0000 0.0000 0.0000 0.0000 0.0000 0.0000 0.0000 0.0000 -9.9218 0.0507 0.5843 6.9437 0.9107 -6.3806 0.0000 0.0000 0.0000 0.0000 0.0000 0.0000 10.0000 0.0000 0.0000 10.0000 0.0000 0.0000 0.0000 0.0000 0.0000 20.0000 0.0000 0.0000 10.0000 0.0000 0.0000 0.0000 0.0000 0.0000 20.0000 0.0000 0.0000 10.0000 0.0000 0.0000 0.0000 0.0000 0.0000 20.0000 0.0000 0.0000 10.0000 0.0000 0.0000 0.0000 0.0000 0.0000 20.0000 0.0000 0.0000 10.0000 0.0000 0.0000 0.0000 0.0000 0.0000 44.4377 2.9854 -7.3003 -38.8216 15.6054 21.5852 0.0000 0.0000 0.0000 0.0000 0.0000 0.0000 10.0000 0.0000 0.0000 10.0000 0.0000 0.0000 0.0000 0.0000 0.0000 20.0000 0.0000 0.0000 10.0000 0.0000 0.0000 0.0000 0.0000 0.0000 20.0000 0.0000 0.0000 10.0000 0.0000 0.0000 0.0000 0.0000 0.0000 20.0000 0.0000 0.0000 10.0000 0.0000 0.0000 0.0000 0.0000 0.0000 20.0000 0.0000 0.0000 10.0000 0.0000 0.0000 0.0000 0.0000 0.0000 0.0000 0.0000 0.0000 0.0000 0.0000 0.0000 0.0000 0.0000 0.0000 0.0000 0.0000 0.0000 0.0000 0.0000 0.0000
0.0000 95.0000 0.0000 0.0000 0.0000 0.0000 0.0000 0.0000 0.0000 0.0000 0.0000 0.0000 0.0000 0.0000 0.0000 0.0000 0.0000 0.0000 0.0000 0.0000 0.0000 0.0000 0.0000 0.0000 -6.1933 0.3247 5.9973 4.2287 1.1812 -15.3682 0.0000 0.0000 0.0000 0.0000 0.0000 0.0000 10.0000 0.0000 0.0000 10.0000 0.0000 0.0000 0.0000 0.0000 0.0000 20.0000 0.0000 0.0000 10.0000 0.0000 0.0000 0.0000 0.0000 0.0000 20.0000 0.0000 0.0000 10.0000 0.0000 0.0000 0.0000 0.0000 0.0000 20.0000 0.0000 0.0000 10.0000 0.0000 0.0000 0.0000 0.0000 0.0000 20.0000 0.0000 0.0000 10.0000 0.0000 0.0000 0.0000 0.0000 0.0000 44.9595 6.7654 -16.2586 -39.8575 10.8435 20.7733 0.0000 0.0000 0.0000 0.0000 0.0000 0.0000 10.0000 0.0000 0.0000 10.0000 0.0000 0.0000 0.0000 0.0000 0.0000 20.0000 0.0000 0.0000 10.0000 0.0000 0.0000 0.0000 0.0000 0.0000 20.0000 0.0000 0.0000 10.0000 0.0000 0.0000 0.0000 0.0000 0.0000 20.0000 0.0000 0.0000 10.0000 0.0000 0.0000 0.0000 0.0000 0.0000 20.0000 0.0000 0.0000 10.0000 0.0000 0.0000 0.0000 0.0000 0.0000 0.0000 0.0000 0.0000 0.0000 0.0000 0.0000 0.0000 0.0000 0.0000 0.0000 0.0000 0.0000 0.0000 0.0000 0.0000
0.0000 95.0000 0.0000 0.0000 0.0000 0.0000 0.0000 0.0000 0.0000 0.0000 0.0000 0.0000 0.0000 0.0000 0.0000 0.0000 0.0000 0.0000 0.0000 0.0000 0.0000 0.0000 0.0000 0.0000 -3.3103 0.1878 6.4908 1.7343 0.7577 -19.3759 0.0000 0.0000 0.0000 0.0000 0.0000 0.0000 10.0000 0.0000 0.0000 10.0000 0.0000 0.0000 0.0000 0.0000 0.0000 20.0000 0.0000 0.0000 10.0000 0.0000 0.0000 0.0000 0.0000 0.0000 20.0000 0.0000 0.0000 10.0000 0.0000 0.0000 0.0000 0.0000 0.0000 20.0000 0.0000 0.0000 10.0000 0.0000 0.0000 0.0000 0.0000 0.0000 20.0000 0.0000 0.0000 10.0000 0.0000 0.0000 0.0000 0.0000 0.0000 47.6756 2.7492 -6.2172 -41.1701 8.4548 12.0594 0.0000 0.0000 0.0000 0.0000 0.0000 0.0000 10.0000 0.0000 0.0000 10.0000 0.0000 0.0000 0.0000 0.0000 0.0000 20.0000 0.0000 0.0000 10.0000 0.0000 0.0000 0.0000 0.0000 0.0000 20.0000 0.0000 0.0000 10.0000 0.0000 0.0000 0.0000 0.0000 0.0000 20.0000 0.0000 0.0000 10.0000 0.0000 0.0000 0.0000 0.0000 0.0000 20.0000 0.0000 0.0000 10.0000 0.0000 0.0000 0.0000 0.0000 0.0000 0.0000 0.0000 0.0000 0.0000 0.0000 0.0000 0.0000 0.0000 0.0000 0.0000 0.0000 0.0000 0.0000 0.0000 0.0000
0.0000 95.0000 0.0000 0.0000 0.0000 0.0000 0.0000 0.0000 0.0000 0.0000 0.0000 0.0000 0.0000 0.0000 0.0000 0.0000 0.0000 0.0000 0.0000 0.0000 0.0000 0.0000 0.0000 0.0000 -1.4040 0.0844 6.8807 -0.8490 0.1573 -21.8489 0.0000 0.0000 0.0000 0.0000 0.0000 0.0000 10.0000 0.0000 0.0000 10.0000 0.0000 0.0000 0.0000 0.0000 0.0000 20.0000 0.0000 0.0000 10.0000 0.0000 0.0000 0.0000 0.0000 0.0000 20.0000 0.0000 0.0000 10.0000 0.0000 0.0000 0.0000 0.0000 0.0000 20.0000 0.0000 0.0000 10.0000 0.0000 0.0000 0.0000 0.0000 0.0000 20.0000 0.0000 0.0000 10.0000 0.0000 0.0000 0.0000 0.0000 0.0000 47.4788 2.8469 -6.4678 -39.3350 9.7360 13.7808 0.0000 0.0000 0.0000 0.0000 0.0000 0.0000 10.0000 0.0000 0.0000 10.0000 0.0000 0.0000 0.0000 0.0000 0.0000 20.0000 0.0000 0.0000 10.0000 0.0000 0.0000 0.0000 0.0000 0.0000 20.0000 0.0000 0.0000 10.0000 0.0000 0.0000 0.0000 0.0000 0.0000 20.0000 0.0000 0.0000 10.0000 0.0000 0.0000 0.0000 0.0000 0.0000 20.0000 0.0000 0.0000 10.0000 0.0000 0.0000 0.0000 0.0000 0.0000 0.0000 0.0000 0.0000 0.0000 0.0000 0.0000 0.0000 0.0000 0.0000 0.0000 0.0000 0.0000 0.0000 0.0000 0.0000
0.0000 95.0000 0.0000 0.0000 0.0000 0.0000 0.0000 0.0000 0.0000 0.0000 0.0000 0.0000 0.0000 0.0000 0.0000 0.0000 0.0000 0.0000 0.0000 0.0000 0.0000 0.0000 0.0000 0.0000 -0.3661 0.0227 7.0955 -3.6386 -0.4378 -23.1106 0.0000 0.0000 0.0000 0.0000 0.0000 0.0000 10.0000 0.0000 0.0000 10.0000 0.0000 0.0000 0.0000 0.0000 0.0000 20.0000 0.0000 0.0000 10.0000 0.0000 0.0000 0.0000 0.0000 0.0000 20.0000 0.0000 0.0000 10.0000 0.0000 0.0000 0.0000 0.0000 0.0000 20.0000 0.0000 0.0000 10.0000 0.0000 0.0000 0.0000 0.0000 0.0000 20.0000 0.0000 0.0000 10.0000 0.0000 0.0000 0.0000 0.0000 0.0000 46.3231 2.8427 -6.6388 -36.8140 10.0508 14.7990 0.0000 0.0000 0.0000 0.0000 0.0000 0.0000 10.0000 0.0000 0.0000 10.0000 0.0000 0.0000 0.0000 0.0000 0.0000 20.0000 0.0000 0.0000 10.0000 0.0000 0.0000 0.0000 0.0000 0.0000 20.0000 0.0000 0.0000 10.0000 0.0000 0.0000 0.0000 0.0000 0.0000 20.0000 0.0000 0.0000 10.0000 0.0000 0.0000 0.0000 0.0000 0.0000 20.0000 0.0000 0.0000 10.0000 0.0000 0.0000 0.0000 0.0000 0.0000 0.0000 0.0000 0.0000 0.0000 0.0000 0.0000 0.0000 0.0000 0.0000 0.0000 0.0000 0.0000 0.0000 0.0000 0.0000
0.0000 95.0000 0.0000 0.0000 0.0000 0.0000 0.0000 0.0000 0.0000 0.0000 0.0000 0.0000 0.0000 0.0000 0.0000 0.0000 0.0000 0.0000 0.0000 0.0000 0.0000 0.0000 0.0000 0.0000 0.0036 -0.0002 7.1645 -6.6400 -0.9608 -23.6013 0.0000 0.0000 0.0000 0.0000 0.0000 0.0000 10.0000 0.0000 0.0000 10.0000 0.0000 0.0000 0.0000 0.0000 0.0000 20.0000 0.0000 0.0000 10.0000 0.0000 0.0000 0.0000 0.0000 0.0000 20.0000 0.0000 0.0000 10.0000 0.0000 0.0000 0.0000 0.0000 0.0000 20.0000 0.0000 0.0000 10.0000 0.0000 0.0000 0.0000 0.0000 0.0000 20.0000 0.0000 0.0000 10.0000 0.0000 0.0000 0.0000 0.0000 0.0000 44.5733 2.7554 -6.7163 -33.9212 9.6836 15.2262 0.0000 0.0000 0.0000 0.0000 0.0000 0.0000 10.0000 0.0000 0.0000 10.0000 0.0000 0.0000 0.0000 0.0000 0.0000 20.0000 0.0000 0.0000 10.0000 0.0000 0.0000 0.0000 0.0000 0.0000 20.0000 0.0000 0.0000 10.0000 0.0000 0.0000 0.0000 0.0000 0.0000 20.0000 0.0000 0.0000 10.0000 0.0000 0.0000 0.0000 0.0000 0.0000 20.0000 0.0000 0.0000 10.0000 0.0000 0.0000 0.0000 0.0000 0.0000 0.0000 0.0000 0.0000 0.0000 0.0000 0.0000 0.0000 0.0000 0.0000 0.0000 0.0000 0.0000 0.0000 0.0000 0.0000
0.0000 95.0000 0.0000 0.0000 0.0000 0.0000 0.0000 0.0000 0.0000 0.0000 0.0000 0.0000 0.0000 0.0000 0.0000 0.0000 0.0000 0.0000 0.0000 0.0000 0.0000 0.0000 0.0000 0.0000 -0.1022 0.0064 7.1332 -9.8040 -1.4026 -23.6213 0.0000 0.0000 0.0000 0.0000 0.0000 0.0000 10.0000 0.0000 0.0000 10.0000 0.0000 0.0000 0.0000 0.0000 0.0000 20.0000 0.0000 0.0000 10.0000 0.0000 0.0000 0.0000 0.0000 0.0000 20.0000 0.0000 0.0000 10.0000 0.0000 0.0000 0.0000 0.0000 0.0000 20.0000 0.0000 0.0000 10.0000 0.0000 0.0000 0.0000 0.0000 0.0000 20.0000 0.0000 0.0000 10.0000 0.0000 0.0000 0.0000 0.0000 0.0000 42.5412 2.6168 -6.7153 -30.8753 8.9860 15.2812 0.0000 0.0000 0.0000 0.0000 0.0000 0.0000 10.0000 0.0000 0.0000 10.0000 0.0000 0.0000 0.0000 0.0000 0.0000 20.0000 0.0000 0.0000 10.0000 0.0000 0.0000 0.0000 0.0000 0.0000 20.0000 0.0000 0.0000 10.0000 0.0000 0.0000 0.0000 0.0000 0.0000 20.0000 0.0000 0.0000 10.0000 0.0000 0.0000 0.0000 0.0000 0.0000 20.0000 0.0000 0.0000 10.0000 0.0000 0.0000 0.0000 0.0000 0.0000 0.0000 0.0000 0.0000 0.0000 0.0000 0.0000 0.0000 0.0000 0.0000 0.0000 0.0000 0.0000 0.0000 0.0000 0.0000
0.0000 95.0000 0.0000 0.0000 0.0000 0.0000 0.0000 0.0000 0.0000 0.0000 0.0000 0.0000 0.0000 0.0000 0.0000 0.0000 0.0000 0.0000 0.0000 0.0000 0.0000 0.0000 0.0000 0.0000 -0.5306 0.0326 7.0379 -13.2069 -1.7925 -23.3589 0.0000 0.0000 0.0000 0.0000 0.0000 0.0000 10.0000 0.0000 0.0000 10.0000 0.0000 0.0000 0.0000 0.0000 0.0000 20.0000 0.0000 0.0000 10.0000 0.0000 0.0000 0.0000 0.0000 0.0000 20.0000 0.0000 0.0000 10.0000 0.0000 0.0000 0.0000 0.0000 0.0000 20.0000 0.0000 0.0000 10.0000 0.0000 0.0000 0.0000 0.0000 0.0000 20.0000 0.0000 0.0000 10.0000 0.0000 0.0000 0.0000 0.0000 0.0000 40.4388 2.4552 -6.6596 -27.8240 8.1821 15.1258 0.0000 0.0000 0.0000 0.0000 0.0000 0.0000 10.0000 0.0000 0.0000 10.0000 0.0000 0.0000 0.0000 0.0000 0.0000 20.0000 0.0000 0.0000 10.0000 0.0000 0.0000 0.0000 0.0000 0.0000 20.0000 0.0000 0.0000 10.0000 0.0000 0.0000 0.0000 0.0000 0.0000 20.0000 0.0000 0.0000 10.0000 0.0000 0.0000 0.0000 0.0000 0.0000 20.0000 0.0000 0.0000 10.0000 0.0000 0.0000 0.0000 0.0000 0.0000 0.0000 0.0000 0.0000 0.0000 0.0000 0.0000 0.0000 0.0000 0.0000 0.0000 0.0000 0.0000 0.0000 0.0000 0.0000
0.0000 95.0000 0.0000 0.0000 0.0000 0.0000 0.0000 0.0000 0.0000 0.0000 0.0000 0.0000 0.0000 0.0000 0.0000 0.0000 0.0000 0.0000 0.0000 0.0000 0.0000 0.0000 0.0000 0.0000 -1.1695 0.0706 6.9049 -17.2157 -2.1985 -22.9000 0.0000 0.0000 0.0000 0.0000 0.0000 0.0000 10.0000 0.0000 0.0000 10.0000 0.0000 0.0000 0.0000 0.0000 0.0000 20.0000 0.0000 0.0000 10.0000 0.0000 0.0000 0.0000 0.0000 0.0000 20.0000 0.0000 0.0000 10.0000 0.0000 0.0000 0.0000 0.0000 0.0000 20.0000 0.0000 0.0000 10.0000 0.0000 0.0000 0.0000 0.0000 0.0000 20.0000 0.0000 0.0000 10.0000 0.0000 0.0000 0.0000 0.0000 0.0000 38.3846 2.2893 -6.5705 -24.8479 7.3857 14.8617 0.0000 0.0000 0.0000 0.0000 0.0000 0.0000 10.0000 0.0000 0.0000 10.0000 0.0000 0.0000 0.0000 0.0000 0.0000 20.0000 0.0000 0.0000 10.0000 0.0000 0.0000 0.0000 0.0000 0.0000 20.0000 0.0000 0.0000 10.0000 0.0000 0.0000 0.0000 0.0000 0.0000 20.0000 0.0000 0.0000 10.0000 0.0000 0.0000 0.0000 0.0000 0.0000 20.0000 0.0000 0.0000 10.0000 0.0000 0.0000 0.0000 0.0000 0.0000 0.0000 0.0000 0.0000 0.0000 0.0000 0.0000 0.0000 0.0000 0.0000 0.0000 0.0000 0.0000 0.0000 0.0000 0.0000
0.0000 95.0000 0.0000 0.0000 0.0000 0.0000 0.0000 0.0000 0.0000 0.0000 0.0000 0.0000 0.0000 0.0000 0.0000 0.0000 0.0000 0.0000 0.0000 0.0000 0.0000 0.0000 0.0000 0.0000 -1.9399 0.1145 6.7536 -21.7757 -2.6177 -22.2855 0.0000 0.0000 0.0000 0.0000 0.0000 0.0000 10.0000 0.0000 0.0000 10.0000 0.0000 0.0000 0.0000 0.0000 0.0000 20.0000 0.0000 0.0000 10.0000 0.0000 0.0000 0.0000 0.0000 0.0000 20.0000 0.0000 0.0000 10.0000 0.0000 0.0000 0.0000 0.0000 0.0000 20.0000 0.0000 0.0000 10.0000 0.0000 0.0000 0.0000 0.0000 0.0000 20.0000 0.0000 0.0000 10.0000 0.0000 0.0000 0.0000 0.0000 0.0000 36.2551 2.1167 -6.4593 -21.6815 6.6225 14.6065 0.0000 0.0000 0.0000 0.0000 0.0000 0.0000 10.0000 0.0000 0.0000 10.0000 0.0000 0.0000 0.0000 0.0000 0.0000 20.0000 0.0000 0.0000 10.0000 0.0000 0.0000 0.0000 0.0000 0.0000 20.0000 0.0000 0.0000 10.0000 0.0000 0.0000 0.0000 0.0000 0.0000 20.0000 0.0000 0.0000 10.0000 0.0000 0.0000 0.0000 0.0000 0.0000 20.0000 0.0000 0.0000 10.0000 0.0000 0.0000 0.0000 0.0000 0.0000 0.0000 0.0000 0.0000 0.0000 0.0000 0.0000 0.0000 0.0000 0.0000 0.0000 0.0000 0.0000 0.0000 0.0000 0.0000
0.0000 95.0000 0.0000 0.0000 0.0000 0.0000 0.0000 0.0000 0.0000 0.0000 0.0000 0.0000 0.0000 0.0000 0.0000 0.0000 0.0000 0.0000 0.0000 0.0000 0.0000 0.0000 0.0000 0.0000 -0.9190 0.0580 7.2188 -18.8756 -2.5457 -23.5882 0.0000 0.0000 0.0000 0.0000 0.0000 0.0000 10.0000 0.0000 0.0000 10.0000 0.0000 0.0000 0.0000 0.0000 0.0000 20.0000 0.0000 0.0000 10.0000 0.0000 0.0000 0.0000 0.0000 0.0000 20.0000 0.0000 0.0000 10.0000 0.0000 0.0000 0.0000 0.0000 0.0000 20.0000 0.0000 0.0000 10.0000 0.0000 0.0000 0.0000 0.0000 0.0000 20.0000 0.0000 0.0000 10.0000 0.0000 0.0000 0.0000 0.0000 0.0000 33.2841 1.9020 -6.3571 -19.9415 5.5870 13.7161 0.0000 0.0000 0.0000 0.0000 0.0000 0.0000 10.0000 0.0000 0.0000 10.0000 0.0000 0.0000 0.0000 0.0000 0.0000 20.0000 0.0000 0.0000 10.0000 0.0000 0.0000 0.0000 0.0000 0.0000 20.0000 0.0000 0.0000 10.0000 0.0000 0.0000 0.0000 0.0000 0.0000 20.0000 0.0000 0.0000 10.0000 0.0000 0.0000 0.0000 0.0000 0.0000 20.0000 0.0000 0.0000 10.0000 0.0000 0.0000 0.0000 0.0000 0.0000 0.0000 0.0000 0.0000 0.0000 0.0000 0.0000 0.0000 0.0000 0.0000 0.0000 0.0000 0.0000 0.0000 0.0000 0.0000
0.0000 95.0000 0.0000 0.0000 0.0000 0.0000 0.0000 0.0000 0.0000 0.0000 0.0000 0.0000 0.0000 0.0000 0.0000 0.0000 0.0000 0.0000 0.0000 0.0000 0.0000 0.0000 0.0000 0.0000 -6.9720 0.9089 14.8371 -19.6645 0.0806 -22.2747 0.0000 0.0000 0.0000 0.0000 0.0000 0.0000 10.0000 0.0000 0.0000 10.0000 0.0000 0.0000 0.0000 0.0000 0.0000 20.0000 0.0000 0.0000 10.0000 0.0000 0.0000 0.0000 0.0000 0.0000 20.0000 0.0000 0.0000 10.0000 0.0000 0.0000 0.0000 0.0000 0.0000 20.0000 0.0000 0.0000 10.0000 0.0000 0.0000 0.0000 0.0000 0.0000 20.0000 0.0000 0.0000 10.0000 0.0000 0.0000 0.0000 0.0000 0.0000 32.3024 1.9103 -6.5895 -21.6499 5.5051 13.6566 0.0000 0.0000 0.0000 0.0000 0.0000 0.0000 10.0000 0.0000 0.0000 10.0000 0.0000 0.0000 0.0000 0.0000 0.0000 20.0000 0.0000 0.0000 10.0000 0.0000 0.0000 0.0000 0.0000 0.0000 20.0000 0.0000 0.0000 10.0000 0.0000 0.0000 0.0000 0.0000 0.0000 20.0000 0.0000 0.0000 10.0000 0.0000 0.0000 0.0000 0.0000 0.0000 20.0000 0.0000 0.0000 10.0000 0.0000 0.0000 0.0000 0.0000 0.0000 0.0000 0.0000 0.0000 0.0000 0.0000 0.0000 0.0000 0.0000 0.0000 0.0000 0.0000 0.0000 0.0000 0.0000 0.0000
0.0000 95.0000 0.0000 0.0000 0.0000 0.0000 0.0000 0.0000 0.0000 0.0000 0.0000 0.0000 0.0000 0.0000 0.0000 0.0000 0.0000 0.0000 0.0000 0.0000 0.0000 0.0000 0.0000 0.0000 -11.1872 -1.3679 -13.8996 -15.7436 -2.8417 -21.9520 0.0000 0.0000 0.0000 0.0000 0.0000 0.0000 10.0000 0.0000 0.0000 10.0000 0.0000 0.0000 0.0000 0.0000 0.0000 20.0000 0.0000 0.0000 10.0000 0.0000 0.0000 0.0000 0.0000 0.0000 20.0000 0.0000 0.0000 10.0000 0.0000 0.0000 0.0000 0.0000 0.0000 20.0000 0.0000 0.0000 10.0000 0.0000 0.0000 0.0000 0.0000 0.0000 20.0000 0.0000 0.0000 10.0000 0.0000 0.0000 0.0000 0.0000 0.0000 31.6937 1.8028 -6.3451 -24.3412 5.0123 12.3813 0.0000 0.0000 0.0000 0.0000 0.0000 0.0000 10.0000 0.0000 0.0000 10.0000 0.0000 0.0000 0.0000 0.0000 0.0000 20.0000 0.0000 0.0000 10.0000 0.0000 0.0000 0.0000 0.0000 0.0000 20.0000 0.0000 0.0000 10.0000 0.0000 0.0000 0.0000 0.0000 0.0000 20.0000 0.0000 0.0000 10.0000 0.0000 0.0000 0.0000 0.0000 0.0000 20.0000 0.0000 0.0000 10.0000 0.0000 0.0000 0.0000 0.0000 0.0000 0.0000 0.0000 0.0000 0.0000 0.0000 0.0000 0.0000 0.0000 0.0000 0.0000 0.0000 0.0000 0.0000 0.0000 0.0000
0.0000 95.0000 0.0000 0.0000 0.0000 0.0000 0.0000 0.0000 0.0000 0.0000 0.0000 0.0000 0.0000 0.0000 0.0000 0.0000 0.0000 0.0000 0.0000 0.0000 0.0000 0.0000 0.0000 0.0000 -12.3353 -3.0910 -28.0370 -11.0479 -2.4937 -21.7883 0.0000 0.0000 0.0000 0.0000 0.0000 0.0000 10.0000 0.0000 0.0000 10.0000 0.0000 0.0000 0.0000 0.0000 0.0000 20.0000 0.0000 0.0000 10.0000 0.0000 0.0000 0.0000 0.0000 0.0000 20.0000 0.0000 0.0000 10.0000 0.0000 0.0000 0.0000 0.0000 0.0000 20.0000 0.0000 0.0000 10.0000 0.0000 0.0000 0.0000 0.0000 0.0000 20.0000 0.0000 0.0000 10.0000 0.0000 0.0000 0.0000 0.0000 0.0000 30.7715 1.7307 -6.2837 -24.6442 4.7651 12.0652 0.0000 0.0000 0.0000 0.0000 0.0000 0.0000 10.0000 0.0000 0.0000 10.0000 0.0000 0.0000 0.0000 0.0000 0.0000 20.0000 0.0000 0.0000 10.0000 0.0000 0.0000 0.0000 0.0000 0.0000 20.0000 0.0000 0.0000 10.0000 0.0000 0.0000 0.0000 0.0000 0.0000 20.0000 0.0000 0.0000 10.0000 0.0000 0.0000 0.0000 0.0000 0.0000 20.0000 0.0000 0.0000 10.0000 0.0000 0.0000 0.0000 0.0000 0.0000 0.0000 0.0000 0.0000 0.0000 0.0000 0.0000 0.0000 0.0000 0.0000 0.0000 0.0000 0.0000 0.0000 0.0000 0.0000
0.0000 95.0000 0.0000 0.0000 0.0000 0.0000 0.0000 0.0000 0.0000 0.0000 0.0000 0.0000 0.0000 0.0000 0.0000 0.0000 0.0000 0.0000 0.0000 0.0000 0.0000 0.0000 0.0000 0.0000 -12.9258 -3.1233 -27.0634 -14.0878 -3.5270 -11.3153 0.0000 0.0000 0.0000 0.0000 0.0000 0.0000 10.0000 0.0000 0.0000 10.0000 0.0000 0.0000 0.0000 0.0000 0.0000 20.0000 0.0000 0.0000 10.0000 0.0000 0.0000 0.0000 0.0000 0.0000 20.0000 0.0000 0.0000 10.0000 0.0000 0.0000 0.0000 0.0000 0.0000 20.0000 0.0000 0.0000 10.0000 0.0000 0.0000 0.0000 0.0000 0.0000 20.0000 0.0000 0.0000 10.0000 0.0000 0.0000 0.0000 0.0000 0.0000 29.6024 1.7302 -6.5414 -22.5379 4.7738 12.7655 0.0000 0.0000 0.0000 0.0000 0.0000 0.0000 10.0000 0.0000 0.0000 10.0000 0.0000 0.0000 0.0000 0.0000 0.0000 20.0000 0.0000 0.0000 10.0000 0.0000 0.0000 0.0000 0.0000 0.0000 20.0000 0.0000 0.0000 10.0000 0.0000 0.0000 0.0000 0.0000 0.0000 20.0000 0.0000 0.0000 10.0000 0.0000 0.0000 0.0000 0.0000 0.0000 20.0000 0.0000 0.0000 10.0000 0.0000 0.0000 0.0000 0.0000 0.0000 0.0000 0.0000 0.0000 0.0000 0.0000 0.0000 0.0000 0.0000 0.0000 0.0000 0.0000 0.0000 0.0000 0.0000 0.0000
0.0000 95.0000 0.0000 0.0000 0.0000 0.0000 0.0000 0.0000 0.0000 0.0000 0.0000 0.0000 0.0000 0.0000 0.0000 0.0000 0.0000 0.0000 0.0000 0.0000 0.0000 0.0000 0.0000 0.0000 -10.5816 -0.6944 -7.4883 -17.2497 -0.3057 14.1531 0.0000 0.0000 0.0000 0.0000 0.0000 0.0000 10.0000 0.0000 0.0000 10.0000 0.0000 0.0000 0.0000 0.0000 0.0000 20.0000 0.0000 0.0000 10.0000 0.0000 0.0000 0.0000 0.0000 0.0000 20.0000 0.0000 0.0000 10.0000 0.0000 0.0000 0.0000 0.0000 0.0000 20.0000 0.0000 0.0000 10.0000 0.0000 0.0000 0.0000 0.0000 0.0000 20.0000 0.0000 0.0000 10.0000 0.0000 0.0000 0.0000 0.0000 0.0000 29.1325 1.6741 -6.4363 -20.0316 4.5556 12.7375 0.0000 0.0000 0.0000 0.0000 0.0000 0.0000 10.0000 0.0000 0.0000 10.0000 0.0000 0.0000 0.0000 0.0000 0.0000 20.0000 0.0000 0.0000 10.0000 0.0000 0.0000 0.0000 0.0000 0.0000 20.0000 0.0000 0.0000 10.0000 0.0000 0.0000 0.0000 0.0000 0.0000 20.0000 0.0000 0.0000 10.0000 0.0000 0.0000 0.0000 0.0000 0.0000 20.0000 0.0000 0.0000 10.0000 0.0000 0.0000 0.0000 0.0000 0.0000 0.0000 0.0000 0.0000 0.0000 0.0000 0.0000 0.0000 0.0000 0.0000 0.0000 0.0000 0.0000 0.0000 0.0000 0.0000
0.0000 95.0000 0.0000 0.0000 0.0000 0.0000 0.0000 0.0000 0.0000 0.0000 0.0000 0.0000 0.0000 0.0000 0.0000 0.0000 0.0000 0.0000 0.0000 0.0000 0.0000 0.0000 0.0000 0.0000 -6.0137 0.8375 15.8434 -21.5460 -0.5758 -26.1786 0.0000 0.0000 0.0000 0.0000 0.0000 0.0000 10.0000 0.0000 0.0000 10.0000 0.0000 0.0000 0.0000 0.0000 0.0000 20.0000 0.0000 0.0000 10.0000 0.0000 0.0000 0.0000 0.0000 0.0000 20.0000 0.0000 0.0000 10.0000 0.0000 0.0000 0.0000 0.0000 0.0000 20.0000 0.0000 0.0000 10.0000 0.0000 0.0000 0.0000 0.0000 0.0000 20.0000 0.0000 0.0000 10.0000 0.0000 0.0000 0.0000 0.0000 0.0000 29.7984 1.6738 -6.2850 -19.1235 4.5318 12.5700 0.0000 0.0000 0.0000 0.0000 0.0000 0.0000 10.0000 0.0000 0.0000 10.0000 0.0000 0.0000 0.0000 0.0000 0.0000 20.0000 0.0000 0.0000 10.0000 0.0000 0.0000 0.0000 0.0000 0.0000 20.0000 0.0000 0.0000 10.0000 0.0000 0.0000 0.0000 0.0000 0.0000 20.0000 0.0000 0.0000 10.0000 0.0000 0.0000 0.0000 0.0000 0.0000 20.0000 0.0000 0.0000 10.0000 0.0000 0.0000 0.0000 0.0000 0.0000 0.0000 0.0000 0.0000 0.0000 0.0000 0.0000 0.0000 0.0000 0.0000 0.0000 0.0000 0.0000 0.0000 0.0000 0.0000
0.0000 95.0000 0.0000 0.0000 0.0000 0.0000 0.0000 0.0000 0.0000 0.0000 0.0000 0.0000 0.0000 0.0000 0.0000 0.0000 0.0000 0.0000 0.0000 0.0000 0.0000 0.0000 0.0000 0.0000 -3.5627 0.2337 7.5024 -42.9716 -11.7510 -40.1605 0.0000 0.0000 0.0000 0.0000 0.0000 0.0000 10.0000 0.0000 0.0000 10.0000 0.0000 0.0000 0.0000 0.0000 0.0000 20.0000 0.0000 0.0000 10.0000 0.0000 0.0000 0.0000 0.0000 0.0000 20.0000 0.0000 0.0000 10.0000 0.0000 0.0000 0.0000 0.0000 0.0000 20.0000 0.0000 0.0000 10.0000 0.0000 0.0000 0.0000 0.0000 0.0000 20.0000 0.0000 0.0000 10.0000 0.0000 0.0000 0.0000 0.0000 0.0000 37.0485 2.1642 -6.4529 -31.7767 6.5181 12.8188 0.0000 0.0000 0.0000 0.0000 0.0000 0.0000 10.0000 0.0000 0.0000 10.0000 0.0000 0.0000 0.0000 0.0000 0.0000 20.0000 0.0000 0.0000 10.0000 0.0000 0.0000 0.0000 0.0000 0.0000 20.0000 0.0000 0.0000 10.0000 0.0000 0.0000 0.0000 0.0000 0.0000 20.0000 0.0000 0.0000 10.0000 0.0000 0.0000 0.0000 0.0000 0.0000 20.0000 0.0000 0.0000 10.0000 0.0000 0.0000 0.0000 0.0000 0.0000 0.0000 0.0000 0.0000 0.0000 0.0000 0.0000 0.0000 0.0000 0.0000 0.0000 0.0000 0.0000 0.0000 0.0000 0.0000
0.0000 95.0000 0.0000 0.0000 0.0000 0.0000 0.0000 0.0000 0.0000 0.0000 0.0000 0.0000 0.0000 0.0000 0.0000 0.0000 0.0000 0.0000 0.0000 0.0000 0.0000 0.0000 0.0000 0.0000 -1.8646 0.1683 10.3115 -57.2929 -44.7792 -86.6824 0.0000 0.0000 0.0000 0.0000 0.0000 0.0000 10.0000 0.0000 0.0000 10.0000 0.0000 0.0000 0.0000 0.0000 0.0000 20.0000 0.0000 0.0000 10.0000 0.0000 0.0000 0.0000 0.0000 0.0000 20.0000 0.0000 0.0000 10.0000 0.0000 0.0000 0.0000 0.0000 0.0000 20.0000 0.0000 0.0000 10.0000 0.0000 0.0000 0.0000 0.0000 0.0000 20.0000 0.0000 0.0000 10.0000 0.0000 0.0000 0.0000 0.0000 0.0000 43.9478 2.6782 -6.6313 -43.5846 8.5634 12.7966 0.0000 0.0000 0.0000 0.0000 0.0000 0.0000 10.0000 0.0000 0.0000 10.0000 0.0000 0.0000 0.0000 0.0000 0.0000 20.0000 0.0000 0.0000 10.0000 0.0000 0.0000 0.0000 0.0000 0.0000 20.0000 0.0000 0.0000 10.0000 0.0000 0.0000 0.0000 0.0000 0.0000 20.0000 0.0000 0.0000 10.0000 0.0000 0.0000 0.0000 0.0000 0.0000 20.0000 0.0000 0.0000 10.0000 0.0000 0.0000 0.0000 0.0000 0.0000 0.0000 0.0000 0.0000 0.0000 0.0000 0.0000 0.0000 0.0000 0.0000 0.0000 0.0000 0.0000 0.0000 0.0000 0.0000
0.0000 95.0000 0.0000 0.0000 0.0000 0.0000 0.0000 0.0000 0.0000 0.0000 0.0000 0.0000 0.0000 0.0000 0.0000 0.0000 0.0000 0.0000 0.0000 0.0000 0.0000 0.0000 0.0000 0.0000 -2.4820 0.2751 12.6481 -49.8644 -52.6916 -109.7716 0.0000 0.0000 0.0000 0.0000 0.0000 0.0000 10.0000 0.0000 0.0000 10.0000 0.0000 0.0000 0.0000 0.0000 0.0000 20.0000 0.0000 0.0000 10.0000 0.0000 0.0000 0.0000 0.0000 0.0000 20.0000 0.0000 0.0000 10.0000 0.0000 0.0000 0.0000 0.0000 0.0000 20.0000 0.0000 0.0000 10.0000 0.0000 0.0000 0.0000 0.0000 0.0000 20.0000 0.0000 0.0000 10.0000 0.0000 0.0000 0.0000 0.0000 0.0000 48.0516 3.0119 -6.7503 -51.2668 9.8882 12.6189 0.0000 0.0000 0.0000 0.0000 0.0000 0.0000 10.0000 0.0000 0.0000 10.0000 0.0000 0.0000 0.0000 0.0000 0.0000 20.0000 0.0000 0.0000 10.0000 0.0000 0.0000 0.0000 0.0000 0.0000 20.0000 0.0000 0.0000 10.0000 0.0000 0.0000 0.0000 0.0000 0.0000 20.0000 0.0000 0.0000 10.0000 0.0000 0.0000 0.0000 0.0000 0.0000 20.0000 0.0000 0.0000 10.0000 0.0000 0.0000 0.0000 0.0000 0.0000 0.0000 0.0000 0.0000 0.0000 0.0000 0.0000 0.0000 0.0000 0.0000 0.0000 0.0000 0.0000 0.0000 0.0000 0.0000
0.0000 95.0000 0.0000 0.0000 0.0000 0.0000 0.0000 0.0000 0.0000 0.0000 0.0000 0.0000 0.0000 0.0000 0.0000 0.0000 0.0000 0.0000 0.0000 0.0000 0.0000 0.0000 0.0000 0.0000 -5.5551 0.6437 13.2088 -59.6428 -51.0036 -99.8420 0.0000 0.0000 0.0000 0.0000 0.0000 0.0000 10.0000 0.0000 0.0000 10.0000 0.0000 0.0000 0.0000 0.0000 0.0000 20.0000 0.0000 0.0000 10.0000 0.0000 0.0000 0.0000 0.0000 0.0000 20.0000 0.0000 0.0000 10.0000 0.0000 0.0000 0.0000 0.0000 0.0000 20.0000 0.0000 0.0000 10.0000 0.0000 0.0000 0.0000 0.0000 0.0000 20.0000 0.0000 0.0000 10.0000 0.0000 0.0000 0.0000 0.0000 0.0000 49.2003 3.1176 -6.8032 -54.3065 10.3680 12.5494 0.0000 0.0000 0.0000 0.0000 0.0000 0.0000 10.0000 0.0000 0.0000 10.0000 0.0000 0.0000 0.0000 0.0000 0.0000 20.0000 0.0000 0.0000 10.0000 0.0000 0.0000 0.0000 0.0000 0.0000 20.0000 0.0000 0.0000 10.0000 0.0000 0.0000 0.0000 0.0000 0.0000 20.0000 0.0000 0.0000 10.0000 0.0000 0.0000 0.0000 0.0000 0.0000 20.0000 0.0000 0.0000 10.0000 0.0000 0.0000 0.0000 0.0000 0.0000 0.0000 0.0000 0.0000 0.0000 0.0000 0.0000 0.0000 0.0000 0.0000 0.0000 0.0000 0.0000 0.0000 0.0000 0.0000
0.0000 95.0000 0.0000 0.0000 0.0000 0.0000 0.0000 0.0000 0.0000 0.0000 0.0000 0.0000 0.0000 0.0000 0.0000 0.0000 0.0000 0.0000 0.0000 0.0000 0.0000 0.0000 0.0000 0.0000 -9.6797 1.0470 12.3181 -71.1720 -41.7536 -78.7077 0.0000 0.0000 0.0000 0.0000 0.0000 0.0000 10.0000 0.0000 0.0000 10.0000 0.0000 0.0000 0.0000 0.0000 0.0000 20.0000 0.0000 0.0000 10.0000 0.0000 0.0000 0.0000 0.0000 0.0000 20.0000 0.0000 0.0000 10.0000 0.0000 0.0000 0.0000 0.0000 0.0000 20.0000 0.0000 0.0000 10.0000 0.0000 0.0000 0.0000 0.0000 0.0000 20.0000 0.0000 0.0000 10.0000 0.0000 0.0000 0.0000 0.0000 0.0000 48.4865 3.0698 -6.8105 -54.0798 10.2938 12.6323 0.0000 0.0000 0.0000 0.0000 0.0000 0.0000 10.0000 0.0000 0.0000 10.0000 0.0000 0.0000 0.0000 0.0000 0.0000 20.0000 0.0000 0.0000 10.0000 0.0000 0.0000 0.0000 0.0000 0.0000 20.0000 0.0000 0.0000 10.0000 0.0000 0.0000 0.0000 0.0000 0.0000 20.0000 0.0000 0.0000 10.0000 0.0000 0.0000 0.0000 0.0000 0.0000 20.0000 0.0000 0.0000 10.0000 0.0000 0.0000 0.0000 0.0000 0.0000 0.0000 0.0000 0.0000 0.0000 0.0000 0.0000 0.0000 0.0000 0.0000 0.0000 0.0000 0.0000 0.0000 0.0000 0.0000
0.0000 95.0000 0.0000 0.0000 0.0000 0.0000 0.0000 0.0000 0.0000 0.0000 0.0000 0.0000 0.0000 0.0000 0.0000 0.0000 0.0000 0.0000 0.0000 0.0000 0.0000 0.0000 0.0000 0.0000 -14.0128 1.3431 10.8963 -71.1807 -27.4703 -61.1282 0.0000 0.0000 0.0000 0.0000 0.0000 0.0000 10.0000 0.0000 0.0000 10.0000 0.0000 0.0000 0.0000 0.0000 0.0000 20.0000 0.0000 0.0000 10.0000 0.0000 0.0000 0.0000 0.0000 0.0000 20.0000 0.0000 0.0000 10.0000 0.0000 0.0000 0.0000 0.0000 0.0000 20.0000 0.0000 0.0000 10.0000 0.0000 0.0000 0.0000 0.0000 0.0000 20.0000 0.0000 0.0000 10.0000 0.0000 0.0000 0.0000 0.0000 0.0000 46.9639 2.9584 -6.8031 -52.0864 9.9383 12.7881 0.0000 0.0000 0.0000 0.0000 0.0000 0.0000 10.0000 0.0000 0.0000 10.0000 0.0000 0.0000 0.0000 0.0000 0.0000 20.0000 0.0000 0.0000 10.0000 0.0000 0.0000 0.0000 0.0000 0.0000 20.0000 0.0000 0.0000 10.0000 0.0000 0.0000 0.0000 0.0000 0.0000 20.0000 0.0000 0.0000 10.0000 0.0000 0.0000 0.0000 0.0000 0.0000 20.0000 0.0000 0.0000 10.0000 0.0000 0.0000 0.0000 0.0000 0.0000 0.0000 0.0000 0.0000 0.0000 0.0000 0.0000 0.0000 0.0000 0.0000 0.0000 0.0000 0.0000 0.0000 0.0000 0.0000
0.0000 95.0000 0.0000 0.0000 0.0000 0.0000 0.0000 0.0000 0.0000 0.0000 0.0000 0.0000 0.0000 0.0000 0.0000 0.0000 0.0000 0.0000 0.0000 0.0000 0.0000 0.0000 0.0000 0.0000 -18.3608 1.5424 9.5222 -63.7877 -14.3143 -46.2114 0.0000 0.0000 0.0000 0.0000 0.0000 0.0000 10.0000 0.0000 0.0000 10.0000 0.0000 0.0000 0.0000 0.0000 0.0000 20.0000 0.0000 0.0000 10.0000 0.0000 0.0000 0.0000 0.0000 0.0000 20.0000 0.0000 0.0000 10.0000 0.0000 0.0000 0.0000 0.0000 0.0000 20.0000 0.0000 0.0000 10.0000 0.0000 0.0000 0.0000 0.0000 0.0000 20.0000 0.0000 0.0000 10.0000 0.0000 0.0000 0.0000 0.0000 0.0000 45.2814 2.8405 -6.8036 -49.2768 9.4624 12.9447 0.0000 0.0000 0.0000 0.0000 0.0000 0.0000 10.0000 0.0000 0.0000 10.0000 0.0000 0.0000 0.0000 0.0000 0.0000 20.0000 0.0000 0.0000 10.0000 0.0000 0.0000 0.0000 0.0000 0.0000 20.0000 0.0000 0.0000 10.0000 0.0000 0.0000 0.0000 0.0000 0.0000 20.0000 0.0000 0.0000 10.0000 0.0000 0.0000 0.0000 0.0000 0.0000 20.0000 0.0000 0.0000 10.0000 0.0000 0.0000 0.0000 0.0000 0.0000 0.0000 0.0000 0.0000 0.0000 0.0000 0.0000 0.0000 0.0000 0.0000 0.0000 0.0000 0.0000 0.0000 0.0000 0.0000
0.0000 95.0000 0.0000 0.0000 0.0000 0.0000 0.0000 0.0000 0.0000 0.0000 0.0000 0.0000 0.0000 0.0000 0.0000 0.0000 0.0000 0.0000 0.0000 0.0000 0.0000 0.0000 0.0000 0.0000 -22.4175 1.6695 8.4103 -52.9818 -5.6625 -34.7676 0.0000 0.0000 0.0000 0.0000 0.0000 0.0000 10.0000 0.0000 0.0000 10.0000 0.0000 0.0000 0.0000 0.0000 0.0000 20.0000 0.0000 0.0000 10.0000 0.0000 0.0000 0.0000 0.0000 0.0000 20.0000 0.0000 0.0000 10.0000 0.0000 0.0000 0.0000 0.0000 0.0000 20.0000 0.0000 0.0000 10.0000 0.0000 0.0000 0.0000 0.0000 0.0000 20.0000 0.0000 0.0000 10.0000 0.0000 0.0000 0.0000 0.0000 0.0000 43.0777 2.6824 -6.7893 -45.3419 8.8847 13.1880 0.0000 0.0000 0.0000 0.0000 0.0000 0.0000 10.0000 0.0000 0.0000 10.0000 0.0000 0.0000 0.0000 0.0000 0.0000 20.0000 0.0000 0.0000 10.0000 0.0000 0.0000 0.0000 0.0000 0.0000 20.0000 0.0000 0.0000 10.0000 0.0000 0.0000 0.0000 0.0000 0.0000 20.0000 0.0000 0.0000 10.0000 0.0000 0.0000 0.0000 0.0000 0.0000 20.0000 0.0000 0.0000 10.0000 0.0000 0.0000 0.0000 0.0000 0.0000 0.0000 0.0000 0.0000 0.0000 0.0000 0.0000 0.0000 0.0000 0.0000 0.0000 0.0000 0.0000 0.0000 0.0000 0.0000
0.0000 95.0000 0.0000 0.0000 0.0000 0.0000 0.0000 0.0000 0.0000 0.0000 0.0000 0.0000 0.0000 0.0000 0.0000 0.0000 0.0000 0.0000 0.0000 0.0000 0.0000 0.0000 0.0000 0.0000 -25.4344 1.6949 7.5000 -40.7051 -0.7226 -25.3859 0.0000 0.0000 0.0000 0.0000 0.0000 0.0000 10.0000 0.0000 0.0000 10.0000 0.0000 0.0000 0.0000 0.0000 0.0000 20.0000 0.0000 0.0000 10.0000 0.0000 0.0000 0.0000 0.0000 0.0000 20.0000 0.0000 0.0000 10.0000 0.0000 0.0000 0.0000 0.0000 0.0000 20.0000 0.0000 0.0000 10.0000 0.0000 0.0000 0.0000 0.0000 0.0000 20.0000 0.0000 0.0000 10.0000 0.0000 0.0000 0.0000 0.0000 0.0000 40.5724 2.5009 -6.7590 -40.5589 8.1495 13.3759 0.0000 0.0000 0.0000 0.0000 0.0000 0.0000 10.0000 0.0000 0.0000 10.0000 0.0000 0.0000 0.0000 0.0000 0.0000 20.0000 0.0000 0.0000 10.0000 0.0000 0.0000 0.0000 0.0000 0.0000 20.0000 0.0000 0.0000 10.0000 0.0000 0.0000 0.0000 0.0000 0.0000 20.0000 0.0000 0.0000 10.0000 0.0000 0.0000 0.0000 0.0000 0.0000 20.0000 0.0000 0.0000 10.0000 0.0000 0.0000 0.0000 0.0000 0.0000 0.0000 0.0000 0.0000 0.0000 0.0000 0.0000 0.0000 0.0000 0.0000 0.0000 0.0000 0.0000 0.0000 0.0000 0.0000
0.0000 95.0000 0.0000 0.0000 0.0000 0.0000 0.0000 0.0000 0.0000 0.0000 0.0000 0.0000 0.0000 0.0000 0.0000 0.0000 0.0000 0.0000 0.0000 0.0000 0.0000 0.0000 0.0000 0.0000 -27.5317 1.6685 6.8030 -30.8271 1.3115 -19.1699 0.0000 0.0000 0.0000 0.0000 0.0000 0.0000 10.0000 0.0000 0.0000 10.0000 0.0000 0.0000 0.0000 0.0000 0.0000 20.0000 0.0000 0.0000 10.0000 0.0000 0.0000 0.0000 0.0000 0.0000 20.0000 0.0000 0.0000 10.0000 0.0000 0.0000 0.0000 0.0000 0.0000 20.0000 0.0000 0.0000 10.0000 0.0000 0.0000 0.0000 0.0000 0.0000 20.0000 0.0000 0.0000 10.0000 0.0000 0.0000 0.0000 0.0000 0.0000 38.0991 2.3227 -6.7199 -35.4777 7.3629 13.4743 0.0000 0.0000 0.0000 0.0000 0.0000 0.0000 10.0000 0.0000 0.0000 10.0000 0.0000 0.0000 0.0000 0.0000 0.0000 20.0000 0.0000 0.0000 10.0000 0.0000 0.0000 0.0000 0.0000 0.0000 20.0000 0.0000 0.0000 10.0000 0.0000 0.0000 0.0000 0.0000 0.0000 20.0000 0.0000 0.0000 10.0000 0.0000 0.0000 0.0000 0.0000 0.0000 20.0000 0.0000 0.0000 10.0000 0.0000 0.0000 0.0000 0.0000 0.0000 0.0000 0.0000 0.0000 0.0000 0.0000 0.0000 0.0000 0.0000 0.0000 0.0000 0.0000 0.0000 0.0000 0.0000 0.0000
0.0000 95.0000 0.0000 0.0000 0.0000 0.0000 0.0000 0.0000 0.0000 0.0000 0.0000 0.0000 0.0000 0.0000 0.0000 0.0000 0.0000 0.0000 0.0000 0.0000 0.0000 0.0000 0.0000 0.0000 -28.9779 1.6366 6.3272 -23.9035 2.0447 -15.5214 0.0000 0.0000 0.0000 0.0000 0.0000 0.0000 10.0000 0.0000 0.0000 10.0000 0.0000 0.0000 0.0000 0.0000 0.0000 20.0000 0.0000 0.0000 10.0000 0.0000 0.0000 0.0000 0.0000 0.0000 20.0000 0.0000 0.0000 10.0000 0.0000 0.0000 0.0000 0.0000 0.0000 20.0000 0.0000 0.0000 10.0000 0.0000 0.0000 0.0000 0.0000 0.0000 20.0000 0.0000 0.0000 10.0000 0.0000 0.0000 0.0000 0.0000 0.0000 35.8493 2.1625 -6.6785 -30.4769 6.6050 13.4873 0.0000 0.0000 0.0000 0.0000 0.0000 0.0000 10.0000 0.0000 0.0000 10.0000 0.0000 0.0000 0.0000 0.0000 0.0000 20.0000 0.0000 0.0000 10.0000 0.0000 0.0000 0.0000 0.0000 0.0000 20.0000 0.0000 0.0000 10.0000 0.0000 0.0000 0.0000 0.0000 0.0000 20.0000 0.0000 0.0000 10.0000 0.0000 0.0000 0.0000 0.0000 0.0000 20.0000 0.0000 0.0000 10.0000 0.0000 0.0000 0.0000 0.0000 0.0000 0.0000 0.0000 0.0000 0.0000 0.0000 0.0000 0.0000 0.0000 0.0000 0.0000 0.0000 0.0000 0.0000 0.0000 0.0000
0.0000 95.0000 0.0000 0.0000 0.0000 0.0000 0.0000 0.0000 0.0000 0.0000 0.0000 0.0000 0.0000 0.0000 0.0000 0.0000 0.0000 0.0000 0.0000 0.0000 0.0000 0.0000 0.0000 0.0000 -21.9298 -5.5970 -28.3207 -7.5332 1.3632 -23.0495 0.0000 0.0000 0.0000 0.0000 0.0000 0.0000 10.0000 0.0000 0.0000 10.0000 0.0000 0.0000 0.0000 0.0000 0.0000 20.0000 0.0000 0.0000 10.0000 0.0000 0.0000 0.0000 0.0000 0.0000 20.0000 0.0000 0.0000 10.0000 0.0000 0.0000 0.0000 0.0000 0.0000 20.0000 0.0000 0.0000 10.0000 0.0000 0.0000 0.0000 0.0000 0.0000 20.0000 0.0000 0.0000 10.0000 0.0000 0.0000 0.0000 0.0000 0.0000 37.3194 1.6070 -4.7563 -33.9082 21.1220 31.8925 0.0000 0.0000 0.0000 0.0000 0.0000 0.0000 10.0000 0.0000 0.0000 10.0000 0.0000 0.0000 0.0000 0.0000 0.0000 20.0000 0.0000 0.0000 10.0000 0.0000 0.0000 0.0000 0.0000 0.0000 20.0000 0.0000 0.0000 10.0000 0.0000 0.0000 0.0000 0.0000 0.0000 20.0000 0.0000 0.0000 10.0000 0.0000 0.0000 0.0000 0.0000 0.0000 20.0000 0.0000 0.0000 10.0000 0.0000 0.0000 0.0000 0.0000 0.0000 0.0000 0.0000 0.0000 0.0000 0.0000 0.0000 0.0000 0.0000 0.0000 0.0000 0.0000 0.0000 0.0000 0.0000 0.0000
0.0000 95.0000 0.0000 0.0000 0.0000 0.0000 0.0000 0.0000 0.0000 0.0000 0.0000 0.0000 0.0000 0.0000 0.0000 0.0000 0.0000 0.0000 0.0000 0.0000 0.0000 0.0000 0.0000 0.0000 -13.2870 -6.6808 -53.2329 -1.2201 1.3617 -13.9509 0.0000 0.0000 0.0000 0.0000 0.0000 0.0000 10.0000 0.0000 0.0000 10.0000 0.0000 0.0000 0.0000 0.0000 0.0000 20.0000 0.0000 0.0000 10.0000 0.0000 0.0000 0.0000 0.0000 0.0000 20.0000 0.0000 0.0000 10.0000 0.0000 0.0000 0.0000 0.0000 0.0000 20.0000 0.0000 0.0000 10.0000 0.0000 0.0000 0.0000 0.0000 0.0000 20.0000 0.0000 0.0000 10.0000 0.0000 0.0000 0.0000 0.0000 0.0000 36.3144 -6.7452 20.3737 -33.4656 24.9088 22.8399 0.0000 0.0000 0.0000 0.0000 0.0000 0.0000 10.0000 0.0000 0.0000 10.0000 0.0000 0.0000 0.0000 0.0000 0.0000 20.0000 0.0000 0.0000 10.0000 0.0000 0.0000 0.0000 0.0000 0.0000 20.0000 0.0000 0.0000 10.0000 0.0000 0.0000 0.0000 0.0000 0.0000 20.0000 0.0000 0.0000 10.0000 0.0000 0.0000 0.0000 0.0000 0.0000 20.0000 0.0000 0.0000 10.0000 0.0000 0.0000 0.0000 0.0000 0.0000 0.0000 0.0000 0.0000 0.0000 0.0000 0.0000 0.0000 0.0000 0.0000 0.0000 0.0000 0.0000 0.0000 0.0000 0.0000
0.0000 95.0000 0.0000 0.0000 0.0000 0.0000 0.0000 0.0000 0.0000 0.0000 0.0000 0.0000 0.0000 0.0000 0.0000 0.0000 0.0000 0.0000 0.0000 0.0000 0.0000 0.0000 0.0000 0.0000 -9.4919 -5.6992 -61.8896 0.4017 1.3522 -8.9371 0.0000 0.0000 0.0000 0.0000 0.0000 0.0000 10.0000 0.0000 0.0000 10.0000 0.0000 0.0000 0.0000 0.0000 0.0000 20.0000 0.0000 0.0000 10.0000 0.0000 0.0000 0.0000 0.0000 0.0000 20.0000 0.0000 0.0000 10.0000 0.0000 0.0000 0.0000 0.0000 0.0000 20.0000 0.0000 0.0000 10.0000 0.0000 0.0000 0.0000 0.0000 0.0000 20.0000 0.0000 0.0000 10.0000 0.0000 0.0000 0.0000 0.0000 0.0000 33.0080 -10.5485 34.6105 -33.2873 22.6547 12.8830 0.0000 0.0000 0.0000 0.0000 0.0000 0.0000 10.0000 0.0000 0.0000 10.0000 0.0000 0.0000 0.0000 0.0000 0.0000 20.0000 0.0000 0.0000 10.0000 0.0000 0.0000 0.0000 0.0000 0.0000 20.0000 0.0000 0.0000 10.0000 0.0000 0.0000 0.0000 0.0000 0.0000 20.0000 0.0000 0.0000 10.0000 0.0000 0.0000 0.0000 0.0000 0.0000 20.0000 0.0000 0.0000 10.0000 0.0000 0.0000 0.0000 0.0000 0.0000 0.0000 0.0000 0.0000 0.0000 0.0000 0.0000 0.0000 0.0000 0.0000 0.0000 0.0000 0.0000 0.0000 0.0000 0.0000
0.0000 95.0000 0.0000 0.0000 0.0000 0.0000 0.0000 0.0000 0.0000 0.0000 0.0000 0.0000 0.0000 0.0000 0.0000 0.0000 0.0000 0.0000 0.0000 0.0000 0.0000 0.0000 0.0000 0.0000 -7.6330 -4.9500 -65.8825 1.2051 1.5531 -6.6955 0.0000 0.0000 0.0000 0.0000 0.0000 0.0000 10.0000 0.0000 0.0000 10.0000 0.0000 0.0000 0.0000 0.0000 0.0000 20.0000 0.0000 0.0000 10.0000 0.0000 0.0000 0.0000 0.0000 0.0000 20.0000 0.0000 0.0000 10.0000 0.0000 0.0000 0.0000 0.0000 0.0000 20.0000 0.0000 0.0000 10.0000 0.0000 0.0000 0.0000 0.0000 0.0000 20.0000 0.0000 0.0000 10.0000 0.0000 0.0000 0.0000 0.0000 0.0000 30.9027 -12.1395 42.0834 -33.0195 21.1873 7.4182 0.0000 0.0000 0.0000 0.0000 0.0000 0.0000 10.0000 0.0000 0.0000 10.0000 0.0000 0.0000 0.0000 0.0000 0.0000 20.0000 0.0000 0.0000 10.0000 0.0000 0.0000 0.0000 0.0000 0.0000 20.0000 0.0000 0.0000 10.0000 0.0000 0.0000 0.0000 0.0000 0.0000 20.0000 0.0000 0.0000 10.0000 0.0000 0.0000 0.0000 0.0000 0.0000 20.0000 0.0000 0.0000 10.0000 0.0000 0.0000 0.0000 0.0000 0.0000 0.0000 0.0000 0.0000 0.0000 0.0000 0.0000 0.0000 0.0000 0.0000 0.0000 0.0000 0.0000 0.0000 0.0000 0.0000
0.0000 95.0000 0.0000 0.0000 0.0000 0.0000 0.0000 0.0000 0.0000 0.0000 0.0000 0.0000 0.0000 0.0000 0.0000 0.0000 0.0000 0.0000 0.0000 0.0000 0.0000 0.0000 0.0000 0.0000 -6.6304 -4.5043 -68.3473 1.6827 1.7548 -5.4981 0.0000 0.0000 0.0000 0.0000 0.0000 0.0000 10.0000 0.0000 0.0000 10.0000 0.0000 0.0000 0.0000 0.0000 0.0000 20.0000 0.0000 0.0000 10.0000 0.0000 0.0000 0.0000 0.0000 0.0000 20.0000 0.0000 0.0000 10.0000 0.0000 0.0000 0.0000 0.0000 0.0000 20.0000 0.0000 0.0000 10.0000 0.0000 0.0000 0.0000 0.0000 0.0000 20.0000 0.0000 0.0000 10.0000 0.0000 0.0000 0.0000 0.0000 0.0000 29.9010 -13.0916 46.5083 -32.8845 20.4527 4.2005 0.0000 0.0000 0.0000 0.0000 0.0000 0.0000 10.0000 0.0000 0.0000 10.0000 0.0000 0.0000 0.0000 0.0000 0.0000 20.0000 0.0000 0.0000 10.0000 0.0000 0.0000 0.0000 0.0000 0.0000 20.0000 0.0000 0.0000 10.0000 0.0000 0.0000 0.0000 0.0000 0.0000 20.0000 0.0000 0.0000 10.0000 0.0000 0.0000 0.0000 0.0000 0.0000 20.0000 0.0000 0.0000 10.0000 0.0000 0.0000 0.0000 0.0000 0.0000 0.0000 0.0000 0.0000 0.0000 0.0000 0.0000 0.0000 0.0000 0.0000 0.0000 0.0000 0.0000 0.0000 0.0000 0.0000
0.0000 95.0000 0.0000 0.0000 0.0000 0.0000 0.0000 0.0000 0.0000 0.0000 0.0000 0.0000 0.0000 0.0000 0.0000 0.0000 0.0000 0.0000 0.0000 0.0000 0.0000 0.0000 0.0000 0.0000 -6.0776 -4.2737 -70.2033 1.9112 1.9042 -5.1229 0.0000 0.0000 0.0000 0.0000 0.0000 0.0000 10.0000 0.0000 0.0000 10.0000 0.0000 0.0000 0.0000 0.0000 0.0000 20.0000 0.0000 0.0000 10.0000 0.0000 0.0000 0.0000 0.0000 0.0000 20.0000 0.0000 0.0000 10.0000 0.0000 0.0000 0.0000 0.0000 0.0000 20.0000 0.0000 0.0000 10.0000 0.0000 0.0000 0.0000 0.0000 0.0000 20.0000 0.0000 0.0000 10.0000 0.0000 0.0000 0.0000 0.0000 0.0000 29.5146 -13.8683 49.5654 -32.6400 20.3846 2.5884 0.0000 0.0000 0.0000 0.0000 0.0000 0.0000 10.0000 0.0000 0.0000 10.0000 0.0000 0.0000 0.0000 0.0000 0.0000 20.0000 0.0000 0.0000 10.0000 0.0000 0.0000 0.0000 0.0000 0.0000 20.0000 0.0000 0.0000 10.0000 0.0000 0.0000 0.0000 0.0000 0.0000 20.0000 0.0000 0.0000 10.0000 0.0000 0.0000 0.0000 0.0000 0.0000 20.0000 0.0000 0.0000 10.0000 0.0000 0.0000 0.0000 0.0000 0.0000 0.0000 0.0000 0.0000 0.0000 0.0000 0.0000 0.0000 0.0000 0.0000 0.0000 0.0000 0.0000 0.0000 0.0000 0.0000
0.0000 95.0000 0.0000 0.0000 0.0000 0.0000 0.0000 0.0000 0.0000 0.0000 0.0000 0.0000 0.0000 0.0000 0.0000 0.0000 0.0000 0.0000 0.0000 0.0000 0.0000 0.0000 0.0000 0.0000 -5.7903 -4.1920 -71.7844 1.9585 2.0140 -5.4950 0.0000 0.0000 0.0000 0.0000 0.0000 0.0000 10.0000 0.0000 0.0000 10.0000 0.0000 0.0000 0.0000 0.0000 0.0000 20.0000 0.0000 0.0000 10.0000 0.0000 0.0000 0.0000 0.0000 0.0000 20.0000 0.0000 0.0000 10.0000 0.0000 0.0000 0.0000 0.0000 0.0000 20.0000 0.0000 0.0000 10.0000 0.0000 0.0000 0.0000 0.0000 0.0000 20.0000 0.0000 0.0000 10.0000 0.0000 0.0000 0.0000 0.0000 0.0000 29.4438 -14.5997 51.9814 -32.1117 20.8157 2.1926 0.0000 0.0000 0.0000 0.0000 0.0000 0.0000 10.0000 0.0000 0.0000 10.0000 0.0000 0.0000 0.0000 0.0000 0.0000 20.0000 0.0000 0.0000 10.0000 0.0000 0.0000 0.0000 0.0000 0.0000 20.0000 0.0000 0.0000 10.0000 0.0000 0.0000 0.0000 0.0000 0.0000 20.0000 0.0000 0.0000 10.0000 0.0000 0.0000 0.0000 0.0000 0.0000 20.0000 0.0000 0.0000 10.0000 0.0000 0.0000 0.0000 0.0000 0.0000 0.0000 0.0000 0.0000 0.0000 0.0000 0.0000 0.0000 0.0000 0.0000 0.0000 0.0000 0.0000 0.0000 0.0000 0.0000
0.0000 95.0000 0.0000 0.0000 0.0000 0.0000 0.0000 0.0000 0.0000 0.0000 0.0000 0.0000 0.0000 0.0000 0.0000 0.0000 0.0000 0.0000 0.0000 0.0000 0.0000 0.0000 0.0000 0.0000 -5.6696 -4.2139 -73.2224 1.8938 2.0982 -6.3708 0.0000 0.0000 0.0000 0.0000 0.0000 0.0000 10.0000 0.0000 0.0000 10.0000 0.0000 0.0000 0.0000 0.0000 0.0000 20.0000 0.0000 0.0000 10.0000 0.0000 0.0000 0.0000 0.0000 0.0000 20.0000 0.0000 0.0000 10.0000 0.0000 0.0000 0.0000 0.0000 0.0000 20.0000 0.0000 0.0000 10.0000 0.0000 0.0000 0.0000 0.0000 0.0000 20.0000 0.0000 0.0000 10.0000 0.0000 0.0000 0.0000 0.0000 0.0000 29.5274 -15.3226 54.0829 -31.1719 21.5285 2.7094 0.0000 0.0000 0.0000 0.0000 0.0000 0.0000 10.0000 0.0000 0.0000 10.0000 0.0000 0.0000 0.0000 0.0000 0.0000 20.0000 0.0000 0.0000 10.0000 0.0000 0.0000 0.0000 0.0000 0.0000 20.0000 0.0000 0.0000 10.0000 0.0000 0.0000 0.0000 0.0000 0.0000 20.0000 0.0000 0.0000 10.0000 0.0000 0.0000 0.0000 0.0000 0.0000 20.0000 0.0000 0.0000 10.0000 0.0000 0.0000 0.0000 0.0000 0.0000 0.0000 0.0000 0.0000 0.0000 0.0000 0.0000 0.0000 0.0000 0.0000 0.0000 0.0000 0.0000 0.0000 0.0000 0.0000
0.0000 95.0000 0.0000 0.0000 0.0000 0.0000 0.0000 0.0000 0.0000 0.0000 0.0000 0.0000 0.0000 0.0000 0.0000 0.0000 0.0000 0.0000 0.0000 0.0000 0.0000 0.0000 0.0000 0.0000 -5.5159 -4.1887 -74.4070 1.8361 2.1172 -6.7365 0.0000 0.0000 0.0000 0.0000 0.0000 0.0000 10.0000 0.0000 0.0000 10.0000 0.0000 0.0000 0.0000 0.0000 0.0000 20.0000 0.0000 0.0000 10.0000 0.0000 0.0000 0.0000 0.0000 0.0000 20.0000 0.0000 0.0000 10.0000 0.0000 0.0000 0.0000 0.0000 0.0000 20.0000 0.0000 0.0000 10.0000 0.0000 0.0000 0.0000 0.0000 0.0000 20.0000 0.0000 0.0000 10.0000 0.0000 0.0000 0.0000 0.0000 0.0000 29.3567 -15.9007 56.1297 -30.3275 21.7962 2.7068 0.0000 0.0000 0.0000 0.0000 0.0000 0.0000 10.0000 0.0000 0.0000 10.0000 0.0000 0.0000 0.0000 0.0000 0.0000 20.0000 0.0000 0.0000 10.0000 0.0000 0.0000 0.0000 0.0000 0.0000 20.0000 0.0000 0.0000 10.0000 0.0000 0.0000 0.0000 0.0000 0.0000 20.0000 0.0000 0.0000 10.0000 0.0000 0.0000 0.0000 0.0000 0.0000 20.0000 0.0000 0.0000 10.0000 0.0000 0.0000 0.0000 0.0000 0.0000 0.0000 0.0000 0.0000 0.0000 0.0000 0.0000 0.0000 0.0000 0.0000 0.0000 0.0000 0.0000 0.0000 0.0000 0.0000
0.0000 95.0000 0.0000 0.0000 0.0000 0.0000 0.0000 0.0000 0.0000 0.0000 0.0000 0.0000 0.0000 0.0000 0.0000 0.0000 0.0000 0.0000 0.0000 0.0000 0.0000 0.0000 0.0000 0.0000 -6.9304 -5.3261 -75.0577 4.9754 4.5709 -4.1422 0.0000 0.0000 0.0000 0.0000 0.0000 0.0000 10.0000 0.0000 0.0000 10.0000 0.0000 0.0000 0.0000 0.0000 0.0000 20.0000 0.0000 0.0000 10.0000 0.0000 0.0000 0.0000 0.0000 0.0000 20.0000 0.0000 0.0000 10.0000 0.0000 0.0000 0.0000 0.0000 0.0000 20.0000 0.0000 0.0000 10.0000 0.0000 0.0000 0.0000 0.0000 0.0000 20.0000 0.0000 0.0000 10.0000 0.0000 0.0000 0.0000 0.0000 0.0000 28.7374 -17.6673 62.4867 -31.9732 21.5004 -2.8912 0.0000 0.0000 0.0000 0.0000 0.0000 0.0000 10.0000 0.0000 0.0000 10.0000 0.0000 0.0000 0.0000 0.0000 0.0000 20.0000 0.0000 0.0000 10.0000 0.0000 0.0000 0.0000 0.0000 0.0000 20.0000 0.0000 0.0000 10.0000 0.0000 0.0000 0.0000 0.0000 0.0000 20.0000 0.0000 0.0000 10.0000 0.0000 0.0000 0.0000 0.0000 0.0000 20.0000 0.0000 0.0000 10.0000 0.0000 0.0000 0.0000 0.0000 0.0000 0.0000 0.0000 0.0000 0.0000 0.0000 0.0000 0.0000 0.0000 0.0000 0.0000 0.0000 0.0000 0.0000 0.0000 0.0000
0.0000 95.0000 0.0000 0.0000 0.0000 0.0000 0.0000 0.0000 0.0000 0.0000 0.0000 0.0000 0.0000 0.0000 0.0000 0.0000 0.0000 0.0000 0.0000 0.0000 0.0000 0.0000 0.0000 0.0000 -8.4937 -6.2345 -72.5123 6.0801 5.0363 -2.5354 0.0000 0.0000 0.0000 0.0000 0.0000 0.0000 10.0000 0.0000 0.0000 10.0000 0.0000 0.0000 0.0000 0.0000 0.0000 20.0000 0.0000 0.0000 10.0000 0.0000 0.0000 0.0000 0.0000 0.0000 20.0000 0.0000 0.0000 10.0000 0.0000 0.0000 0.0000 0.0000 0.0000 20.0000 0.0000 0.0000 10.0000 0.0000 0.0000 0.0000 0.0000 0.0000 20.0000 0.0000 0.0000 10.0000 0.0000 0.0000 0.0000 0.0000 0.0000 33.7788 -19.6040 59.2814 -38.1063 23.6948 -5.3128 0.0000 0.0000 0.0000 0.0000 0.0000 0.0000 10.0000 0.0000 0.0000 10.0000 0.0000 0.0000 0.0000 0.0000 0.0000 20.0000 0.0000 0.0000 10.0000 0.0000 0.0000 0.0000 0.0000 0.0000 20.0000 0.0000 0.0000 10.0000 0.0000 0.0000 0.0000 0.0000 0.0000 20.0000 0.0000 0.0000 10.0000 0.0000 0.0000 0.0000 0.0000 0.0000 20.0000 0.0000 0.0000 10.0000 0.0000 0.0000 0.0000 0.0000 0.0000 0.0000 0.0000 0.0000 0.0000 0.0000 0.0000 0.0000 0.0000 0.0000 0.0000 0.0000 0.0000 0.0000 0.0000 0.0000
0.0000 95.0000 0.0000 0.0000 0.0000 0.0000 0.0000 0.0000 0.0000 0.0000 0.0000 0.0000 0.0000 0.0000 0.0000 0.0000 0.0000 0.0000 0.0000 0.0000 0.0000 0.0000 0.0000 0.0000 -9.5532 -6.8056 -70.8696 7.1413 5.2173 -0.1707 0.0000 0.0000 0.0000 0.0000 0.0000 0.0000 10.0000 0.0000 0.0000 10.0000 0.0000 0.0000 0.0000 0.0000 0.0000 20.0000 0.0000 0.0000 10.0000 0.0000 0.0000 0.0000 0.0000 0.0000 20.0000 0.0000 0.0000 10.0000 0.0000 0.0000 0.0000 0.0000 0.0000 20.0000 0.0000 0.0000 10.0000 0.0000 0.0000 0.0000 0.0000 0.0000 20.0000 0.0000 0.0000 10.0000 0.0000 0.0000 0.0000 0.0000 0.0000 32.8364 -20.6297 63.4035 -37.9510 22.4789 -8.7123 0.0000 0.0000 0.0000 0.0000 0.0000 0.0000 10.0000 0.0000 0.0000 10.0000 0.0000 0.0000 0.0000 0.0000 0.0000 20.0000 0.0000 0.0000 10.0000 0.0000 0.0000 0.0000 0.0000 0.0000 20.0000 0.0000 0.0000 10.0000 0.0000 0.0000 0.0000 0.0000 0.0000 20.0000 0.0000 0.0000 10.0000 0.0000 0.0000 0.0000 0.0000 0.0000 20.0000 0.0000 0.0000 10.0000 0.0000 0.0000 0.0000 0.0000 0.0000 0.0000 0.0000 0.0000 0.0000 0.0000 0.0000 0.0000 0.0000 0.0000 0.0000 0.0000 0.0000 0.0000 0.0000 0.0000
0.0000 95.0000 0.0000 0.0000 0.0000 0.0000 0.0000 0.0000 0.0000 0.0000 0.0000 0.0000 0.0000 0.0000 0.0000 0.0000 0.0000 0.0000 0.0000 0.0000 0.0000 0.0000 0.0000 0.0000 -15.5095 -5.9841 -41.9962 12.3797 -4.9824 37.9453 0.0000 0.0000 0.0000 0.0000 0.0000 0.0000 10.0000 0.0000 0.0000 10.0000 0.0000 0.0000 0.0000 0.0000 0.0000 20.0000 0.0000 0.0000 10.0000 0.0000 0.0000 0.0000 0.0000 0.0000 20.0000 0.0000 0.0000 10.0000 0.0000 0.0000 0.0000 0.0000 0.0000 20.0000 0.0000 0.0000 10.0000 0.0000 0.0000 0.0000 0.0000 0.0000 20.0000 0.0000 0.0000 10.0000 0.0000 0.0000 0.0000 0.0000 0.0000 37.3573 -19.8164 54.6498 -41.3979 22.4907 -7.1702 0.0000 0.0000 0.0000 0.0000 0.0000 0.0000 10.0000 0.0000 0.0000 10.0000 0.0000 0.0000 0.0000 0.0000 0.0000 20.0000 0.0000 0.0000 10.0000 0.0000 0.0000 0.0000 0.0000 0.0000 20.0000 0.0000 0.0000 10.0000 0.0000 0.0000 0.0000 0.0000 0.0000 20.0000 0.0000 0.0000 10.0000 0.0000 0.0000 0.0000 0.0000 0.0000 20.0000 0.0000 0.0000 10.0000 0.0000 0.0000 0.0000 0.0000 0.0000 0.0000 0.0000 0.0000 0.0000 0.0000 0.0000 0.0000 0.0000 0.0000 0.0000 0.0000 0.0000 0.0000 0.0000 0.0000
0.0000 95.0000 0.0000 0.0000 0.0000 0.0000 0.0000 0.0000 0.0000 0.0000 0.0000 0.0000 0.0000 0.0000 0.0000 0.0000 0.0000 0.0000 0.0000 0.0000 0.0000 0.0000 0.0000 0.0000 -16.2549 -0.5112 -3.5783 14.9098 1.3230 -2.9914 0.0000 0.0000 0.0000 0.0000 0.0000 0.0000 10.0000 0.0000 0.0000 10.0000 0.0000 0.0000 0.0000 0.0000 0.0000 20.0000 0.0000 0.0000 10.0000 0.0000 0.0000 0.0000 0.0000 0.0000 20.0000 0.0000 0.0000 10.0000 0.0000 0.0000 0.0000 0.0000 0.0000 20.0000 0.0000 0.0000 10.0000 0.0000 0.0000 0.0000 0.0000 0.0000 20.0000 0.0000 0.0000 10.0000 0.0000 0.0000 0.0000 0.0000 0.0000 45.4050 -16.7583 38.7921 -50.8168 17.7181 -9.0217 0.0000 0.0000 0.0000 0.0000 0.0000 0.0000 10.0000 0.0000 0.0000 10.0000 0.0000 0.0000 0.0000 0.0000 0.0000 20.0000 0.0000 0.0000 10.0000 0.0000 0.0000 0.0000 0.0000 0.0000 20.0000 0.0000 0.0000 10.0000 0.0000 0.0000 0.0000 0.0000 0.0000 20.0000 0.0000 0.0000 10.0000 0.0000 0.0000 0.0000 0.0000 0.0000 20.0000 0.0000 0.0000 10.0000 0.0000 0.0000 0.0000 0.0000 0.0000 0.0000 0.0000 0.0000 0.0000 0.0000 0.0000 0.0000 0.0000 0.0000 0.0000 0.0000 0.0000 0.0000 0.0000 0.0000
0.0000 95.0000 0.0000 0.0000 0.0000 0.0000 0.0000 0.0000 0.0000 0.0000 0.0000 0.0000 0.0000 0.0000 0.0000 0.0000 0.0000 0.0000 0.0000 0.0000 0.0000 0.0000 0.0000 0.0000 -15.4005 -3.4601 -25.1849 15.0063 -0.8735 15.6826 0.0000 0.0000 0.0000 0.0000 0.0000 0.0000 10.0000 0.0000 0.0000 10.0000 0.0000 0.0000 0.0000 0.0000 0.0000 20.0000 0.0000 0.0000 10.0000 0.0000 0.0000 0.0000 0.0000 0.0000 20.0000 0.0000 0.0000 10.0000 0.0000 0.0000 0.0000 0.0000 0.0000 20.0000 0.0000 0.0000 10.0000 0.0000 0.0000 0.0000 0.0000 0.0000 20.0000 0.0000 0.0000 10.0000 0.0000 0.0000 0.0000 0.0000 0.0000 41.3679 -18.4729 46.6050 -45.7926 20.3348 -8.1110 0.0000 0.0000 0.0000 0.0000 0.0000 0.0000 10.0000 0.0000 0.0000 10.0000 0.0000 0.0000 0.0000 0.0000 0.0000 20.0000 0.0000 0.0000 10.0000 0.0000 0.0000 0.0000 0.0000 0.0000 20.0000 0.0000 0.0000 10.0000 0.0000 0.0000 0.0000 0.0000 0.0000 20.0000 0.0000 0.0000 10.0000 0.0000 0.0000 0.0000 0.0000 0.0000 20.0000 0.0000 0.0000 10.0000 0.0000 0.0000 0.0000 0.0000 0.0000 0.0000 0.0000 0.0000 0.0000 0.0000 0.0000 0.0000 0.0000 0.0000 0.0000 0.0000 0.0000 0.0000 0.0000 0.0000
0.0000 95.0000 0.0000 0.0000 0.0000 0.0000 0.0000 0.0000 0.0000 0.0000 0.0000 0.0000 0.0000 0.0000 0.0000 0.0000 0.0000 0.0000 0.0000 0.0000 0.0000 0.0000 0.0000 0.0000 -14.8240 -4.9003 -36.4141 14.2015 1.9976 10.2388 0.0000 0.0000 0.0000 0.0000 0.0000 0.0000 10.0000 0.0000 0.0000 10.0000 0.0000 0.0000 0.0000 0.0000 0.0000 20.0000 0.0000 0.0000 10.0000 0.0000 0.0000 0.0000 0.0000 0.0000 20.0000 0.0000 0.0000 10.0000 0.0000 0.0000 0.0000 0.0000 0.0000 20.0000 0.0000 0.0000 10.0000 0.0000 0.0000 0.0000 0.0000 0.0000 20.0000 0.0000 0.0000 10.0000 0.0000 0.0000 0.0000 0.0000 0.0000 38.8214 -19.6017 52.2325 -42.8635 21.6648 -7.8713 0.0000 0.0000 0.0000 0.0000 0.0000 0.0000 10.0000 0.0000 0.0000 10.0000 0.0000 0.0000 0.0000 0.0000 0.0000 20.0000 0.0000 0.0000 10.0000 0.0000 0.0000 0.0000 0.0000 0.0000 20.0000 0.0000 0.0000 10.0000 0.0000 0.0000 0.0000 0.0000 0.0000 20.0000 0.0000 0.0000 10.0000 0.0000 0.0000 0.0000 0.0000 0.0000 20.0000 0.0000 0.0000 10.0000 0.0000 0.0000 0.0000 0.0000 0.0000 0.0000 0.0000 0.0000 0.0000 0.0000 0.0000 0.0000 0.0000 0.0000 0.0000 0.0000 0.0000 0.0000 0.0000 0.0000
0.0000 95.0000 0.0000 0.0000 0.0000 0.0000 0.0000 0.0000 0.0000 0.0000 0.0000 0.0000 0.0000 0.0000 0.0000 0.0000 0.0000 0.0000 0.0000 0.0000 0.0000 0.0000 0.0000 0.0000 -8.3282 0.6795 9.3123 12.5798 2.0566 -16.7672 0.0000 0.0000 0.0000 0.0000 0.0000 0.0000 10.0000 0.0000 0.0000 10.0000 0.0000 0.0000 0.0000 0.0000 0.0000 20.0000 0.0000 0.0000 10.0000 0.0000 0.0000 0.0000 0.0000 0.0000 20.0000 0.0000 0.0000 10.0000 0.0000 0.0000 0.0000 0.0000 0.0000 20.0000 0.0000 0.0000 10.0000 0.0000 0.0000 0.0000 0.0000 0.0000 20.0000 0.0000 0.0000 10.0000 0.0000 0.0000 0.0000 0.0000 0.0000 47.1129 -13.5359 30.4542 -55.6096 5.2878 -15.5204 0.0000 0.0000 0.0000 0.0000 0.0000 0.0000 10.0000 0.0000 0.0000 10.0000 0.0000 0.0000 0.0000 0.0000 0.0000 20.0000 0.0000 0.0000 10.0000 0.0000 0.0000 0.0000 0.0000 0.0000 20.0000 0.0000 0.0000 10.0000 0.0000 0.0000 0.0000 0.0000 0.0000 20.0000 0.0000 0.0000 10.0000 0.0000 0.0000 0.0000 0.0000 0.0000 20.0000 0.0000 0.0000 10.0000 0.0000 0.0000 0.0000 0.0000 0.0000 0.0000 0.0000 0.0000 0.0000 0.0000 0.0000 0.0000 0.0000 0.0000 0.0000 0.0000 0.0000 0.0000 0.0000 0.0000
0.0000 95.0000 0.0000 0.0000 0.0000 0.0000 0.0000 0.0000 0.0000 0.0000 0.0000 0.0000 0.0000 0.0000 0.0000 0.0000 0.0000 0.0000 0.0000 0.0000 0.0000 0.0000 0.0000 0.0000 -5.6785 0.3158 6.3601 10.2964 1.3957 -14.0456 0.0000 0.0000 0.0000 0.0000 0.0000 0.0000 10.0000 0.0000 0.0000 10.0000 0.0000 0.0000 0.0000 0.0000 0.0000 20.0000 0.0000 0.0000 10.0000 0.0000 0.0000 0.0000 0.0000 0.0000 20.0000 0.0000 0.0000 10.0000 0.0000 0.0000 0.0000 0.0000 0.0000 20.0000 0.0000 0.0000 10.0000 0.0000 0.0000 0.0000 0.0000 0.0000 20.0000 0.0000 0.0000 10.0000 0.0000 0.0000 0.0000 0.0000 0.0000 45.3896 -16.4938 38.2299 -52.1004 14.5450 -11.8109 0.0000 0.0000 0.0000 0.0000 0.0000 0.0000 10.0000 0.0000 0.0000 10.0000 0.0000 0.0000 0.0000 0.0000 0.0000 20.0000 0.0000 0.0000 10.0000 0.0000 0.0000 0.0000 0.0000 0.0000 20.0000 0.0000 0.0000 10.0000 0.0000 0.0000 0.0000 0.0000 0.0000 20.0000 0.0000 0.0000 10.0000 0.0000 0.0000 0.0000 0.0000 0.0000 20.0000 0.0000 0.0000 10.0000 0.0000 0.0000 0.0000 0.0000 0.0000 0.0000 0.0000 0.0000 0.0000 0.0000 0.0000 0.0000 0.0000 0.0000 0.0000 0.0000 0.0000 0.0000 0.0000 0.0000
0.0000 95.0000 0.0000 0.0000 0.0000 0.0000 0.0000 0.0000 0.0000 0.0000 0.0000 0.0000 0.0000 0.0000 0.0000 0.0000 0.0000 0.0000 0.0000 0.0000 0.0000 0.0000 0.0000 0.0000 -0.2821 0.0171 6.9274 7.3791 0.6380 -16.1802 0.0000 0.0000 0.0000 0.0000 0.0000 0.0000 10.0000 0.0000 0.0000 10.0000 0.0000 0.0000 0.0000 0.0000 0.0000 20.0000 0.0000 0.0000 10.0000 0.0000 0.0000 0.0000 0.0000 0.0000 20.0000 0.0000 0.0000 10.0000 0.0000 0.0000 0.0000 0.0000 0.0000 20.0000 0.0000 0.0000 10.0000 0.0000 0.0000 0.0000 0.0000 0.0000 20.0000 0.0000 0.0000 10.0000 0.0000 0.0000 0.0000 0.0000 0.0000 50.2234 -6.1197 13.0133 -57.2988 -6.7760 -13.4975 0.0000 0.0000 0.0000 0.0000 0.0000 0.0000 10.0000 0.0000 0.0000 10.0000 0.0000 0.0000 0.0000 0.0000 0.0000 20.0000 0.0000 0.0000 10.0000 0.0000 0.0000 0.0000 0.0000 0.0000 20.0000 0.0000 0.0000 10.0000 0.0000 0.0000 0.0000 0.0000 0.0000 20.0000 0.0000 0.0000 10.0000 0.0000 0.0000 0.0000 0.0000 0.0000 20.0000 0.0000 0.0000 10.0000 0.0000 0.0000 0.0000 0.0000 0.0000 0.0000 0.0000 0.0000 0.0000 0.0000 0.0000 0.0000 0.0000 0.0000 0.0000 0.0000 0.0000 0.0000 0.0000 0.0000
0.0000 95.0000 0.0000 0.0000 0.0000 0.0000 0.0000 0.0000 0.0000 0.0000 0.0000 0.0000 0.0000 0.0000 0.0000 0.0000 0.0000 0.0000 0.0000 0.0000 0.0000 0.0000 0.0000 0.0000 0.2202 -0.0125 6.4835 6.6938 0.4664 -14.9358 0.0000 0.0000 0.0000 0.0000 0.0000 0.0000 10.0000 0.0000 0.0000 10.0000 0.0000 0.0000 0.0000 0.0000 0.0000 20.0000 0.0000 0.0000 10.0000 0.0000 0.0000 0.0000 0.0000 0.0000 20.0000 0.0000 0.0000 10.0000 0.0000 0.0000 0.0000 0.0000 0.0000 20.0000 0.0000 0.0000 10.0000 0.0000 0.0000 0.0000 0.0000 0.0000 20.0000 0.0000 0.0000 10.0000 0.0000 0.0000 0.0000 0.0000 0.0000 46.3364 2.6828 -6.2639 -53.4939 7.3344 10.1913 0.0000 0.0000 0.0000 0.0000 0.0000 0.0000 10.0000 0.0000 0.0000 10.0000 0.0000 0.0000 0.0000 0.0000 0.0000 20.0000 0.0000 0.0000 10.0000 0.0000 0.0000 0.0000 0.0000 0.0000 20.0000 0.0000 0.0000 10.0000 0.0000 0.0000 0.0000 0.0000 0.0000 20.0000 0.0000 0.0000 10.0000 0.0000 0.0000 0.0000 0.0000 0.0000 20.0000 0.0000 0.0000 10.0000 0.0000 0.0000 0.0000 0.0000 0.0000 0.0000 0.0000 0.0000 0.0000 0.0000 0.0000 0.0000 0.0000 0.0000 0.0000 0.0000 0.0000 0.0000 0.0000 0.0000
0.0000 95.0000 0.0000 0.0000 0.0000 0.0000 0.0000 0.0000 0.0000 0.0000 0.0000 0.0000 0.0000 0.0000 0.0000 0.0000 0.0000 0.0000 0.0000 0.0000 0.0000 0.0000 0.0000 0.0000 4.4497 -0.2747 7.0630 3.9777 -0.3145 -16.6839 0.0000 0.0000 0.0000 0.0000 0.0000 0.0000 10.0000 0.0000 0.0000 10.0000 0.0000 0.0000 0.0000 0.0000 0.0000 20.0000 0.0000 0.0000 10.0000 0.0000 0.0000 0.0000 0.0000 0.0000 20.0000 0.0000 0.0000 10.0000 0.0000 0.0000 0.0000 0.0000 0.0000 20.0000 0.0000 0.0000 10.0000 0.0000 0.0000 0.0000 0.0000 0.0000 20.0000 0.0000 0.0000 10.0000 0.0000 0.0000 0.0000 0.0000 0.0000 41.7018 2.2884 -6.0034 -48.6526 6.9010 10.5987 0.0000 0.0000 0.0000 0.0000 0.0000 0.0000 10.0000 0.0000 0.0000 10.0000 0.0000 0.0000 0.0000 0.0000 0.0000 20.0000 0.0000 0.0000 10.0000 0.0000 0.0000 0.0000 0.0000 0.0000 20.0000 0.0000 0.0000 10.0000 0.0000 0.0000 0.0000 0.0000 0.0000 20.0000 0.0000 0.0000 10.0000 0.0000 0.0000 0.0000 0.0000 0.0000 20.0000 0.0000 0.0000 10.0000 0.0000 0.0000 0.0000 0.0000 0.0000 0.0000 0.0000 0.0000 0.0000 0.0000 0.0000 0.0000 0.0000 0.0000 0.0000 0.0000 0.0000 0.0000 0.0000 0.0000
0.0000 95.0000 0.0000 0.0000 0.0000 0.0000 0.0000 0.0000 0.0000 0.0000 0.0000 0.0000 0.0000 0.0000 0.0000 0.0000 0.0000 0.0000 0.0000 0.0000 0.0000 0.0000 0.0000 0.0000 10.2637 -0.7617 8.4663 -1.4456 -1.7512 -18.0954 0.0000 0.0000 0.0000 0.0000 0.0000 0.0000 10.0000 0.0000 0.0000 10.0000 0.0000 0.0000 0.0000 0.0000 0.0000 20.0000 0.0000 0.0000 10.0000 0.0000 0.0000 0.0000 0.0000 0.0000 20.0000 0.0000 0.0000 10.0000 0.0000 0.0000 0.0000 0.0000 0.0000 20.0000 0.0000 0.0000 10.0000 0.0000 0.0000 0.0000 0.0000 0.0000 20.0000 0.0000 0.0000 10.0000 0.0000 0.0000 0.0000 0.0000 0.0000 46.8314 -6.8597 15.7587 -52.4846 10.5858 -1.0721 0.0000 0.0000 0.0000 0.0000 0.0000 0.0000 10.0000 0.0000 0.0000 10.0000 0.0000 0.0000 0.0000 0.0000 0.0000 20.0000 0.0000 0.0000 10.0000 0.0000 0.0000 0.0000 0.0000 0.0000 20.0000 0.0000 0.0000 10.0000 0.0000 0.0000 0.0000 0.0000 0.0000 20.0000 0.0000 0.0000 10.0000 0.0000 0.0000 0.0000 0.0000 0.0000 20.0000 0.0000 0.0000 10.0000 0.0000 0.0000 0.0000 0.0000 0.0000 0.0000 0.0000 0.0000 0.0000 0.0000 0.0000 0.0000 0.0000 0.0000 0.0000 0.0000 0.0000 0.0000 0.0000 0.0000
0.0000 95.0000 0.0000 0.0000 0.0000 0.0000 0.0000 0.0000 0.0000 0.0000 0.0000 0.0000 0.0000 0.0000 0.0000 0.0000 0.0000 0.0000 0.0000 0.0000 0.0000 0.0000 0.0000 0.0000 10.4119 -0.5769 6.3252 -2.4243 -1.2473 -12.2802 0.0000 0.0000 0.0000 0.0000 0.0000 0.0000 10.0000 0.0000 0.0000 10.0000 0.0000 0.0000 0.0000 0.0000 0.0000 20.0000 0.0000 0.0000 10.0000 0.0000 0.0000 0.0000 0.0000 0.0000 20.0000 0.0000 0.0000 10.0000 0.0000 0.0000 0.0000 0.0000 0.0000 20.0000 0.0000 0.0000 10.0000 0.0000 0.0000 0.0000 0.0000 0.0000 20.0000 0.0000 0.0000 10.0000 0.0000 0.0000 0.0000 0.0000 0.0000 32.9599 -16.7127 52.8114 -39.7814 17.8300 -8.8973 0.0000 0.0000 0.0000 0.0000 0.0000 0.0000 10.0000 0.0000 0.0000 10.0000 0.0000 0.0000 0.0000 0.0000 0.0000 20.0000 0.0000 0.0000 10.0000 0.0000 0.0000 0.0000 0.0000 0.0000 20.0000 0.0000 0.0000 10.0000 0.0000 0.0000 0.0000 0.0000 0.0000 20.0000 0.0000 0.0000 10.0000 0.0000 0.0000 0.0000 0.0000 0.0000 20.0000 0.0000 0.0000 10.0000 0.0000 0.0000 0.0000 0.0000 0.0000 0.0000 0.0000 0.0000 0.0000 0.0000 0.0000 0.0000 0.0000 0.0000 0.0000 0.0000 0.0000 0.0000 0.0000 0.0000
0.0000 95.0000 0.0000 0.0000 0.0000 0.0000 0.0000 0.0000 0.0000 0.0000 0.0000 0.0000 0.0000 0.0000 0.0000 0.0000 0.0000 0.0000 0.0000 0.0000 0.0000 0.0000 0.0000 0.0000 11.5105 -1.0116 10.0114 -4.1266 -1.7417 -15.3265 0.0000 0.0000 0.0000 0.0000 0.0000 0.0000 10.0000 0.0000 0.0000 10.0000 0.0000 0.0000 0.0000 0.0000 0.0000 20.0000 0.0000 0.0000 10.0000 0.0000 0.0000 0.0000 0.0000 0.0000 20.0000 0.0000 0.0000 10.0000 0.0000 0.0000 0.0000 0.0000 0.0000 20.0000 0.0000 0.0000 10.0000 0.0000 0.0000 0.0000 0.0000 0.0000 20.0000 0.0000 0.0000 10.0000 0.0000 0.0000 0.0000 0.0000 0.0000 26.4044 -17.1474 65.4564 -32.6357 17.5726 -9.8825 0.0000 0.0000 0.0000 0.0000 0.0000 0.0000 10.0000 0.0000 0.0000 10.0000 0.0000 0.0000 0.0000 0.0000 0.0000 20.0000 0.0000 0.0000 10.0000 0.0000 0.0000 0.0000 0.0000 0.0000 20.0000 0.0000 0.0000 10.0000 0.0000 0.0000 0.0000 0.0000 0.0000 20.0000 0.0000 0.0000 10.0000 0.0000 0.0000 0.0000 0.0000 0.0000 20.0000 0.0000 0.0000 10.0000 0.0000 0.0000 0.0000 0.0000 0.0000 0.0000 0.0000 0.0000 0.0000 0.0000 0.0000 0.0000 0.0000 0.0000 0.0000 0.0000 0.0000 0.0000 0.0000 0.0000
0.0000 95.0000 0.0000 0.0000 0.0000 0.0000 0.0000 0.0000 0.0000 0.0000 0.0000 0.0000 0.0000 0.0000 0.0000 0.0000 0.0000 0.0000 0.0000 0.0000 0.0000 0.0000 0.0000 0.0000 9.1656 3.9296 -46.3407 -3.3994 -1.4179 0.4032 0.0000 0.0000 0.0000 0.0000 0.0000 0.0000 10.0000 0.0000 0.0000 10.0000 0.0000 0.0000 0.0000 0.0000 0.0000 20.0000 0.0000 0.0000 10.0000 0.0000 0.0000 0.0000 0.0000 0.0000 20.0000 0.0000 0.0000 10.0000 0.0000 0.0000 0.0000 0.0000 0.0000 20.0000 0.0000 0.0000 10.0000 0.0000 0.0000 0.0000 0.0000 0.0000 20.0000 0.0000 0.0000 10.0000 0.0000 0.0000 0.0000 0.0000 0.0000 22.5759 -16.3592 71.5177 -31.1875 15.1622 -15.1487 0.0000 0.0000 0.0000 0.0000 0.0000 0.0000 10.0000 0.0000 0.0000 10.0000 0.0000 0.0000 0.0000 0.0000 0.0000 20.0000 0.0000 0.0000 10.0000 0.0000 0.0000 0.0000 0.0000 0.0000 20.0000 0.0000 0.0000 10.0000 0.0000 0.0000 0.0000 0.0000 0.0000 20.0000 0.0000 0.0000 10.0000 0.0000 0.0000 0.0000 0.0000 0.0000 20.0000 0.0000 0.0000 10.0000 0.0000 0.0000 0.0000 0.0000 0.0000 0.0000 0.0000 0.0000 0.0000 0.0000 0.0000 0.0000 0.0000 0.0000 0.0000 0.0000 0.0000 0.0000 0.0000 0.0000
0.0000 95.0000 0.0000 0.0000 0.0000 0.0000 0.0000 0.0000 0.0000 0.0000 0.0000 0.0000 0.0000 0.0000 0.0000 0.0000 0.0000 0.0000 0.0000 0.0000 0.0000 0.0000 0.0000 0.0000 7.0729 4.2446 -61.8967 -2.3166 -0.5106 8.2699 0.0000 0.0000 0.0000 0.0000 0.0000 0.0000 10.0000 0.0000 0.0000 10.0000 0.0000 0.0000 0.0000 0.0000 0.0000 20.0000 0.0000 0.0000 10.0000 0.0000 0.0000 0.0000 0.0000 0.0000 20.0000 0.0000 0.0000 10.0000 0.0000 0.0000 0.0000 0.0000 0.0000 20.0000 0.0000 0.0000 10.0000 0.0000 0.0000 0.0000 0.0000 0.0000 20.0000 0.0000 0.0000 10.0000 0.0000 0.0000 0.0000 0.0000 0.0000 20.7957 -15.9237 74.6300 -30.7795 13.6397 -18.9463 0.0000 0.0000 0.0000 0.0000 0.0000 0.0000 10.0000 0.0000 0.0000 10.0000 0.0000 0.0000 0.0000 0.0000 0.0000 20.0000 0.0000 0.0000 10.0000 0.0000 0.0000 0.0000 0.0000 0.0000 20.0000 0.0000 0.0000 10.0000 0.0000 0.0000 0.0000 0.0000 0.0000 20.0000 0.0000 0.0000 10.0000 0.0000 0.0000 0.0000 0.0000 0.0000 20.0000 0.0000 0.0000 10.0000 0.0000 0.0000 0.0000 0.0000 0.0000 0.0000 0.0000 0.0000 0.0000 0.0000 0.0000 0.0000 0.0000 0.0000 0.0000 0.0000 0.0000 0.0000 0.0000 0.0000
0.0000 95.0000 0.0000 0.0000 0.0000 0.0000 0.0000 0.0000 0.0000 0.0000 0.0000 0.0000 0.0000 0.0000 0.0000 0.0000 0.0000 0.0000 0.0000 0.0000 0.0000 0.0000 0.0000 0.0000 6.2186 4.1721 -67.6870 -1.5324 -0.0277 10.8380 0.0000 0.0000 0.0000 0.0000 0.0000 0.0000 10.0000 0.0000 0.0000 10.0000 0.0000 0.0000 0.0000 0.0000 0.0000 20.0000 0.0000 0.0000 10.0000 0.0000 0.0000 0.0000 0.0000 0.0000 20.0000 0.0000 0.0000 10.0000 0.0000 0.0000 0.0000 0.0000 0.0000 20.0000 0.0000 0.0000 10.0000 0.0000 0.0000 0.0000 0.0000 0.0000 20.0000 0.0000 0.0000 10.0000 0.0000 0.0000 0.0000 0.0000 0.0000 20.1258 -15.7442 75.8469 -31.2794 13.2853 -20.8235 0.0000 0.0000 0.0000 0.0000 0.0000 0.0000 10.0000 0.0000 0.0000 10.0000 0.0000 0.0000 0.0000 0.0000 0.0000 20.0000 0.0000 0.0000 10.0000 0.0000 0.0000 0.0000 0.0000 0.0000 20.0000 0.0000 0.0000 10.0000 0.0000 0.0000 0.0000 0.0000 0.0000 20.0000 0.0000 0.0000 10.0000 0.0000 0.0000 0.0000 0.0000 0.0000 20.0000 0.0000 0.0000 10.0000 0.0000 0.0000 0.0000 0.0000 0.0000 0.0000 0.0000 0.0000 0.0000 0.0000 0.0000 0.0000 0.0000 0.0000 0.0000 0.0000 0.0000 0.0000 0.0000 0.0000
0.0000 95.0000 0.0000 0.0000 0.0000 0.0000 0.0000 0.0000 0.0000 0.0000 0.0000 0.0000 0.0000 0.0000 0.0000 0.0000 0.0000 0.0000 0.0000 0.0000 0.0000 0.0000 0.0000 0.0000 9.5172 4.3105 -48.6542 -1.5760 0.0022 6.3069 0.0000 0.0000 0.0000 0.0000 0.0000 0.0000 10.0000 0.0000 0.0000 10.0000 0.0000 0.0000 0.0000 0.0000 0.0000 20.0000 0.0000 0.0000 10.0000 0.0000 0.0000 0.0000 0.0000 0.0000 20.0000 0.0000 0.0000 10.0000 0.0000 0.0000 0.0000 0.0000 0.0000 20.0000 0.0000 0.0000 10.0000 0.0000 0.0000 0.0000 0.0000 0.0000 20.0000 0.0000 0.0000 10.0000 0.0000 0.0000 0.0000 0.0000 0.0000 23.3237 -17.0423 71.9537 -32.5966 14.0160 -18.4077 0.0000 0.0000 0.0000 0.0000 0.0000 0.0000 10.0000 0.0000 0.0000 10.0000 0.0000 0.0000 0.0000 0.0000 0.0000 20.0000 0.0000 0.0000 10.0000 0.0000 0.0000 0.0000 0.0000 0.0000 20.0000 0.0000 0.0000 10.0000 0.0000 0.0000 0.0000 0.0000 0.0000 20.0000 0.0000 0.0000 10.0000 0.0000 0.0000 0.0000 0.0000 0.0000 20.0000 0.0000 0.0000 10.0000 0.0000 0.0000 0.0000 0.0000 0.0000 0.0000 0.0000 0.0000 0.0000 0.0000 0.0000 0.0000 0.0000 0.0000 0.0000 0.0000 0.0000 0.0000 0.0000 0.0000
0.0000 95.0000 0.0000 0.0000 0.0000 0.0000 0.0000 0.0000 0.0000 0.0000 0.0000 0.0000 0.0000 0.0000 0.0000 0.0000 0.0000 0.0000 0.0000 0.0000 0.0000 0.0000 0.0000 0.0000 9.0577 2.0653 -25.6410 -1.6922 1.6869 21.6182 0.0000 0.0000 0.0000 0.0000 0.0000 0.0000 10.0000 0.0000 0.0000 10.0000 0.0000 0.0000 0.0000 0.0000 0.0000 20.0000 0.0000 0.0000 10.0000 0.0000 0.0000 0.0000 0.0000 0.0000 20.0000 0.0000 0.0000 10.0000 0.0000 0.0000 0.0000 0.0000 0.0000 20.0000 0.0000 0.0000 10.0000 0.0000 0.0000 0.0000 0.0000 0.0000 20.0000 0.0000 0.0000 10.0000 0.0000 0.0000 0.0000 0.0000 0.0000 37.2007 -16.8462 47.4988 -47.3466 -4.2536 -33.5071 0.0000 0.0000 0.0000 0.0000 0.0000 0.0000 10.0000 0.0000 0.0000 10.0000 0.0000 0.0000 0.0000 0.0000 0.0000 20.0000 0.0000 0.0000 10.0000 0.0000 0.0000 0.0000 0.0000 0.0000 20.0000 0.0000 0.0000 10.0000 0.0000 0.0000 0.0000 0.0000 0.0000 20.0000 0.0000 0.0000 10.0000 0.0000 0.0000 0.0000 0.0000 0.0000 20.0000 0.0000 0.0000 10.0000 0.0000 0.0000 0.0000 0.0000 0.0000 0.0000 0.0000 0.0000 0.0000 0.0000 0.0000 0.0000 0.0000 0.0000 0.0000 0.0000 0.0000 0.0000 0.0000 0.0000
0.0000 95.0000 0.0000 0.0000 0.0000 0.0000 0.0000 0.0000 0.0000 0.0000 0.0000 0.0000 0.0000 0.0000 0.0000 0.0000 0.0000 0.0000 0.0000 0.0000 0.0000 0.0000 0.0000 0.0000 6.3196 0.7215 -13.0141 -1.8461 1.3459 21.7456 0.0000 0.0000 0.0000 0.0000 0.0000 0.0000 10.0000 0.0000 0.0000 10.0000 0.0000 0.0000 0.0000 0.0000 0.0000 20.0000 0.0000 0.0000 10.0000 0.0000 0.0000 0.0000 0.0000 0.0000 20.0000 0.0000 0.0000 10.0000 0.0000 0.0000 0.0000 0.0000 0.0000 20.0000 0.0000 0.0000 10.0000 0.0000 0.0000 0.0000 0.0000 0.0000 20.0000 0.0000 0.0000 10.0000 0.0000 0.0000 0.0000 0.0000 0.0000 47.3243 -4.1159 9.3762 -52.8691 0.4407 -5.5663 0.0000 0.0000 0.0000 0.0000 0.0000 0.0000 10.0000 0.0000 0.0000 10.0000 0.0000 0.0000 0.0000 0.0000 0.0000 20.0000 0.0000 0.0000 10.0000 0.0000 0.0000 0.0000 0.0000 0.0000 20.0000 0.0000 0.0000 10.0000 0.0000 0.0000 0.0000 0.0000 0.0000 20.0000 0.0000 0.0000 10.0000 0.0000 0.0000 0.0000 0.0000 0.0000 20.0000 0.0000 0.0000 10.0000 0.0000 0.0000 0.0000 0.0000 0.0000 0.0000 0.0000 0.0000 0.0000 0.0000 0.0000 0.0000 0.0000 0.0000 0.0000 0.0000 0.0000 0.0000 0.0000 0.0000
